code_commune_INSEE,code_postal,nom_commune_complet,code_departement
1001,1400,L'Abergement-Clémenciat,01
1002,1640,L'Abergement-de-Varey,01
1004,1500,Ambérieu-en-Bugey,01
1005,1330,Ambérieux-en-Dombes,01
1006,1300,Ambléon,01
1007,1500,Ambronay,01
1008,1500,Ambutrix,01
1009,1300,Andert-et-Condon,01
1010,1350,Anglefort,01
1011,1100,Apremont,01
1012,1110,Aranc,01
1013,1230,Arandas,01
1014,1100,Arbent,01
1015,1300,Arboys en Bugey,01
1016,1190,Arbigny,01
1017,1230,Argis,01
1019,1510,Armix,01
1021,1480,Ars-sur-Formans,01
1022,1510,Artemare,01
1023,1570,Asnières-sur-Saône,01
1024,1340,Attignat,01
1025,1380,Bâgé-Dommartin,01
1026,1380,Bâgé-le-Châtel,01
1027,1360,Balan,01
1028,1990,Baneins,01
1029,1270,Beaupont,01
1030,1480,Beauregard,01
1031,1100,Bellignat,01
1032,1360,Béligneux,01
1033,1200,Bellegarde-sur-Valserine,01
1034,1300,Belley,01
1035,1130,Belleydoux,01
1036,1260,Belmont-Luthézieu,01
1037,1470,Bénonces,01
1038,1370,Bény,01
1039,1350,Béon,01
1040,1340,Béréziat,01
1041,1500,Bettant,01
1042,1290,Bey,01
1043,1700,Beynost,01
1044,1200,Billiat,01
1045,1330,Birieux,01
1046,1290,Biziat,01
1047,1150,Blyes,01
1049,1120,La Boisse,01
1050,1190,Boissey,01
1051,1450,Bolozon,01
1052,1330,Bouligneux,01
1053,1000,Bourg-en-Bresse,01
1054,1800,Bourg-Saint-Christophe,01
1056,1640,Boyeux-Saint-Jérôme,01
1057,1190,Boz,01
1058,1300,Brégnier-Cordon,01
1059,1260,Brénaz,01
1060,1110,Brénod,01
1061,1300,Brens,01
1062,1360,Bressolles,01
1063,1460,Brion,01
1064,1470,Briord,01
1065,1310,Buellas,01
1066,1510,La Burbanche,01
1067,1430,Ceignes,01
1068,1450,Cerdon,01
1069,1240,Certines,01
1071,1170,Cessy,01
1072,1250,Ceyzériat,01
1073,1350,Ceyzérieu,01
1074,1320,Chalamont,01
1075,1480,Chaleins,01
1076,1230,Chaley,01
1077,1450,Challes-la-Montagne,01
1078,1630,Challex,01
1079,1260,Champagne-en-Valromey,01
1080,1110,Champdor-Corcelles,01
1081,1410,Champfromier,01
1082,1420,Chanay,01
1083,1990,Chaneins,01
1084,1400,Chanoz-Châtenay,01
1085,1240,La Chapelle-du-Châtelard,01
1087,1130,Charix,01
1088,1800,Charnoz-sur-Ain,01
1089,1500,Château-Gaillard,01
1090,1320,Châtenay,01
1091,1200,Châtillon-en-Michaille,01
1092,1320,Châtillon-la-Palud,01
1093,1400,Châtillon-sur-Chalaronne,01
1094,1190,Chavannes-sur-Reyssouze,01
1095,1250,Nivigne et Suran,01
1096,1660,Chaveyriat,01
1097,1510,Chavornay,01
1098,1300,Chazey-Bons,01
1099,1150,Chazey-sur-Ain,01
1100,1510,Cheignieu-la-Balme,01
1101,1430,Chevillard,01
1102,1190,Chevroux,01
1103,1170,Chevry,01
1104,1200,Chézery-Forens,01
1105,1390,Civrieux,01
1106,1250,Cize,01
1107,1230,Cleyzieu,01
1108,1270,Coligny,01
1109,1550,Collonges,01
1110,1300,Colomieu,01
1111,1230,Conand,01
1112,1430,Condamine,01
1113,1400,Condeissiat,01
1114,1200,Confort,01
1115,1310,Confrançon,01
1116,1300,Contrevoz,01
1117,1300,Conzieu,01
1118,1420,Corbonod,01
1121,1110,Corlier,01
1122,1110,Cormaranche-en-Bugey,01
1123,1290,Cormoranche-sur-Saône,01
1124,1560,Cormoz,01
1125,1250,Corveissiat,01
1127,1370,Courmangoux,01
1128,1560,Courtes,01
1129,1320,Crans,01
1130,1340,Cras-sur-Reyssouze,01
1133,1350,Cressin-Rochefort,01
1134,1290,Crottet,01
1135,1170,Crozet,01
1136,1290,Cruzilles-lès-Mépillat,01
1138,1350,Culoz,01
1139,1560,Curciat-Dongalon,01
1140,1310,Curtafond,01
1141,1300,Cuzieu,01
1142,1120,Dagneux,01
1143,1220,Divonne-les-Bains,01
1144,1380,Dommartin,01
1145,1240,Dompierre-sur-Veyle,01
1146,1400,Dompierre-sur-Chalaronne,01
1147,1270,Domsure,01
1148,1590,Dortan,01
1149,1500,Douvres,01
1150,1250,Drom,01
1151,1160,Druillat,01
1152,1130,Échallon,01
1153,1170,Échenevex,01
1154,1340,Étrez,01
1155,1230,Évosges,01
1156,1800,Faramans,01
1157,1480,Fareins,01
1158,1550,Farges,01
1159,1570,Feillens,01
1160,1210,Ferney-Voltaire,01
1162,1350,Flaxieu,01
1163,1340,Foissiat,01
1165,1090,Francheleins,01
1166,1480,Frans,01
1167,1140,Garnerans,01
1169,1090,Genouilleux,01
1170,1460,Béard-Géovreissiat,01
1171,1100,Géovreisset,01
1172,1250,Germagnat,01
1173,1170,Gex,01
1174,1130,Giron,01
1175,1190,Gorrevod,01
1177,1250,Grand-Corent,01
1179,1290,Grièges,01
1180,1220,Grilly,01
1181,1100,Groissiat,01
1183,1090,Guéreins,01
1184,1250,Hautecourt-Romanèche,01
1185,1110,Hauteville-Lompnes,01
1186,1110,Hostiaz,01
1187,1260,Haut Valromey,01
1188,1140,Illiat,01
1189,1200,Injoux-Génissiat,01
1190,1680,Innimond,01
1191,1430,Izenave,01
1192,1580,Izernore,01
1193,1300,Izieu,01
1194,1480,Jassans-Riottier,01
1195,1250,Jasseron,01
1196,1340,Jayat,01
1197,1250,Journans,01
1198,1800,Joyeux,01
1199,1640,Jujurieux,01
1200,1450,Labalme,01
1202,1150,Lagnieu,01
1203,1290,Laiz,01
1204,1130,Le Poizat-Lalleyriat,01
1205,1200,Lancrans,01
1206,1430,Lantenay,01
1207,1330,Lapeyrouse,01
1208,1350,Lavours,01
1209,1200,Léaz,01
1210,1410,Lélex,01
1211,1240,Lent,01
1212,1560,Lescheroux,01
1213,1150,Leyment,01
1214,1450,Leyssard,01
1215,1420,Lhôpital,01
1216,1680,Lhuis,01
1218,1260,Lochieu,01
1219,1680,Lompnas,01
1221,1260,Lompnieu,01
1224,1360,Loyettes,01
1225,1090,Lurcy,01
1227,1300,Magnieu,01
1228,1430,Maillat,01
1229,1340,Malafretaz,01
1230,1560,Mantenay-Montlin,01
1231,1570,Manziat,01
1232,1851,Marboz,01
1233,1680,Marchamp,01
1234,1300,Marignieu,01
1235,1240,Marlieux,01
1236,1340,Marsonnas,01
1237,1100,Martignat,01
1238,1600,Massieux,01
1239,1300,Massignieu-de-Rives,01
1240,1580,Matafelon-Granges,01
1241,1370,Meillonnas,01
1242,1450,Mérignat,01
1243,1480,Messimy-sur-Saône,01
1244,1800,Meximieux,01
1245,1250,Bohas-Meyriat-Rignat,01
1246,1660,Mézériat,01
1247,1170,Mijoux,01
1248,1390,Mionnay,01
1249,1700,Miribel,01
1250,1600,Misérieux,01
1252,1140,Mogneneins,01
1254,1250,Montagnat,01
1255,1470,Montagnieu,01
1257,1200,Montanges,01
1258,1090,Montceaux,01
1259,1310,Montcet,01
1260,1800,Le Montellier,01
1261,1390,Monthieux,01
1262,1120,Montluel,01
1263,1090,Montmerle-sur-Saône,01
1264,1310,Montracol,01
1265,1460,Montréal-la-Cluse,01
1266,1340,Montrevel-en-Bresse,01
1267,1460,Nurieux-Volognat,01
1268,1300,Murs-et-Gélignieux,01
1269,1130,Nantua,01
1272,1400,Neuville-les-Dames,01
1273,1160,Neuville-sur-Ain,01
1274,1130,Les Neyrolles,01
1275,1700,Neyron,01
1276,1120,Niévroz,01
1277,1230,Nivollet-Montgriffon,01
1279,1230,Oncieu,01
1280,1510,Ordonnaz,01
1281,1210,Ornex,01
1282,1430,Outriaz,01
1283,1100,Oyonnax,01
1284,1190,Ozan,01
1285,1600,Parcieux,01
1286,1300,Parves et Nattages,01
1288,1630,Péron,01
1289,1960,Péronnas,01
1290,1800,Pérouges,01
1291,1540,Perrex,01
1293,1430,Peyriat,01
1294,1300,Peyrieu,01
1295,1140,Peyzieux-sur-Saône,01
1296,1270,Pirajoux,01
1297,1120,Pizay,01
1298,1130,Plagne,01
1299,1330,Le Plantay,01
1301,1310,Polliat,01
1302,1350,Pollieu,01
1303,1450,Poncin,01
1304,1160,Pont-d'Ain,01
1305,1190,Pont-de-Vaux,01
1306,1290,Pont-de-Veyle,01
1307,1460,Port,01
1308,1550,Pougny,01
1309,1250,Pouillat,01
1310,1300,Prémeyzel,01
1311,1110,Prémillieu,01
1313,1280,Prévessin-Moëns,01
1314,1160,Priay,01
1316,1510,Pugieu,01
1317,1250,Ramasse,01
1318,1390,Rancé,01
1319,1990,Relevant,01
1320,1750,Replonges,01
1321,1250,Revonnas,01
1322,1600,Reyrieux,01
1323,1190,Reyssouze,01
1325,1800,Rignieux-le-Franc,01
1328,1400,Romans,01
1329,1510,Rossillon,01
1330,1260,Ruffieu,01
1331,1450,Saint-Alban,01
1332,1380,Saint-André-de-Bâgé,01
1333,1390,Saint-André-de-Corcy,01
1334,1290,Saint-André-d'Huiriat,01
1335,1240,Saint-André-le-Bouchoux,01
1336,1960,Saint-André-sur-Vieux-Jonc,01
1337,1190,Saint-Bénigne,01
1338,1300,Groslée-Saint-Benoit,01
1339,1600,Saint-Bernard,01
1341,1300,Saint-Champ,01
1342,1120,Sainte-Croix,01
1343,1380,Saint-Cyr-sur-Menthon,01
1344,1000,Saint-Denis-lès-Bourg,01
1345,1500,Saint-Denis-en-Bugey,01
1346,1340,Saint-Didier-d'Aussiat,01
1347,1600,Saint-Didier-de-Formans,01
1348,1140,Saint-Didier-sur-Chalaronne,01
1349,1800,Saint-Éloi,01
1350,1370,Saint-Étienne-du-Bois,01
1351,1140,Saint-Étienne-sur-Chalaronne,01
1352,1190,Saint-Étienne-sur-Reyssouze,01
1353,1600,Sainte-Euphémie,01
1354,1630,Saint-Genis-Pouilly,01
1355,1380,Saint-Genis-sur-Menthon,01
1356,1400,Saint-Georges-sur-Renon,01
1357,1130,Saint-Germain-de-Joux,01
1358,1300,Saint-Germain-les-Paroisses,01
1359,1240,Saint-Germain-sur-Renon,01
1360,1630,Saint-Jean-de-Gonville,01
1361,1800,Saint-Jean-de-Niost,01
1362,1390,Saint-Jean-de-Thurigneux,01
1363,1640,Saint-Jean-le-Vieux,01
1364,1560,Saint-Jean-sur-Reyssouze,01
1365,1290,Saint-Jean-sur-Veyle,01
1366,1150,Sainte-Julie,01
1367,1560,Saint-Julien-sur-Reyssouze,01
1368,1540,Saint-Julien-sur-Veyle,01
1369,1250,Saint-Just,01
1370,1750,Saint-Laurent-sur-Saône,01
1371,1390,Saint-Marcel,01
1372,1510,Saint-Martin-de-Bavel,01
1373,1430,Saint-Martin-du-Frêne,01
1374,1160,Saint-Martin-du-Mont,01
1375,1310,Saint-Martin-le-Châtel,01
1376,1700,Saint-Maurice-de-Beynost,01
1378,1800,Saint-Maurice-de-Gourdans,01
1379,1500,Saint-Maurice-de-Rémens,01
1380,1560,Saint-Nizier-le-Bouchoux,01
1381,1320,Saint-Nizier-le-Désert,01
1382,1330,Sainte-Olive,01
1383,1240,Saint-Paul-de-Varax,01
1384,1230,Saint-Rambert-en-Bugey,01
1385,1310,Saint-Rémy,01
1386,1150,Saint-Sorlin-en-Bugey,01
1387,1340,Saint-Sulpice,01
1388,1560,Saint-Trivier-de-Courtes,01
1389,1990,Saint-Trivier-sur-Moignans,01
1390,1150,Saint-Vulbas,01
1391,1270,Salavre,01
1392,1580,Samognat,01
1393,1400,Sandrans,01
1396,1150,Sault-Brénaz,01
1397,1220,Sauverny,01
1398,1480,Savigneux,01
1399,1170,Ségny,01
1400,1470,Seillonnaz,01
1401,1630,Sergy,01
1402,1190,Sermoyer,01
1403,1470,Serrières-de-Briord,01
1404,1450,Serrières-sur-Ain,01
1405,1960,Servas,01
1406,1560,Servignat,01
1407,1420,Seyssel,01
1408,1250,Simandre-sur-Suran,01
1410,1580,Sonthonnax-la-Montagne,01
1411,1150,Souclin,01
1412,1400,Sulignat,01
1413,1420,Surjoux,01
1414,1260,Sutrieu,01
1415,1510,Talissieu,01
1416,1230,Tenay,01
1417,1110,Thézillieu,01
1418,1120,Thil,01
1419,1710,Thoiry,01
1420,1140,Thoissey,01
1421,1230,Torcieu,01
1422,1250,Tossiat,01
1423,1600,Toussieux,01
1424,1390,Tramoyes,01
1425,1160,La Tranclière,01
1426,1370,Val-Revermont,01
1427,1600,Trévoux,01
1428,1140,Valeins,01
1429,1660,Vandeins,01
1430,1160,Varambon,01
1431,1150,Vaux-en-Bugey,01
1432,1270,Verjon,01
1433,1560,Vernoux,01
1434,1330,Versailleux,01
1435,1210,Versonnex,01
1436,1170,Vesancy,01
1437,1560,Vescours,01
1439,1570,Vésines,01
1441,1430,Vieu-d'Izenave,01
1442,1260,Vieu,01
1443,1330,Villars-les-Dombes,01
1444,1150,Villebois,01
1445,1270,Villemotier,01
1446,1480,Villeneuve,01
1447,1250,Villereversure,01
1448,1200,Villes,01
1449,1320,Villette-sur-Ain,01
1450,1800,Villieu-Loyes-Mollon,01
1451,1440,Viriat,01
1452,1510,Virieu-le-Grand,01
1453,1260,Virieu-le-Petit,01
1454,1300,Virignin,01
1456,1350,Vongnes,01
1457,1540,Vonnas,01
2001,2300,Abbécourt,02
2002,2800,Achery,02
2003,2200,Acy,02
2004,2340,Agnicourt-et-Séchelles,02
2005,2190,Aguilcourt,02
2006,2110,Aisonville-et-Bernoville,02
2007,2820,Aizelles,02
2008,2370,Aizy-Jouy,02
2009,2240,Alaincourt,02
2010,2320,Allemant,02
2011,2290,Ambleny,02
2012,2200,Ambrief,02
2013,2190,Amifontaine,02
2014,2700,Amigny-Rouy,02
2015,2600,Ancienville,02
2016,2800,Andelain,02
2017,2800,Anguilcourt-le-Sart,02
2018,2320,Anizy-le-Château,02
2019,2480,Annois,02
2020,2500,Any-Martin-Rieux,02
2021,2360,Archon,02
2022,2130,Arcy-Sainte-Restitue,02
2023,2210,Armentières-sur-Ourcq,02
2024,2860,Arrancy,02
2025,2480,Artemps,02
2027,2270,Assis-sur-Serre,02
2028,2840,Athies-sous-Laon,02
2029,2490,Attilly,02
2030,2420,Aubencheul-aux-Bois,02
2031,2500,Aubenton,02
2032,2590,Aubigny-aux-Kaisnes,02
2033,2820,Aubigny-en-Laonnois,02
2034,2300,Audignicourt,02
2035,2120,Audigny,02
2036,2220,Augy,02
2037,2000,Aulnois-sous-Laon,02
2038,2360,Les Autels,02
2039,2250,Autremencourt,02
2040,2580,Autreppes,02
2041,2300,Autreville,02
2042,2400,Azy-sur-Marne,02
2043,2290,Bagneux,02
2044,2140,Bancigny,02
2046,2000,Barenton-Bugny,02
2047,2000,Barenton-Cel,02
2048,2270,Barenton-sur-Serre,02
2049,2700,Barisis-aux-Bois,02
2050,2170,Barzy-en-Thiérache,02
2051,2850,Barzy-sur-Marne,02
2052,2380,Bassoles-Aulers,02
2053,2330,Vallées en Champagne,02
2054,2220,Bazoches-sur-Vesles,02
2055,2500,Beaumé,02
2056,2300,Beaumont-en-Beine,02
2057,2110,Beaurevoir,02
2058,2160,Beaurieux,02
2059,2800,Beautor,02
2060,2590,Beauvois-en-Vermandois,02
2061,2110,Becquigny,02
2062,2400,Belleau,02
2063,2420,Bellenglise,02
2064,2200,Belleu,02
2065,2420,Bellicourt,02
2066,2440,Benay,02
2067,2450,Bergues-sur-Sambre,02
2068,2250,Berlancourt,02
2069,2340,Berlise,02
2070,2120,Bernot,02
2071,2290,Berny-Rivière,02
2072,2820,Berrieux,02
2073,2190,Berry-au-Bac,02
2074,2800,Bertaucourt-Epourdon,02
2075,2240,Berthenicourt,02
2076,2190,Bertricourt,02
2077,2200,Berzy-le-Sec,02
2078,2300,Besmé,02
2079,2500,Besmont,02
2080,2870,Besny-et-Loizy,02
2081,2300,Béthancourt-en-Vaux,02
2082,2210,Beugneux,02
2083,2130,Beuvardes,02
2084,2310,Bézu-le-Guéry,02
2085,2400,Bézu-Saint-Germain,02
2086,2300,Bichancourt,02
2087,2290,Bieuxy,02
2088,2860,Bièvres,02
2089,2200,Billy-sur-Aisne,02
2090,2210,Billy-sur-Ourcq,02
2091,2160,Blanzy-lès-Fismes,02
2093,2300,Blérancourt,02
2094,2400,Blesmes,02
2095,2110,Bohain-en-Vermandois,02
2096,2270,Bois-lès-Pargny,02
2097,2350,Boncourt,02
2098,2400,Bonneil,02
2099,2400,Bonnesvalyn,02
2100,2420,Bony,02
2101,2250,Bosmont-sur-Serre,02
2102,2860,Bouconville-Vauclair,02
2103,2450,Boué,02
2104,2160,Bouffignereux,02
2105,2400,Bouresches,02
2106,2160,Bourg-et-Comin,02
2107,2300,Bourguignon-sous-Coucy,02
2108,2000,Bourguignon-sous-Montbavin,02
2109,2140,La Bouteille,02
2110,2220,Braine,02
2111,2320,Brancourt-en-Laonnois,02
2112,2110,Brancourt-le-Grand,02
2114,2400,Brasles,02
2115,2000,Braye-en-Laonnois,02
2116,2140,Braye-en-Thiérache,02
2117,2480,Bray-Saint-Christophe,02
2118,2880,Braye,02
2119,2210,Brécy,02
2120,2220,Brenelle,02
2121,2210,Breny,02
2122,2870,Brie,02
2123,2240,Brissay-Choigny,02
2124,2240,Brissy-Hamégicourt,02
2125,2810,Brumetz,02
2126,2360,Brunehamel,02
2127,2130,Bruyères-sur-Fère,02
2128,2860,Bruyères-et-Montbérault,02
2129,2220,Bruys,02
2130,2500,Bucilly,02
2131,2880,Bucy-le-Long,02
2132,2870,Bucy-lès-Cerny,02
2133,2350,Bucy-lès-Pierrepont,02
2134,2500,Buire,02
2135,2620,Buironfosse,02
2136,2140,Burelles,02
2137,2810,Bussiares,02
2138,2200,Buzancy,02
2139,2300,Caillouël-Crépigny,02
2140,2300,Camelin,02
2141,2260,La Capelle,02
2142,2680,Castres,02
2143,2420,Le Catelet,02
2144,2490,Caulaincourt,02
2145,2300,Caumont,02
2146,2330,Celles-lès-Condé,02
2148,2370,Celles-sur-Aisne,02
2149,2240,Cerizy,02
2150,2860,Cerny-en-Laonnois,02
2151,2870,Cerny-lès-Bucy,02
2152,2220,Cerseuil,02
2153,2320,Cessières,02
2154,2200,Chacrise,02
2155,2000,Chaillevois,02
2156,2270,Chalandry,02
2157,2000,Chambry,02
2158,2860,Chamouille,02
2159,2670,Champs,02
2160,2340,Chaourse,02
2162,2570,La Chapelle-sur-Chézy,02
2163,2310,Charly-sur-Marne,02
2164,2850,Le Charmel,02
2165,2800,Charmes,02
2166,2400,Chartèves,02
2167,2370,Chassemy,02
2168,2400,Château-Thierry,02
2169,2270,Châtillon-lès-Sons,02
2170,2240,Châtillon-sur-Oise,02
2171,2160,Chaudardes,02
2172,2200,Chaudun,02
2173,2300,Chauny,02
2174,2000,Chavignon,02
2175,2880,Chavigny,02
2176,2370,Chavonne,02
2177,2860,Chérêt,02
2178,2860,Chermizy-Ailles,02
2179,2220,Chéry-Chartreuve,02
2180,2000,Chéry-lès-Pouilly,02
2181,2360,Chéry-lès-Rozoy,02
2182,2250,Chevennes,02
2183,2000,Chevregny,02
2184,2270,Chevresis-Monceau,02
2185,2810,Chézy-en-Orxois,02
2186,2570,Chézy-sur-Marne,02
2187,2400,Chierry,02
2188,2120,Chigny,02
2189,2350,Chivres-en-Laonnois,02
2190,2880,Chivres-Val,02
2191,2000,Chivy-lès-Étouvelles,02
2192,2210,Chouy,02
2193,2130,Cierges,02
2194,2250,Cilly,02
2195,2220,Ciry-Salsogne,02
2196,2000,Clacy-et-Thierret,02
2197,2260,Clairfontaine,02
2198,2880,Clamecy,02
2199,2440,Clastres,02
2200,2340,Clermont-les-Fermes,02
2201,2600,Cœuvres-et-Valsery,02
2203,2210,Coincy,02
2204,2360,Coingt,02
2205,2860,Colligis-Crandelain,02
2206,2120,Colonfay,02
2207,2300,Commenchon,02
2208,2160,Concevreux,02
2209,2330,Condé-en-Brie,02
2210,2370,Condé-sur-Aisne,02
2211,2190,Condé-sur-Suippe,02
2212,2700,Condren,02
2213,2330,Connigis,02
2214,2680,Contescourt,02
2215,2820,Corbeny,02
2216,2600,Corcy,02
2217,2380,Coucy-le-Château-Auffrique,02
2218,2840,Coucy-lès-Eppes,02
2219,2380,Coucy-la-Ville,02
2220,2130,Coulonges-Cohan,02
2221,2310,Coupru,02
2222,2800,Courbes,02
2223,2330,Courboin,02
2224,2220,Courcelles-sur-Vesle,02
2225,2810,Courchamps,02
2226,2200,Courmelles,02
2227,2130,Courmont,02
2228,2850,Courtemont-Varennes,02
2229,2820,Courtrizy-et-Fussigny,02
2230,2220,Couvrelles,02
2231,2270,Couvron-et-Aumencourt,02
2232,2600,Coyolles,02
2233,2130,Cramaille,02
2234,2160,Craonne,02
2235,2160,Craonnelle,02
2236,2380,Crécy-au-Mont,02
2237,2270,Crécy-sur-Serre,02
2238,2870,Crépy,02
2239,2650,Crézancy,02
2240,2110,Croix-Fonsomme,02
2241,2210,La Croix-sur-Ourcq,02
2242,2310,Crouttes-sur-Marne,02
2243,2880,Crouy,02
2244,2120,Crupilly,02
2245,2880,Cuffies,02
2246,2480,Cugny,02
2248,2350,Cuirieux,02
2249,2220,Cuiry-Housse,02
2250,2160,Cuiry-lès-Chaudardes,02
2251,2360,Cuiry-lès-Iviers,02
2252,2160,Cuissy-et-Geny,02
2253,2200,Cuisy-en-Almont,02
2254,2600,Cutry,02
2255,2220,Cys-la-Commune,02
2256,2140,Dagny-Lambercy,02
2257,2680,Dallon,02
2258,2470,Dammard,02
2259,2600,Dampleux,02
2260,2800,Danizy,02
2261,2270,Dercy,02
2262,2700,Deuillet,02
2263,2220,Dhuizel,02
2264,2340,Dizy-le-Gros,02
2265,2360,Dohis,02
2266,2360,Dolignon,02
2267,2600,Dommiers,02
2268,2310,Domptin,02
2269,2450,Dorengt,02
2270,2590,Douchy,02
2271,2130,Dravegny,02
2272,2210,Droizy,02
2273,2480,Dury,02
2274,2350,Ébouleau,02
2275,2500,Effry,02
2276,2260,Englancourt,02
2277,2290,Épagny,02
2278,2500,Éparcy,02
2279,2400,Épaux-Bézu,02
2280,2400,Épieds,02
2281,2540,L'Épine-aux-Bois,02
2282,2840,Eppes,02
2283,2250,Erlon,02
2284,2260,Erloy,02
2286,2170,Esquéhéries,02
2287,2690,Essigny-le-Grand,02
2288,2100,Essigny-le-Petit,02
2289,2570,Essises,02
2290,2400,Essômes-sur-Marne,02
2291,2420,Estrées,02
2292,2400,Étampes-sur-Marne,02
2293,2110,Étaves-et-Bocquiaux,02
2294,2000,Étouvelles,02
2295,2580,Étréaupont,02
2296,2590,Étreillers,02
2297,2400,Étrépilly,02
2298,2510,Étreux,02
2299,2190,Évergnicourt,02
2301,2320,Faucoucourt,02
2302,2600,Faverolles,02
2303,2100,Fayet,02
2304,2800,La Fère,02
2305,2130,Fère-en-Tardenois,02
2306,2270,La Ferté-Chevresis,02
2307,2460,La Ferté-Milon,02
2308,2450,Fesmy-le-Sart,02
2309,2840,Festieux,02
2310,2110,Fieulaine,02
2311,2000,Filain,02
2312,2260,La Flamengrie,02
2313,2120,Flavigny-le-Grand-et-Beaurain,02
2315,2520,Flavy-le-Martel,02
2316,2600,Fleury,02
2317,2590,Fluquières,02
2318,2670,Folembray,02
2319,2110,Fonsomme,02
2320,2680,Fontaine-lès-Clercs,02
2321,2140,Fontaine-lès-Vervins,02
2322,2110,Fontaine-Notre-Dame,02
2323,2110,Fontaine-Uterte,02
2324,2170,Fontenelle,02
2326,2290,Fontenoy,02
2327,2590,Foreste,02
2328,2650,Fossoy,02
2329,2870,Fourdrain,02
2330,2760,Francilly-Selency,02
2331,2140,Franqueville,02
2332,2130,Fresnes-en-Tardenois,02
2333,2380,Fresnes-sous-Coucy,02
2334,2230,Fresnoy-le-Grand,02
2335,2800,Fressancourt,02
2336,2700,Frières-Faillouël,02
2337,2260,Froidestrées,02
2338,2270,Froidmont-Cohartille,02
2339,2810,Gandelu,02
2340,2430,Gauchy,02
2341,2140,Gercy,02
2342,2260,Gergny,02
2343,2590,Germaine,02
2344,2160,Gernicourt,02
2345,2440,Gibercourt,02
2346,2350,Gizy,02
2347,2400,Gland,02
2349,2820,Goudelancourt-lès-Berrieux,02
2350,2350,Goudelancourt-lès-Pierrepont,02
2351,2130,Goussancourt,02
2352,2420,Gouy,02
2353,2350,Grandlup-et-Fay,02
2354,2360,Grandrieux,02
2355,2100,Gricourt,02
2356,2210,Grisolles,02
2357,2140,Gronard,02
2358,2110,Grougis,02
2359,2680,Grugies,02
2360,2190,Guignicourt,02
2361,2120,Guise,02
2362,2300,Guivry,02
2363,2300,Guny,02
2364,2160,Guyencourt,02
2366,2510,Hannapes,02
2367,2480,Happencourt,02
2368,2600,Haramont,02
2369,2140,Harcigny,02
2370,2420,Hargicourt,02
2371,2100,Harly,02
2372,2210,Hartennes-et-Taux,02
2373,2140,Hary,02
2374,2420,Lehaucourt,02
2375,2810,Hautevesnes,02
2376,2120,Hauteville,02
2377,2140,Haution,02
2378,2500,La Hérie,02
2379,2120,Le Hérie-la-Viéville,02
2380,2440,Hinacourt,02
2381,2500,Hirson,02
2382,2760,Holnon,02
2383,2720,Homblières,02
2384,2140,Houry,02
2385,2250,Housset,02
2386,2510,Iron,02
2387,2240,Itancourt,02
2388,2360,Iviers,02
2389,2850,Jaulgonne,02
2390,2490,Jeancourt,02
2391,2140,Jeantes,02
2392,2420,Joncourt,02
2393,2220,Jouaignes,02
2395,2380,Jumencourt,02
2396,2160,Jumigny,02
2397,2480,Jussy,02
2398,2880,Juvigny,02
2399,2190,Juvincourt-et-Damary,02
2400,2880,Laffaux,02
2401,2140,Laigny,02
2402,2590,Lanchy,02
2403,2120,Landifay-et-Bertaignemont,02
2404,2140,Landouzy-la-Cour,02
2405,2140,Landouzy-la-Ville,02
2406,2380,Landricourt,02
2407,2000,Laniscourt,02
2408,2000,Laon,02
2409,2150,Lappion,02
2410,2600,Largny-sur-Automne,02
2411,2210,Latilly,02
2412,2210,Launoy,02
2413,2860,Laval-en-Laonnois,02
2414,2450,Lavaqueresse,02
2415,2600,Laversine,02
2416,2140,Lemé,02
2417,2420,Lempire,02
2418,2260,Lerzy,02
2419,2170,Leschelle,02
2420,2100,Lesdins,02
2421,2220,Lesges,02
2422,2120,Lesquielles-Saint-Germain,02
2423,2380,Leuilly-sous-Coucy,02
2424,2880,Leury,02
2425,2500,Leuze,02
2426,2420,Levergies,02
2427,2220,Lhuys,02
2428,2810,Licy-Clignon,02
2429,2860,Lierval,02
2430,2350,Liesse-Notre-Dame,02
2431,2700,Liez,02
2432,2220,Limé,02
2433,2340,Lislet,02
2434,2320,Lizy,02
2435,2500,Logny-lès-Aubenton,02
2438,2600,Longpont,02
2439,2160,Les Septvallons,02
2440,2190,Lor,02
2441,2600,Louâtre,02
2442,2130,Loupeigne,02
2443,2400,Lucy-le-Bocage,02
2444,2140,Lugny,02
2445,2500,Luzoir,02
2446,2440,Ly-Fontaine,02
2447,2220,Maast-et-Violaine,02
2448,2350,Mâchecourt,02
2449,2470,Macogny,02
2450,2120,Macquigny,02
2451,2420,Magny-la-Fosse,02
2452,2490,Maissemy,02
2453,2160,Maizy,02
2454,2190,La Malmaison,02
2455,2120,Malzy,02
2456,2300,Manicamp,02
2457,2350,Marchais,02
2458,2330,Dhuys et Morin-en-Brie,02
2459,2720,Marcy,02
2460,2250,Marcy-sous-Marle,02
2461,2300,Marest-Dampcourt,02
2462,2130,Mareuil-en-Dôle,02
2463,2140,Marfontaine,02
2464,2880,Margival,02
2465,2810,Marigny-en-Orxois,02
2466,2470,Marizy-Sainte-Geneviève,02
2467,2470,Marizy-Saint-Mard,02
2468,2250,Marle,02
2469,2120,Marly-Gomont,02
2470,2500,Martigny,02
2471,2860,Martigny-Courpierre,02
2472,2820,Mauregny-en-Haye,02
2473,2800,Mayot,02
2474,2700,Mennessis,02
2475,2190,Menneville,02
2476,2630,Mennevret,02
2477,2200,Mercin-et-Vaux,02
2478,2000,Merlieux-et-Fouquerolles,02
2480,2270,Mesbrecourt-Richecourt,02
2481,2720,Mesnil-Saint-Laurent,02
2482,2160,Meurival,02
2483,2240,Mézières-sur-Oise,02
2484,2650,Mézy-Moulins,02
2485,2200,Missy-aux-Bois,02
2486,2350,Missy-lès-Pierrepont,02
2487,2880,Missy-sur-Aisne,02
2488,2110,Molain,02
2489,2000,Molinchart,02
2490,2000,Monampteuil,02
2491,2270,Monceau-le-Neuf-et-Faucouzy,02
2492,2270,Monceau-lès-Leups,02
2493,2840,Monceau-le-Waast,02
2494,2120,Monceau-sur-Oise,02
2495,2500,Mondrepuis,02
2496,2470,Monnes,02
2497,2000,Mons-en-Laonnois,02
2498,2820,Montaigu,02
2499,2000,Montbavin,02
2500,2110,Montbrehain,02
2501,2860,Montchâlons,02
2502,2340,Montcornet,02
2503,2390,Mont-d'Origny,02
2504,2440,Montescourt-Lizerolles,02
2505,2540,Montfaucon,02
2506,2600,Montgobert,02
2507,2210,Montgru-Saint-Hilaire,02
2508,2860,Monthenault,02
2509,2400,Monthiers,02
2510,2330,Monthurel,02
2511,2110,Montigny-en-Arrouaise,02
2512,2810,Montigny-l'Allier,02
2513,2250,Montigny-le-Franc,02
2514,2290,Montigny-Lengrain,02
2515,2330,Montigny-lès-Condé,02
2516,2250,Montigny-sous-Marle,02
2517,2270,Montigny-sur-Crécy,02
2518,2330,Montlevon,02
2519,2340,Montloué,02
2520,2220,Mont-Notre-Dame,02
2521,2310,Montreuil-aux-Lions,02
2522,2360,Mont-Saint-Jean,02
2523,2220,Mont-Saint-Martin,02
2524,2400,Mont-Saint-Père,02
2525,2100,Morcourt,02
2526,2360,Morgny-en-Thiérache,02
2527,2290,Morsain,02
2528,2600,Mortefontaine,02
2529,2270,Mortiers,02
2530,2160,Moulins,02
2531,2160,Moussy-Verneuil,02
2532,2610,Moÿ-de-l'Aisne,02
2533,2210,Muret-et-Crouttes,02
2534,2160,Muscourt,02
2535,2140,Nampcelles-la-Cour,02
2536,2200,Nampteuil-sous-Muret,02
2537,2880,Nanteuil-la-Fosse,02
2538,2210,Nanteuil-Notre-Dame,02
2539,2420,Nauroy,02
2540,2400,Nesles-la-Montagne,02
2541,2190,Neufchâtel-sur-Aisne,02
2542,2300,Neuflieux,02
2543,2470,Neuilly-Saint-Front,02
2544,2500,Neuve-Maison,02
2545,2250,La Neuville-Bosmont,02
2546,2300,La Neuville-en-Beine,02
2547,2250,La Neuville-Housset,02
2548,2450,La Neuville-lès-Dorengt,02
2549,2100,Neuville-Saint-Amand,02
2550,2860,Neuville-sur-Ailette,02
2551,2880,Neuville-sur-Margival,02
2552,2390,Neuvillette,02
2553,2150,Nizy-le-Comte,02
2554,2400,Nogentel,02
2555,2310,Nogent-l'Artaud,02
2556,2340,Noircourt,02
2557,2600,Noroy-sur-Ourcq,02
2558,2170,Le Nouvion-en-Thiérache,02
2559,2270,Nouvion-et-Catillon,02
2560,2800,Nouvion-le-Comte,02
2561,2860,Nouvion-le-Vineux,02
2562,2290,Nouvron-Vingré,02
2563,2120,Noyales,02
2564,2200,Noyant-et-Aconin,02
2565,2160,Œuilly,02
2566,2300,Ognes,02
2567,2500,Ohis,02
2568,2600,Oigny-en-Valois,02
2569,2450,Oisy,02
2570,2480,Ollezy,02
2571,2100,Omissy,02
2572,2190,Orainville,02
2573,2860,Orgeval,02
2574,2550,Origny-en-Thiérache,02
2575,2390,Origny-Sainte-Benoite,02
2576,2290,Osly-Courtil,02
2577,2370,Ostel,02
2578,2160,Oulches-la-Vallée-Foulon,02
2579,2210,Oulchy-la-Ville,02
2580,2210,Oulchy-le-Château,02
2581,2220,Paars,02
2582,2160,Paissy,02
2583,2860,Pancy-Courtecon,02
2584,2260,Papleux,02
2585,2210,Parcy-et-Tigny,02
2586,2360,Parfondeval,02
2587,2840,Parfondru,02
2588,2160,Pargnan,02
2589,2000,Pargny-Filain,02
2590,2330,Pargny-la-Dhuys,02
2591,2270,Pargny-les-Bois,02
2592,2240,Parpeville,02
2593,2200,Pasly,02
2594,2470,Passy-en-Valois,02
2595,2850,Passy-sur-Marne,02
2596,2310,Pavant,02
2598,2200,Pernant,02
2599,2300,Pierremande,02
2600,2350,Pierrepont,02
2601,2190,Pignicourt,02
2602,2320,Pinon,02
2604,2480,Pithon,02
2605,2240,Pleine-Selve,02
2606,2210,Le Plessier-Huleu,02
2607,2200,Ploisy,02
2608,2140,Plomion,02
2609,2860,Ployart-et-Vaurseine,02
2610,2200,Pommiers,02
2612,2160,Pont-Arcy,02
2613,2160,Pontavert,02
2614,2490,Pontru,02
2615,2490,Pontruet,02
2616,2380,Pont-Saint-Mard,02
2617,2270,Pouilly-sur-Serre,02
2618,2110,Prémont,02
2619,2320,Prémontré,02
2620,2370,Presles-et-Boves,02
2621,2860,Presles-et-Thierny,02
2622,2470,Priez,02
2623,2140,Prisces,02
2624,2120,Proisy,02
2625,2120,Proix,02
2626,2190,Prouvais,02
2627,2190,Proviseux-et-Plesnoy,02
2628,2600,Puiseux-en-Retz,02
2629,2120,Puisieux-et-Clanlieu,02
2631,2300,Quierzy,02
2632,2380,Quincy-Basse,02
2633,2220,Quincy-sous-le-Mont,02
2634,2360,Raillimont,02
2635,2110,Ramicourt,02
2636,2240,Regny,02
2637,2100,Remaucourt,02
2638,2270,Remies,02
2639,2440,Remigny,02
2640,2240,Renansart,02
2641,2340,Renneval,02
2642,2360,Résigny,02
2643,2290,Ressons-le-Long,02
2644,2600,Retheuil,02
2645,2850,Reuilly-Sauvigny,02
2647,2110,Ribeauville,02
2648,2240,Ribemont,02
2649,2210,Rocourt-Saint-Martin,02
2650,2260,Rocquigny,02
2651,2800,Rogécourt,02
2652,2140,Rogny,02
2653,2310,Romeny-sur-Marne,02
2654,2120,Romery,02
2655,2130,Ronchères,02
2656,2160,Roucy,02
2657,2140,Rougeries,02
2658,2590,Roupy,02
2659,2100,Rouvroy,02
2660,2360,Rouvroy-sur-Serre,02
2661,2000,Royaucourt-et-Chailvet,02
2662,2210,Rozet-Saint-Albin,02
2663,2200,Rozières-sur-Crise,02
2664,2540,Rozoy-Bellevalle,02
2665,2210,Grand-Rozoy,02
2666,2360,Rozoy-sur-Serre,02
2667,2200,Saconin-et-Breuil,02
2668,2120,Sains-Richaumont,02
2670,2260,Saint-Algis,02
2671,2300,Saint-Aubin,02
2672,2290,Saint-Bandry,02
2673,2290,Saint-Christophe-à-Berry,02
2674,2360,Saint-Clément,02
2676,2820,Saint-Erme-Outre-et-Ramecourt,02
2677,2330,Saint-Eugène,02
2678,2340,Sainte-Geneviève,02
2679,2810,Saint-Gengoulph,02
2680,2410,Saint-Gobain,02
2681,2140,Saint-Gobert,02
2682,2220,Saint-Mard,02
2683,2110,Saint-Martin-Rivière,02
2684,2830,Saint-Michel,02
2685,2410,Saint-Nicolas-aux-Bois,02
2686,2300,Saint-Paul-aux-Bois,02
2687,2600,Saint-Pierre-Aigle,02
2688,2140,Saint-Pierre-lès-Franqueville,02
2689,2250,Saint-Pierremont,02
2690,2350,Sainte-Preuve,02
2691,2100,Saint-Quentin,02
2693,2210,Saint-Rémy-Blanzy,02
2694,2640,Saint-Simon,02
2695,2220,Saint-Thibaut,02
2696,2820,Saint-Thomas,02
2697,2840,Samoussy,02
2698,2880,Sancy-les-Cheminots,02
2699,2130,Saponay,02
2701,2310,Saulchery,02
2702,2590,Savy,02
2703,2110,Seboncourt,02
2704,2300,Selens,02
2705,2150,La Selve,02
2706,2200,Septmonts,02
2707,2410,Septvaux,02
2708,2420,Sequehart,02
2709,2110,Serain,02
2710,2790,Seraucourt-le-Grand,02
2711,2220,Serches,02
2713,2130,Seringes-et-Nesles,02
2714,2220,Sermoise,02
2715,2160,Serval,02
2716,2700,Servais,02
2717,2240,Séry-lès-Mézières,02
2718,2460,Silly-la-Poterie,02
2719,2300,Sinceny,02
2720,2150,Sissonne,02
2721,2240,Sissy,02
2722,2200,Soissons,02
2723,2340,Soize,02
2724,2470,Sommelans,02
2725,2260,Sommeron,02
2726,2480,Sommette-Eaucourt,02
2727,2270,Sons-et-Ronchères,02
2728,2580,Sorbais,02
2729,2600,Soucy,02
2730,2160,Soupir,02
2731,2140,Le Sourd,02
2732,2240,Surfontaine,02
2733,2320,Suzy,02
2734,2600,Taillefontaine,02
2735,2220,Tannières,02
2736,2290,Tartiers,02
2737,2250,Tavaux-et-Pontséricourt,02
2738,2700,Tergnier,02
2739,2880,Terny-Sorny,02
2740,2140,Thenailles,02
2741,2390,Thenelles,02
2742,2250,Thiernu,02
2743,2340,Le Thuel,02
2744,2810,Torcy-en-Valois,02
2745,2250,Toulis-et-Attencourt,02
2746,2800,Travecy,02
2747,2490,Trefcon,02
2748,2850,Trélou-sur-Marne,02
2749,2460,Troësnes,02
2750,2300,Trosly-Loire,02
2751,2860,Trucy,02
2752,2640,Tugny-et-Pont,02
2753,2120,Tupigny,02
2754,2300,Ugny-le-Gay,02
2755,2000,Urcel,02
2756,2690,Urvillers,02
2757,2120,Vadencourt,02
2758,2370,Vailly-sur-Aisne,02
2759,2140,La Vallée-au-Blé,02
2760,2110,La Vallée-Mulâtre,02
2761,2190,Variscourt,02
2762,2290,Vassens,02
2763,2220,Vasseny,02
2764,2160,Vassogne,02
2765,2000,Vaucelles-et-Beffecourt,02
2766,2320,Vaudesson,02
2767,2200,Vauxrezis,02
2768,2320,Vauxaillon,02
2769,2110,Vaux-Andigny,02
2770,2200,Vauxbuin,02
2772,2590,Vaux-en-Vermandois,02
2773,2220,Vauxtin,02
2774,2490,Vendelles,02
2775,2800,Vendeuil,02
2776,2420,Vendhuile,02
2777,2540,Vendières,02
2778,2160,Vendresse-Beaulne,02
2779,2510,Vénérolles,02
2780,2200,Venizel,02
2781,2400,Verdilly,02
2782,2490,Le Verguier,02
2783,2120,Grand-Verly,02
2784,2630,Petit-Verly,02
2785,2490,Vermand,02
2786,2380,Verneuil-sous-Coucy,02
2787,2000,Verneuil-sur-Serre,02
2788,2800,Versigny,02
2789,2140,Vervins,02
2790,2350,Vesles-et-Caumont,02
2791,2840,Veslud,02
2792,2810,Veuilly-la-Poterie,02
2793,2290,Vézaponin,02
2794,2130,Vézilly,02
2795,2290,Vic-sur-Aisne,02
2796,2210,Vichel-Nanteuil,02
2797,2160,Viel-Arcy,02
2798,2540,Viels-Maisons,02
2799,2210,Vierzy,02
2800,2540,Viffort,02
2801,2340,Vigneux-Hocquet,02
2802,2340,La Ville-aux-Bois-lès-Dizy,02
2803,2160,La Ville-aux-Bois-lès-Pontavert,02
2804,2210,Villemontoire,02
2805,2200,Villeneuve-Saint-Germain,02
2806,2130,Villeneuve-sur-Fère,02
2807,2300,Villequier-Aumont,02
2808,2420,Villeret,02
2809,2130,Villers-Agron-Aiguizy,02
2810,2600,Villers-Cotterêts,02
2812,2600,Villers-Hélon,02
2813,2240,Villers-le-Sec,02
2814,2120,Villers-lès-Guise,02
2815,2590,Villers-Saint-Christophe,02
2816,2130,Villers-sur-Fère,02
2817,2220,Ville-Savoye,02
2818,2310,Villiers-Saint-Denis,02
2819,2340,Vincy-Reuil-et-Magny,02
2820,2300,Viry-Noureuil,02
2821,2870,Vivaise,02
2822,2600,Vivières,02
2823,2140,Voharies,02
2824,2860,Vorges,02
2826,2140,Voulpaix,02
2827,2250,Voyenne,02
2828,2880,Vregny,02
2829,2880,Vuillery,02
2830,2630,Wassigny,02
2831,2830,Watigny,02
2832,2120,Wiège-Faty,02
2833,2500,Wimy,02
2834,2320,Wissignicourt,02
3001,3200,Abrest,03
3002,3210,Agonges,03
3003,3360,Ainay-le-Château,03
3004,3120,Andelaroche,03
3005,3380,Archignat,03
3006,3120,Arfeuilles,03
3007,3420,Arpheuilles-Saint-Priest,03
3008,3250,Arronnes,03
3009,3460,Aubigny,03
3010,3190,Audes,03
3011,3460,Aurouër,03
3012,3210,Autry-Issards,03
3013,3000,Avermes,03
3014,3130,Avrilly,03
3016,3140,Barberier,03
3017,3120,Barrais-Bussolles,03
3018,3500,Bayet,03
3019,3230,Beaulon,03
3020,3390,Beaune-d'Allier,03
3021,3800,Bègues,03
3022,3330,Bellenaves,03
3023,3700,Bellerive-sur-Allier,03
3024,3130,Bert,03
3025,3340,Bessay-sur-Allier,03
3026,3210,Besson,03
3027,3170,Bézenet,03
3028,3120,Billezois,03
3029,3260,Billy,03
3030,3800,Biozat,03
3031,3170,Bizeneuille,03
3032,3390,Blomard,03
3033,3300,Bost,03
3034,3150,Boucé,03
3035,3130,Le Bouchaud,03
3036,3160,Bourbon-l'Archambault,03
3037,3360,Braize,03
3038,3500,Bransat,03
3039,3210,Bresnay,03
3041,3350,Le Brethon,03
3042,3120,Le Breuil,03
3043,3110,Broût-Vernet,03
3044,3700,Brugheas,03
3045,3270,Busset,03
3046,3440,Buxières-les-Mines,03
3047,3600,La Celle,03
3048,3350,Cérilly,03
3049,3500,Cesset,03
3050,3250,La Chabanne,03
3051,3370,Chambérat,03
3052,3170,Chamblet,03
3053,3140,Chantelle,03
3054,3340,Chapeau,03
3055,3380,La Chapelaude,03
3056,3300,La Chapelle,03
3057,3230,La Chapelle-aux-Chasses,03
3058,3390,Chappes,03
3059,3140,Chareil-Cintrat,03
3060,3110,Charmeil,03
3062,3140,Charroux,03
3063,3510,Chassenard,03
3064,3320,Château-sur-Allier,03
3065,3500,Châtel-de-Neuvre,03
3066,3250,Châtel-Montagne,03
3067,3220,Châtelperron,03
3068,3120,Châtelus,03
3069,3210,Châtillon,03
3070,3440,Chavenon,03
3071,3220,Chavroches,03
3072,3370,Chazemais,03
3073,3210,Chemilly,03
3074,3230,Chevagnes,03
3075,3140,Chezelle,03
3076,3230,Chézy,03
3077,3330,Chirat-l'Église,03
3078,3450,Chouvigny,03
3079,3220,Cindré,03
3080,3110,Cognat-Lyonne,03
3081,3600,Colombier,03
3082,3600,Commentry,03
3083,3500,Contigny,03
3084,3430,Cosne-d'Allier,03
3085,3000,Coulandon,03
3086,3470,Coulanges,03
3087,3320,Couleuvre,03
3088,3370,Courçais,03
3089,3330,Coutansouze,03
3090,3160,Couzon,03
3091,3150,Créchy,03
3092,3240,Cressanges,03
3093,3300,Creuzier-le-Neuf,03
3094,3300,Creuzier-le-Vieux,03
3095,3300,Cusset,03
3096,3140,Deneuille-lès-Chantelle,03
3097,3170,Deneuille-les-Mines,03
3098,3630,Désertines,03
3099,3240,Deux-Chaises,03
3100,3290,Diou,03
3101,3410,Domérat,03
3102,3290,Dompierre-sur-Besbre,03
3103,3130,Le Donjon,03
3104,3170,Doyet,03
3105,3120,Droiturier,03
3106,3310,Durdat-Larequille,03
3107,3450,Ébreuil,03
3108,3330,Échassières,03
3109,3110,Escurolles,03
3110,3110,Espinasse-Vozelle,03
3111,3190,Estivareilles,03
3112,3140,Étroussat,03
3113,3250,Ferrières-sur-Sichon,03
3114,3340,La Ferté-Hauterive,03
3115,3140,Fleuriel,03
3116,3140,Fourilles,03
3117,3160,Franchesse,03
3118,3800,Gannat,03
3119,3230,Gannay-sur-Loire,03
3120,3230,Garnat-sur-Engièvre,03
3121,3400,Gennetines,03
3122,3210,Gipcy,03
3124,3340,Gouise,03
3125,3250,La Guillermie,03
3126,3270,Hauterive,03
3127,3190,Hérisson,03
3128,3380,Huriel,03
3129,3600,Hyds,03
3130,3360,Isle-et-Bardais,03
3131,3120,Isserpent,03
3132,3220,Jaligny-sur-Besbre,03
3133,3800,Jenzat,03
3134,3500,Laféline,03
3135,3450,Lalizolle,03
3136,3380,Lamaids,03
3137,3150,Langy,03
3138,3120,Lapalisse,03
3139,3250,Laprugne,03
3140,3100,Lavault-Sainte-Anne,03
3141,3250,Lavoine,03
3142,3130,Lenax,03
3143,3360,Lételon,03
3144,3130,Liernolles,03
3145,3410,Lignerolles,03
3146,3320,Limoise,03
3147,3130,Loddes,03
3148,3500,Loriges,03
3149,3500,Louchy-Montfand,03
3150,3350,Louroux-Bourbonnais,03
3151,3600,Louroux-de-Beaune,03
3152,3330,Louroux-de-Bouble,03
3154,3130,Luneau,03
3155,3320,Lurcy-Lévis,03
3156,3230,Lusigny,03
3157,3260,Magnet,03
3158,3190,Haut-Bocage,03
3159,3600,Malicorne,03
3160,3260,Marcenat,03
3161,3420,Marcillat-en-Combraille,03
3162,3210,Marigny,03
3163,3270,Mariol,03
3164,3800,Le Mayet-d'École,03
3165,3250,Le Mayet-de-Montagne,03
3166,3800,Mazerier,03
3167,3420,Mazirat,03
3168,3360,Meaulne-Vitray,03
3169,3500,Meillard,03
3170,3210,Meillers,03
3171,3340,Mercy,03
3172,3370,Mesples,03
3173,3510,Molinet,03
3174,3300,Molles,03
3175,3140,Monestier,03
3176,3500,Monétay-sur-Allier,03
3177,3470,Monétay-sur-Loire,03
3178,3130,Montaiguët-en-Forez,03
3179,3150,Montaigu-le-Blin,03
3180,3340,Montbeugny,03
3181,3130,Montcombroux-les-Mines,03
3182,3800,Monteignet-sur-l'Andelot,03
3183,3240,Le Montet,03
3184,3000,Montilly,03
3185,3100,Montluçon,03
3186,3390,Montmarault,03
3187,3150,Montoldre,03
3188,3500,Montord,03
3189,3170,Montvicq,03
3191,3390,Murat,03
3192,3450,Nades,03
3193,3190,Nassigny,03
3194,3330,Naves,03
3195,3310,Néris-les-Bains,03
3196,3130,Neuilly-en-Donjon,03
3197,3340,Neuilly-le-Réal,03
3198,3320,Neure,03
3200,3000,Neuvy,03
3201,3250,Nizerolles,03
3202,3210,Noyant-d'Allier,03
3203,3230,Paray-le-Frésil,03
3204,3500,Paray-sous-Briailles,03
3205,3120,Périgny,03
3206,3420,La Petite-Marche,03
3207,3470,Pierrefitte-sur-Loire,03
3208,3130,Le Pin,03
3209,3800,Poëzat,03
3210,3320,Pouzy-Mésangy,03
3211,3410,Prémilhat,03
3212,3380,Quinssaines,03
3213,3190,Reugny,03
3214,3240,Rocles,03
3215,3150,Rongères,03
3216,3420,Ronnet,03
3217,3170,Saint-Angel,03
3218,3160,Saint-Aubin-le-Monial,03
3219,3390,Saint-Bonnet-de-Four,03
3220,3800,Saint-Bonnet-de-Rochefort,03
3221,3360,Saint-Bonnet-Tronçais,03
3222,3190,Saint-Caprais,03
3223,3120,Saint-Christophe,03
3225,3370,Saint-Désiré,03
3226,3130,Saint-Didier-en-Donjon,03
3227,3110,Saint-Didier-la-Forêt,03
3228,3370,Saint-Éloy-d'Allier,03
3229,3400,Saint-Ennemond,03
3230,3300,Saint-Étienne-de-Vicq,03
3231,3420,Saint-Fargeol,03
3232,3260,Saint-Félix,03
3233,3310,Saint-Genest,03
3234,3340,Saint-Gérand-de-Vaux,03
3235,3150,Saint-Gérand-le-Puy,03
3236,3260,Saint-Germain-des-Fossés,03
3237,3140,Saint-Germain-de-Salles,03
3238,3440,Saint-Hilaire,03
3239,3130,Saint-Léger-sur-Vouzance,03
3240,3220,Saint-Léon,03
3241,3160,Saint-Léopardin-d'Augy,03
3242,3150,Saint-Loup,03
3243,3390,Saint-Marcel-en-Murat,03
3244,3420,Saint-Marcel-en-Marcillat,03
3245,3230,Saint-Martin-des-Lais,03
3246,3380,Saint-Martinien,03
3247,3210,Saint-Menoux,03
3248,3250,Saint-Nicolas-des-Biefs,03
3249,3370,Saint-Palais,03
3250,42620,Saint-Pierre-Laval,03
3251,3160,Saint-Plaisir,03
3252,3110,Saint-Pont,03
3253,3290,Saint-Pourçain-sur-Besbre,03
3254,3500,Saint-Pourçain-sur-Sioule,03
3255,3800,Saint-Priest-d'Andelot,03
3256,3390,Saint-Priest-en-Murat,03
3257,3120,Saint-Prix,03
3258,3110,Saint-Rémy-en-Rollat,03
3259,3370,Saint-Sauvier,03
3260,3240,Saint-Sornin,03
3261,3420,Sainte-Thérence,03
3262,3410,Saint-Victor,03
3263,3220,Saint-Voir,03
3264,3270,Saint-Yorre,03
3265,3470,Saligny-sur-Roudon,03
3266,3150,Sanssat,03
3267,3500,Saulcet,03
3268,3800,Saulzet,03
3269,3430,Sauvagny,03
3270,3390,Sazeret,03
3271,3700,Serbannes,03
3272,3120,Servilly,03
3273,3260,Seuillet,03
3274,3220,Sorbier,03
3275,3210,Souvigny,03
3276,3450,Sussat,03
3277,3140,Target,03
3278,3140,Taxat-Senat,03
3279,3410,Teillet-Argenty,03
3280,3420,Terjat,03
3281,3240,Le Theil,03
3282,3350,Theneuille,03
3283,3230,Thiel-sur-Acolin,03
3284,3220,Thionne,03
3285,3430,Tortezais,03
3286,3400,Toulon-sur-Allier,03
3287,3240,Treban,03
3288,3380,Treignat,03
3289,3220,Treteau,03
3290,3460,Trévol,03
3291,3220,Trézelles,03
3292,3240,Tronget,03
3293,3360,Urçay,03
3294,3140,Ussel-d'Allier,03
3295,3330,Valignat,03
3296,3360,Valigny,03
3297,3190,Vallon-en-Sully,03
3298,3150,Varennes-sur-Allier,03
3299,3220,Varennes-sur-Tèche,03
3300,3220,Vaumas,03
3301,3190,Vaux,03
3302,3450,Veauce,03
3303,3190,Venas,03
3304,3110,Vendat,03
3305,3190,Verneix,03
3306,3200,Le Vernet,03
3307,3500,Verneuil-en-Bourbonnais,03
3308,3390,Vernusse,03
3309,3320,Le Veurdre,03
3310,3200,Vichy,03
3311,3450,Vicq,03
3312,3430,Vieure,03
3313,3350,Le Vilhain,03
3314,3310,Villebret,03
3315,3430,Villefranche-d'Allier,03
3316,3460,Villeneuve-sur-Allier,03
3317,3370,Viplaix,03
3318,3360,Vitray,03
3319,3140,Voussac,03
3320,3160,Ygrande,03
3321,3400,Yzeure,03
4001,4510,Aiglun,04
4004,4500,Allemagne-en-Provence,04
4005,4170,Allons,04
4006,4260,Allos,04
4007,4170,Angles,04
4008,4240,Annot,04
4009,4420,Archail,04
4012,4110,Aubenas-les-Alpes,04
4013,4200,Aubignosc,04
4016,4200,Authon,04
4017,4140,Auzet,04
4018,4150,Banon,04
4019,4400,Barcelonnette,04
4020,4140,Barles,04
4021,4380,Barras,04
4022,4330,Barrême,04
4023,4250,Bayons,04
4024,4420,Beaujeu,04
4025,4370,Beauvezer,04
4026,4250,Bellaffaire,04
4027,4200,Bevons,04
4028,4270,Beynes,04
4030,4330,Blieux,04
4031,4270,Bras-d'Asse,04
4032,4240,Braux,04
4033,4340,Ubaye-Serre-Ponçon,04
4034,4700,La Brillanne,04
4035,4210,Brunet,04
4036,4420,Le Brusquet,04
4037,4250,Le Caire,04
4039,4120,Castellane,04
4040,4380,Le Castellard-Mélan,04
4041,4700,Le Castellet,04
4042,4320,Castellet-lès-Sausses,04
4043,4320,Val-de-Chalvagne,04
4045,4280,Céreste,04
4046,4510,Le Chaffaut-Saint-Jurson,04
4047,4660,Champtercier,04
4049,4160,Château-Arnoux-Saint-Auban,04
4050,4250,Châteaufort,04
4051,4200,Châteauneuf-Miravail,04
4053,4200,Châteauneuf-Val-Saint-Donat,04
4054,4270,Châteauredon,04
4055,4330,Chaudon-Norante,04
4057,4250,Clamensane,04
4058,5110,Claret,04
4059,4330,Clumanc,04
4061,4370,Colmars,04
4062,4530,La Condamine-Châtelard,04
4063,4220,Corbières,04
4065,4230,Cruis,04
4066,5110,Curbans,04
4067,4200,Curel,04
4068,4300,Dauphin,04
4069,4120,Demandolx,04
4070,4000,Digne-les-Bains,04
4072,4420,Draix,04
4073,4400,Enchastrayes,04
4074,4000,Entrages,04
4075,4200,Entrepierres,04
4076,4320,Entrevaux,04
4077,4700,Entrevennes,04
4079,4160,L'Escale,04
4081,4800,Esparron-de-Verdon,04
4084,4270,Estoublon,04
4085,4250,Faucon-du-Caire,04
4086,4400,Faucon-de-Barcelonnette,04
4087,4230,Fontienne,04
4088,4300,Forcalquier,04
4090,4240,Le Fugeret,04
4091,4310,Ganagobie,04
4092,4120,La Garde,04
4093,4250,Gigors,04
4094,4800,Gréoux-les-Bains,04
4095,4150,L'Hospitalet,04
4096,4850,Jausiers,04
4097,4000,La Javie,04
4099,4170,Lambruisse,04
4101,4230,Lardiers,04
4102,4340,Le Lauzet-Ubaye,04
4104,4300,Limans,04
4106,4700,Lurs,04
4107,4270,Majastres,04
4108,4350,Malijai,04
4109,4230,Mallefougasse-Augès,04
4110,4510,Mallemoisson,04
4111,4300,Mane,04
4112,4100,Manosque,04
4113,4420,Marcoux,04
4115,4240,Méailles,04
4116,4190,Les Mées,04
4118,4250,Melve,04
4120,4530,Val d'Oronaye,04
4121,4270,Mézel,04
4122,4510,Mirabeau,04
4123,4200,Mison,04
4124,4500,Montagnac-Montpezat,04
4126,4140,Montclar,04
4127,4600,Montfort,04
4128,4110,Montfuron,04
4129,4110,Montjustin,04
4130,4230,Montlaux,04
4132,4150,Montsalier,04
4133,4170,Moriez,04
4134,4250,La Motte-du-Caire,04
4135,4360,Moustiers-Sainte-Marie,04
4136,4170,La Mure-Argens,04
4137,4250,Nibles,04
4138,4300,Niozelles,04
4139,4200,Noyers-sur-Jabron,04
4140,4200,Les Omergues,04
4141,4230,Ongles,04
4142,4110,Oppedette,04
4143,4700,Oraison,04
4144,4120,La Palud-sur-Verdon,04
4145,4200,Peipin,04
4148,4120,Peyroules,04
4149,4310,Peyruis,04
4150,5130,Piégut,04
4151,4300,Pierrerue,04
4152,4860,Pierrevert,04
4154,5160,Pontis,04
4155,4420,Prads-Haute-Bléone,04
4156,4700,Puimichel,04
4157,4410,Puimoisson,04
4158,4500,Quinson,04
4159,4150,Redortiers,04
4160,4110,Reillanne,04
4161,4340,Méolans-Revel,04
4162,4150,Revest-des-Brousses,04
4163,4150,Revest-du-Bion,04
4164,4230,Revest-Saint-Martin,04
4166,4500,Riez,04
4167,4000,La Robine-sur-Galabre,04
4169,4150,La Rochegiron,04
4170,6260,La Rochette,04
4171,4120,Rougon,04
4172,4500,Roumoules,04
4173,4170,Saint-André-les-Alpes,04
4174,4240,Saint-Benoît,04
4175,4110,Sainte-Croix-à-Lauze,04
4176,4500,Sainte-Croix-du-Verdon,04
4177,4380,Hautes-Duyes,04
4178,4230,Saint-Étienne-les-Orgues,04
4179,4200,Saint-Geniez,04
4180,4330,Saint-Jacques,04
4181,4270,Saint-Jeannet,04
4182,4270,Saint-Julien-d'Asse,04
4183,4170,Saint-Julien-du-Verdon,04
4184,4410,Saint-Jurs,04
4186,4500,Saint-Laurent-du-Verdon,04
4187,4330,Saint-Lions,04
4188,4300,Saint-Maime,04
4189,4800,Saint-Martin-de-Brômes,04
4190,4300,Saint-Martin-les-Eaux,04
4191,4140,Saint-Martin-lès-Seyne,04
4192,4870,Saint-Michel-l'Observatoire,04
4193,4530,Saint-Paul-sur-Ubaye,04
4194,6260,Saint-Pierre,04
4195,4400,Saint-Pons,04
4197,4220,Sainte-Tulle,04
4198,4340,Saint-Vincent-les-Forts,04
4199,4200,Saint-Vincent-sur-Jabron,04
4200,4290,Salignac,04
4201,4150,Saumane,04
4202,4320,Sausses,04
4203,4140,Selonnet,04
4204,4270,Senez,04
4205,4140,Seyne,04
4206,4300,Sigonce,04
4207,4200,Sigoyer,04
4208,4150,Simiane-la-Rotonde,04
4209,4200,Sisteron,04
4210,4120,Soleilhas,04
4211,4290,Sourribes,04
4214,4330,Tartonne,04
4216,4200,Thèze,04
4217,4380,Thoard,04
4218,4170,Thorame-Basse,04
4219,4170,Thorame-Haute,04
4220,4400,Les Thuiles,04
4222,4250,Turriers,04
4224,4240,Ubraye,04
4226,4400,Uvernet-Fours,04
4227,4110,Vachères,04
4228,4250,Valavoire,04
4229,4200,Valbelle,04
4230,4210,Valensole,04
4231,4200,Valernes,04
4233,4200,Vaumeilh,04
4234,5130,Venterol,04
4235,4140,Verdaches,04
4236,4170,Vergons,04
4240,4370,Villars-Colmars,04
4241,4110,Villemus,04
4244,4290,Volonne,04
4245,4130,Volx,04
5001,5460,Abriès,05
5003,5470,Aiguilles,05
5004,5260,Ancelle,05
5006,5120,L'Argentière-la-Bessée,05
5007,5350,Arvieux,05
5008,5140,Aspremont,05
5009,5800,Aspres-lès-Corps,05
5010,5140,Aspres-sur-Buëch,05
5011,5230,Avançon,05
5012,5200,Baratier,05
5013,5110,Barcillonnette,05
5014,5300,Barret-sur-Méouge,05
5016,5700,La Bâtie-Montsaléon,05
5017,5230,La Bâtie-Neuve,05
5018,5000,La Bâtie-Vieille,05
5019,5140,La Beaume,05
5021,5700,Le Bersac,05
5022,5190,Bréziers,05
5023,5100,Briançon,05
5024,5150,Valdoule,05
5025,5500,Buissard,05
5026,5600,Ceillac,05
5027,5100,Cervières,05
5028,5400,Chabestan,05
5029,5260,Chabottes,05
5031,5310,Champcella,05
5032,5260,Champoléon,05
5033,5700,Chanousse,05
5035,5400,Châteauneuf-d'Oze,05
5036,5380,Châteauroux-les-Alpes,05
5037,5000,Châteauvieux,05
5038,5350,Château-Ville-Vieille,05
5039,5800,Aubessagne,05
5040,5230,Chorges,05
5043,5500,Les Costes,05
5044,5200,Crévoux,05
5045,5200,Crots,05
5046,5200,Embrun,05
5047,5300,Éourres,05
5048,5700,L'Épine,05
5049,5110,Esparron,05
5050,5190,Espinasses,05
5051,5700,Étoile-Saint-Cyrice,05
5052,5600,Eygliers,05
5053,5300,Garde-Colombe,05
5054,5500,La Fare-en-Champsaur,05
5055,5140,La Faurie,05
5056,5260,Forest-Saint-Julien,05
5057,5130,Fouillouse,05
5058,5310,Freissinières,05
5059,5000,La Freissinouse,05
5060,5400,Furmeyer,05
5061,5000,Gap,05
5062,5800,Le Glaizil,05
5063,5320,La Grave,05
5064,5800,La Chapelle-en-Valgaudémar,05
5065,5600,Guillestre,05
5066,5140,La Haute-Beaume,05
5068,5130,Jarjayes,05
5070,5300,Laragne-Montéglin,05
5071,5110,Lardier-et-Valença,05
5072,5500,Laye,05
5073,5300,Lazer,05
5074,5130,Lettret,05
5075,5400,Manteyer,05
5076,5700,Méreuil,05
5077,5350,Molines-en-Queyras,05
5078,5110,Monêtier-Allemont,05
5079,5220,Le Monêtier-les-Bains,05
5080,5140,Montbrand,05
5081,5700,Montclus,05
5082,5600,Mont-Dauphin,05
5084,5230,Montgardin,05
5085,5100,Montgenèvre,05
5086,5150,Montjay,05
5087,5400,Montmaur,05
5088,5150,Montmorin,05
5089,5700,Montrond,05
5090,5500,La Motte-en-Champsaur,05
5091,5150,Moydans,05
5092,5000,Neffes,05
5093,5100,Névache,05
5094,5700,Nossage-et-Bénévent,05
5095,5500,Le Noyer,05
5096,5170,Orcières,05
5097,5700,Orpierre,05
5098,5200,Les Orres,05
5099,5400,Oze,05
5100,5000,Pelleautier,05
5101,5340,Vallouise-Pelvoux,05
5102,5700,La Piarre,05
5103,5300,Le Poët,05
5104,5500,Poligny,05
5106,5230,Prunières,05
5107,5100,Puy-Saint-André,05
5108,5200,Puy-Saint-Eusèbe,05
5109,5100,Puy-Saint-Pierre,05
5110,5290,Puy-Saint-Vincent,05
5111,5200,Puy-Sanières,05
5112,5400,Rabou,05
5113,5000,Rambaud,05
5114,5160,Réallon,05
5115,5190,Remollon,05
5116,5600,Réotier,05
5117,5150,Ribeyret,05
5118,5300,Val Buëch-Méouge,05
5119,5600,Risoul,05
5120,5460,Ristolas,05
5121,5190,Rochebrune,05
5122,5310,La Roche-de-Rame,05
5123,5400,La Roche-des-Arnauds,05
5126,5150,Rosans,05
5127,5190,Rousset,05
5128,5200,Saint-André-d'Embrun,05
5129,5150,Saint-André-de-Rosans,05
5130,5160,Saint-Apollinaire,05
5131,5400,Saint-Auban-d'Oze,05
5132,5500,Saint-Bonnet-en-Champsaur,05
5133,5330,Saint-Chaffrey,05
5134,5600,Saint-Clément-sur-Durance,05
5135,5700,Sainte-Colombe,05
5136,5600,Saint-Crépin,05
5139,5250,Dévoluy,05
5140,5130,Saint-Étienne-le-Laus,05
5141,5500,Saint-Eusèbe-en-Champsaur,05
5142,5800,Saint-Firmin,05
5144,5800,Saint-Jacques-en-Valgodemard,05
5145,5260,Saint-Jean-Saint-Nicolas,05
5146,5140,Saint-Julien-en-Beauchêne,05
5147,5500,Saint-Julien-en-Champsaur,05
5148,5500,Saint-Laurent-du-Cros,05
5149,5260,Saint-Léger-les-Mélèzes,05
5150,5150,Sainte-Marie,05
5151,5120,Saint-Martin-de-Queyrières,05
5152,5800,Saint-Maurice-en-Valgodemard,05
5153,5260,Saint-Michel-de-Chaillol,05
5154,5140,Saint-Pierre-d'Argençon,05
5155,5300,Saint-Pierre-Avez,05
5156,5200,Saint-Sauveur,05
5157,5350,Saint-Véran,05
5158,5400,Le Saix,05
5159,5300,Saléon,05
5160,5300,Salérans,05
5161,5240,La Salle-les-Alpes,05
5162,5110,La Saulce,05
5163,5160,Le Sauze-du-Lac,05
5164,5160,Savines-le-Lac,05
5165,5700,Savournon,05
5166,5700,Serres,05
5167,5700,Sigottier,05
5169,5150,Sorbiers,05
5170,5130,Tallard,05
5171,5190,Théus,05
5172,5700,Trescléoux,05
5173,5300,Upaix,05
5174,5100,Val-des-Prés,05
5175,5290,Vallouise,05
5176,5130,Valserres,05
5177,5560,Vars,05
5178,5300,Ventavon,05
5179,5400,Veynes,05
5180,5120,Les Vigneaux,05
5181,5480,Villar-d'Arêne,05
5182,5800,Villar-Loubière,05
5183,5100,Villar-Saint-Pancrace,05
5184,5110,Vitrolles,05
6002,6910,Amirat,06
6003,6750,Andon,06
6004,6160,Antibes,06
6005,6260,Ascros,06
6007,6810,Auribeau-sur-Siagne,06
6008,6260,Auvare,06
6009,6420,Bairols,06
6010,6620,Le Bar-sur-Loup,06
6011,6310,Beaulieu-sur-Mer,06
6012,6240,Beausoleil,06
6013,6450,Belvédère,06
6014,6390,Bendejun,06
6015,6390,Berre-les-Alpes,06
6016,6470,Beuil,06
6017,6510,Bézaudun-les-Alpes,06
6018,6410,Biot,06
6019,6440,Blausasc,06
6020,6450,La Bollène-Vésubie,06
6021,6830,Bonson,06
6022,6510,Bouyon,06
6023,6540,Breil-sur-Roya,06
6024,6850,Briançonnet,06
6025,6510,Le Broc,06
6026,6530,Cabris,06
6027,6800,Cagnes-sur-Mer,06
6028,6750,Caille,06
6029,6150,Cannes,06
6030,6110,Le Cannet,06
6031,6340,Cantaron,06
6032,6320,Cap-d'Ail,06
6033,6510,Carros,06
6034,6670,Castagniers,06
6035,6500,Castellar,06
6036,6500,Castillon,06
6037,6460,Caussols,06
6038,6740,Châteauneuf-Grasse,06
6039,6390,Châteauneuf-Villevieille,06
6040,6470,Châteauneuf-d'Entraunes,06
6041,6620,Cipières,06
6042,6420,Clans,06
6043,6390,Coaraze,06
6044,6480,La Colle-sur-Loup,06
6045,6910,Collongues,06
6046,6670,Colomars,06
6047,6510,Conségudes,06
6048,6390,Contes,06
6049,6620,Courmes,06
6050,6140,Coursegoules,06
6051,6260,La Croix-sur-Roudoule,06
6052,6910,Cuébris,06
6053,6470,Daluis,06
6054,6340,Drap,06
6055,6670,Duranus,06
6056,6470,Entraunes,06
6057,6440,L'Escarène,06
6058,6460,Escragnolles,06
6059,6360,Èze,06
6060,6950,Falicon,06
6061,6510,Les Ferres,06
6062,6540,Fontan,06
6063,6850,Gars,06
6064,6510,Gattières,06
6065,6610,La Gaude,06
6066,6830,Gilette,06
6067,6500,Gorbio,06
6068,6620,Gourdon,06
6069,6130,Grasse,06
6070,6620,Gréolières,06
6071,6470,Guillaumes,06
6072,6420,Ilonse,06
6073,6420,Isola,06
6074,6450,Lantosque,06
6075,6670,Levens,06
6076,6260,Lieuche,06
6077,6440,Lucéram,06
6078,6710,Malaussène,06
6079,6210,Mandelieu-la-Napoule,06
6080,6420,Marie,06
6081,6910,Le Mas,06
6082,6710,Massoins,06
6083,6500,Menton,06
6084,6370,Mouans-Sartoux,06
6085,6250,Mougins,06
6086,6380,Moulinet,06
6087,6910,Les Mujouls,06
6088,6000,Nice,06
6089,6650,Opio,06
6090,6580,Pégomas,06
6091,6440,Peille,06
6092,6440,Peillon,06
6093,6260,La Penne,06
6094,6470,Péone,06
6095,6530,Peymeinade,06
6096,6260,Pierlas,06
6097,6910,Pierrefeu,06
6098,6260,Puget-Rostang,06
6099,6260,Puget-Théniers,06
6100,6830,Revest-les-Roches,06
6101,6260,Rigaud,06
6102,6420,Rimplas,06
6103,6450,Roquebillière,06
6104,6190,Roquebrune-Cap-Martin,06
6105,6330,Roquefort-les-Pins,06
6106,6910,Roquestéron,06
6107,6910,La Roque-en-Provence,06
6108,6550,La Roquette-sur-Siagne,06
6109,6670,La Roquette-sur-Var,06
6110,6420,Roubion,06
6111,6420,Roure,06
6112,6650,Le Rouret,06
6113,6500,Sainte-Agnès,06
6114,6730,Saint-André-de-la-Roche,06
6115,6260,Saint-Antonin,06
6116,6850,Saint-Auban,06
6117,6670,Saint-Blaise,06
6118,6530,Saint-Cézaire-sur-Siagne,06
6119,6660,Saint-Dalmas-le-Selvage,06
6120,6660,Saint-Étienne-de-Tinée,06
6121,6230,Saint-Jean-Cap-Ferrat,06
6123,6700,Saint-Laurent-du-Var,06
6124,6260,Saint-Léger,06
6125,6470,Saint-Martin-d'Entraunes,06
6126,6670,Saint-Martin-du-Var,06
6127,6450,Saint-Martin-Vésubie,06
6128,6570,Saint-Paul-de-Vence,06
6129,6420,Saint-Sauveur-sur-Tinée,06
6130,6460,Saint-Vallier-de-Thiey,06
6131,6910,Sallagriffon,06
6132,6540,Saorge,06
6133,6470,Sauze,06
6134,6750,Séranon,06
6135,6910,Sigale,06
6136,6380,Sospel,06
6137,6530,Spéracèdes,06
6138,6590,Théoule-sur-Mer,06
6139,6710,Thiéry,06
6140,6530,Le Tignet,06
6141,6830,Toudon,06
6142,6440,Touët-de-l'Escarène,06
6143,6710,Touët-sur-Var,06
6144,6420,La Tour,06
6145,6830,Tourette-du-Château,06
6146,6420,Tournefort,06
6147,6690,Tourrette-Levens,06
6148,6140,Tourrettes-sur-Loup,06
6149,6340,La Trinité,06
6150,6320,La Turbie,06
6151,6450,Utelle,06
6152,6560,Valbonne,06
6153,6420,Valdeblore,06
6154,6750,Valderoure,06
6155,6220,Vallauris,06
6156,6450,Venanson,06
6157,6140,Vence,06
6158,6710,Villars-sur-Var,06
6159,6230,Villefranche-sur-Mer,06
6160,6470,Villeneuve-d'Entraunes,06
6161,6270,Villeneuve-Loubet,06
6162,6430,La Brigue,06
6163,6430,Tende,06
7001,7160,Accons,07
7002,7200,Ailhon,07
7003,7530,Aizac,07
7004,7000,Ajoux,07
7005,7400,Alba-la-Romaine,07
7006,7190,Albon-d'Ardèche,07
7007,7440,Alboussière,07
7008,7210,Alissas,07
7009,7340,Andance,07
7010,7100,Annonay,07
7011,7530,Antraigues-sur-Volane,07
7012,7310,Arcens,07
7013,7290,Ardoix,07
7014,7410,Arlebosc,07
7015,7370,Arras-sur-Rhône,07
7016,7600,Asperjoc,07
7017,7140,Les Assions,07
7018,7330,Astet,07
7019,7200,Aubenas,07
7020,7400,Aubignas,07
7022,7210,Baix,07
7023,7120,Balazuc,07
7024,7460,Banne,07
7025,7330,Barnas,07
7026,7630,Le Béage,07
7027,7800,Beauchastel,07
7028,7460,Beaulieu,07
7029,7110,Beaumont,07
7030,7190,Beauvène,07
7031,7460,Berrias-et-Casteljau,07
7032,7580,Berzème,07
7033,7150,Bessas,07
7034,7700,Bidon,07
7035,7440,Boffres,07
7036,7340,Bogy,07
7037,7310,Borée,07
7038,7590,Borne,07
7039,7410,Bozas,07
7040,7270,Boucieu-le-Roi,07
7041,7100,Boulieu-lès-Annonay,07
7042,7700,Bourg-Saint-Andéol,07
7044,7340,Brossainc,07
7045,7450,Burzet,07
7047,7590,Cellier-du-Luc,07
7048,7240,Chalencon,07
7049,7160,Le Chambon,07
7050,7140,Chambonas,07
7051,7340,Champagne,07
7052,7440,Champis,07
7053,7230,Chandolas,07
7054,7310,Chanéac,07
7055,7800,Charmes-sur-Rhône,07
7056,7340,Charnas,07
7058,7110,Chassiers,07
7059,7130,Châteaubourg,07
7060,7240,Châteauneuf-de-Vernoux,07
7061,7120,Chauzon,07
7062,7110,Chazeaux,07
7063,7300,Cheminas,07
7064,7160,Le Cheylard,07
7065,7380,Chirols,07
7066,7210,Chomérac,07
7067,7430,Colombier-le-Cardinal,07
7068,7270,Colombier-le-Jeune,07
7069,7410,Colombier-le-Vieux,07
7070,7130,Cornas,07
7071,7470,Coucouron,07
7072,7000,Coux,07
7073,7270,Le Crestet,07
7074,7000,Creysseilles,07
7075,7510,Cros-de-Géorand,07
7076,7350,Cruas,07
7077,7170,Darbres,07
7078,7430,Davézieux,07
7079,7570,Désaignes,07
7080,7320,Devesset,07
7081,7260,Dompnac,07
7082,7160,Dornas,07
7083,7360,Dunière-sur-Eyrieux,07
7084,7370,Eclassan,07
7085,7270,Empurany,07
7086,7300,Étables,07
7087,7380,Fabras,07
7088,7230,Faugères,07
7089,7340,Félines,07
7090,7000,Flaviac,07
7091,7200,Fons,07
7092,7000,Freyssenet,07
7093,7530,Genestelle,07
7094,7800,Gilhac-et-Bruzac,07
7095,7270,Gilhoc-sur-Ormèze,07
7096,7190,Gluiras,07
7097,7300,Glun,07
7099,7700,Gras,07
7100,7140,Gravières,07
7101,7120,Grospierres,07
7102,7500,Guilherand-Granges,07
7103,7310,Intres,07
7104,7190,Issamoulenc,07
7105,7510,Issanlas,07
7106,7470,Issarlès,07
7107,7380,Jaujac,07
7108,7160,Jaunac,07
7109,7110,Joannas,07
7110,7260,Joyeuse,07
7111,7600,Juvinas,07
7112,7600,Labastide-sur-Bésorgues,07
7113,7150,Labastide-de-Virac,07
7114,7570,Labatie-d'Andaure,07
7115,7120,Labeaume,07
7116,7200,Labégude,07
7117,7230,Lablachère,07
7118,7110,Laboule,07
7119,7470,Le Lac-d'Issarlès,07
7120,7530,Lachamp-Raphaël,07
7121,7470,Lachapelle-Graillouse,07
7122,7200,Lachapelle-sous-Aubenas,07
7123,7310,Lachapelle-sous-Chanéac,07
7124,7520,Lafarre,07
7126,7150,Lagorce,07
7127,7380,Lalevade-d'Ardèche,07
7128,7520,Lalouvesc,07
7129,7270,Lamastre,07
7130,7660,Lanarce,07
7131,7200,Lanas,07
7132,7110,Largentière,07
7133,7220,Larnas,07
7134,7110,Laurac-en-Vivarais,07
7135,7590,Laval-d'Aurelle,07
7136,48250,Laveyrune,07
7137,7660,Lavillatte,07
7138,7170,Lavilledieu,07
7139,7530,Laviolle,07
7140,7610,Lemps,07
7141,7200,Lentillères,07
7142,7660,Lespéron,07
7143,7340,Limony,07
7144,7110,Loubaresse,07
7145,7170,Lussas,07
7146,7000,Lyas,07
7147,7140,Malarce-sur-la-Thines,07
7148,7140,Malbosc,07
7149,7190,Marcols-les-Eaux,07
7150,7160,Mariac,07
7151,7320,Mars,07
7152,7300,Mauves,07
7153,7330,Mayres,07
7154,7510,Mazan-l'Abbaye,07
7155,7200,Mercuer,07
7156,7380,Meyras,07
7157,7400,Meysse,07
7158,7530,Mézilhac,07
7159,7170,Mirabel,07
7161,7560,Montpezat-sous-Bauzon,07
7162,7110,Montréal,07
7163,7140,Montselgues,07
7165,7160,Nonières,07
7166,7270,Nozières,07
7167,7360,Les Ollières-sur-Eyrieux,07
7168,7150,Orgnac-l'Aven,07
7169,7370,Ozon,07
7170,7410,Pailharès,07
7171,7230,Payzac,07
7172,7340,Peaugres,07
7173,7450,Péreyres,07
7174,7340,Peyraud,07
7175,7590,Le Plagnal,07
7176,7230,Planzolles,07
7177,7300,Plats,07
7178,7380,Pont-de-Labeaume,07
7179,7000,Pourchères,07
7181,7250,Le Pouzin,07
7182,7380,Prades,07
7183,7120,Pradons,07
7184,7000,Pranles,07
7185,7290,Préaux,07
7186,7000,Privas,07
7187,7110,Prunet,07
7188,7290,Quintenas,07
7189,7260,Ribes,07
7190,7200,Rochecolombe,07
7191,7400,Rochemaure,07
7192,7320,Rochepaule,07
7193,7110,Rocher,07
7194,7210,Rochessauve,07
7197,7100,Roiffieux,07
7198,7250,Rompon,07
7199,7260,Rosières,07
7200,7560,Le Roux,07
7201,7120,Ruoms,07
7202,7260,Sablières,07
7203,7450,Sagnes-et-Goudoulet,07
7204,7320,Saint-Agrève,07
7205,7790,Saint-Alban-d'Ay,07
7206,7590,Saint-Alban-en-Montagne,07
7207,7120,Saint-Alban-Auriolles,07
7208,7170,Saint-Andéol-de-Berg,07
7209,7160,Saint-Andéol-de-Fourchades,07
7210,7600,Saint-Andéol-de-Vals,07
7211,7460,Saint-André-de-Cruzières,07
7212,7690,Saint-André-en-Vivarais,07
7213,7230,Saint-André-Lachamp,07
7214,7240,Saint-Apollinaire-de-Rias,07
7215,7160,Saint-Barthélemy-le-Meil,07
7216,7270,Saint-Barthélemy-Grozon,07
7217,7300,Saint-Barthélemy-le-Plain,07
7218,7270,Saint-Basile,07
7219,7210,Saint-Bauzile,07
7220,7160,Saint-Christol,07
7221,7800,Saint-Cierge-la-Serre,07
7222,7160,Saint-Cierge-sous-le-Cheylard,07
7223,7380,Saint-Cirgues-de-Prades,07
7224,7510,Saint-Cirgues-en-Montagne,07
7225,7430,Saint-Clair,07
7227,7430,Saint-Cyr,07
7228,7340,Saint-Désirat,07
7229,7200,Saint-Didier-sous-Aubenas,07
7230,7200,Saint-Étienne-de-Boulogne,07
7231,7200,Saint-Étienne-de-Fontbellon,07
7232,7590,Saint-Étienne-de-Lugdarès,07
7233,7190,Saint-Étienne-de-Serre,07
7234,7340,Saint-Étienne-de-Valoux,07
7235,7510,Sainte-Eulalie,07
7236,7410,Saint-Félicien,07
7237,7360,Saint-Fortunat-sur-Eyrieux,07
7238,7230,Saint-Genest-de-Beauzon,07
7239,7160,Saint-Genest-Lachamp,07
7240,7800,Saint-Georges-les-Bains,07
7241,7170,Saint-Germain,07
7242,7580,Saint-Gineis-en-Coiron,07
7243,7340,Saint-Jacques-d'Atticieux,07
7244,7240,Saint-Jean-Chambre,07
7245,7300,Saint-Jean-de-Muzols,07
7247,7580,Saint-Jean-le-Centenier,07
7248,7160,Saint-Jean-Roure,07
7249,7320,Saint-Jeure-d'Andaure,07
7250,7290,Saint-Jeure-d'Ay,07
7251,7530,Saint-Joseph-des-Bancs,07
7252,7310,Saint-Julien-Boutières,07
7253,7190,Saint-Julien-du-Gua,07
7254,7200,Saint-Julien-du-Serre,07
7255,7000,Saint-Julien-en-Saint-Alban,07
7256,7160,Saint-Julien-Labrousse,07
7257,7240,Saint-Julien-le-Roux,07
7258,7690,Saint-Julien-Vocance,07
7259,7700,Saint-Just-d'Ardèche,07
7260,7210,Saint-Lager-Bressac,07
7261,7800,Saint-Laurent-du-Pape,07
7262,7590,Saint-Laurent-les-Bains,07
7263,7170,Saint-Laurent-sous-Coiron,07
7264,7700,Saint-Marcel-d'Ardèche,07
7265,7100,Saint-Marcel-lès-Annonay,07
7266,7140,Sainte-Marguerite-Lafigère,07
7267,7310,Saint-Martial,07
7268,7700,Saint-Martin-d'Ardèche,07
7269,7310,Saint-Martin-de-Valamas,07
7270,7400,Saint-Martin-sur-Lavezon,07
7272,7200,Saint-Maurice-d'Ardèche,07
7273,7170,Saint-Maurice-d'Ibie,07
7274,7190,Saint-Maurice-en-Chalencon,07
7275,7260,Saint-Mélany,07
7276,7160,Saint-Michel-d'Aurance,07
7277,7200,Saint-Michel-de-Boulogne,07
7278,7360,Saint-Michel-de-Chabrillanoux,07
7279,7220,Saint-Montan,07
7280,7460,Saint-Paul-le-Jeune,07
7281,7130,Saint-Péray,07
7282,7450,Saint-Pierre-de-Colombier,07
7283,7400,Saint-Pierre-la-Roche,07
7284,7140,Saint-Pierre-Saint-Jean,07
7285,7520,Saint-Pierre-sur-Doux,07
7286,7190,Saint-Pierreville,07
7288,7000,Saint-Priest,07
7289,7200,Saint-Privat,07
7291,7700,Saint-Remèze,07
7292,7290,Saint-Romain-d'Ay,07
7293,7130,Saint-Romain-de-Lerps,07
7294,7460,Saint-Sauveur-de-Cruzières,07
7295,7190,Saint-Sauveur-de-Montagut,07
7296,7200,Saint-Sernin,07
7297,7440,Saint-Sylvestre,07
7298,7210,Saint-Symphorien-sous-Chomérac,07
7299,7290,Saint-Symphorien-de-Mahun,07
7300,7220,Saint-Thomé,07
7302,7210,Saint-Vincent-de-Barrès,07
7303,7360,Saint-Vincent-de-Durfort,07
7304,7150,Salavas,07
7305,7140,Les Salelles,07
7306,7120,Sampzon,07
7307,7110,Sanilhac,07
7308,7370,Sarras,07
7309,7290,Satillieu,07
7310,7430,Savas,07
7311,7400,Sceautres,07
7312,7610,Sécheras,07
7313,7340,Serrières,07
7314,7240,Silhac,07
7315,7380,La Souche,07
7316,7130,Soyons,07
7317,7340,Talencieux,07
7318,7110,Tauriers,07
7319,7400,Le Teil,07
7321,7340,Thorrenc,07
7322,7330,Thueyts,07
7323,7130,Toulaud,07
7324,7300,Tournon-sur-Rhône,07
7325,7200,Ucel,07
7326,7510,Usclades-et-Rieutord,07
7327,7110,Uzer,07
7328,7150,Vagnas,07
7329,7110,Valgorge,07
7330,7150,Vallon-Pont-d'Arc,07
7331,7600,Vals-les-Bains,07
7332,7400,Valvignères,07
7333,7690,Vanosc,07
7334,7140,Les Vans,07
7335,7410,Vaudevant,07
7336,7260,Vernon,07
7337,7430,Vernosc-lès-Annonay,07
7338,7240,Vernoux-en-Vivarais,07
7339,7200,Vesseaux,07
7340,7000,Veyras,07
7341,7170,Villeneuve-de-Berg,07
7342,7690,Villevocance,07
7343,7110,Vinezac,07
7344,7340,Vinzieux,07
7345,7610,Vion,07
7346,7220,Viviers,07
7347,7690,Vocance,07
7348,7200,Vogüé,07
7349,7800,La Voulte-sur-Rhône,07
8001,8300,Acy-Romance,08
8003,8090,Aiglemont,08
8004,8190,Aire,08
8005,8310,Alincourt,08
8006,8130,Alland'Huy-et-Sausseuil,08
8008,8300,Amagne,08
8010,8130,Ambly-Fleury,08
8011,8500,Anchamps,08
8013,8450,Angecourt,08
8014,8310,Annelles,08
8015,8260,Antheny,08
8016,8290,Aouste,08
8018,8400,Ardeuil-et-Montfauxelles,08
8019,8390,Les Grandes-Armoises,08
8020,8390,Les Petites-Armoises,08
8021,8300,Arnicourt,08
8022,8090,Arreux,08
8023,8390,Artaise-le-Vivier,08
8024,8190,Asfeld,08
8025,8130,Attigny,08
8026,8150,Aubigny-les-Pothées,08
8027,8270,Auboncourt-Vauzelles,08
8028,8320,Aubrives,08
8029,8370,Auflance,08
8030,8380,Auge,08
8031,8400,Aure,08
8032,8310,Aussonce,08
8033,8240,Authe,08
8034,8210,Autrecourt-et-Pourron,08
8035,8240,Autruche,08
8036,8250,Autry,08
8037,8260,Auvillers-les-Forges,08
8039,8190,Avaux,08
8040,8000,Les Ayvelles,08
8041,8430,Baâlons,08
8042,8160,Balaives-et-Butz,08
8044,8190,Balham,08
8045,8400,Ballay,08
8046,8220,Banogne-Recouvrance,08
8047,8430,Barbaise,08
8048,8300,Barby,08
8049,8240,Bar-lès-Buzancy,08
8052,8240,Bayonville,08
8053,8140,Bazeilles,08
8055,8210,Beaumont-en-Argonne,08
8056,8250,Beffu-et-le-Morthomme,08
8057,8240,Belleville-et-Châtillon-sur-Bar,08
8058,8090,Belval,08
8059,8240,Belval-Bois-des-Dames,08
8060,8300,Bergnicourt,08
8061,8240,La Berlière,08
8062,8300,Bertoncourt,08
8063,8450,La Besace,08
8064,8300,Biermes,08
8066,8310,Bignicourt,08
8067,8110,Blagny,08
8069,8290,Blanchefosse-et-Bay,08
8070,8190,Blanzy-la-Salonnaise,08
8071,8260,Blombay,08
8072,8350,Bosseval-et-Briancourt,08
8073,8290,Bossus-lès-Rumigny,08
8074,8250,Bouconville,08
8075,8240,Boult-aux-Bois,08
8076,8410,Boulzicourt,08
8077,8400,Bourcq,08
8078,8230,Bourg-Fidèle,08
8079,8160,Boutancourt,08
8080,8430,Bouvellemont,08
8081,8120,Bogny-sur-Meuse,08
8082,8400,Brécy-Brières,08
8083,8140,Brévilly,08
8084,8190,Brienne-sur-Aisne,08
8085,8240,Brieulles-sur-Bar,08
8086,8240,Briquenay,08
8087,8380,Brognon,08
8088,8450,Bulson,08
8090,8110,Carignan,08
8092,8310,Cauroy,08
8094,8260,Cernion,08
8095,8430,Chagny,08
8096,8160,Chalandry-Elaire,08
8097,8400,Challerange,08
8098,8250,Champigneulle,08
8099,8430,Champigneul-sur-Vence,08
8100,8260,Champlin,08
8103,8130,Charbogne,08
8104,8400,Chardeny,08
8105,8000,Charleville-Mézières,08
8106,8600,Charnois,08
8107,8360,Château-Porcien,08
8109,8250,Chatel-Chéhéry,08
8110,8150,Le Châtelet-sur-Sormonne,08
8111,8300,Le Châtelet-sur-Retourne,08
8113,8220,Chaumont-Porcien,08
8115,8350,Chémery-Chéhéry,08
8116,8390,Bairon et ses environs,08
8117,8270,Chesnois-Auboncourt,08
8119,8350,Cheveuges,08
8120,8250,Chevières,08
8121,8260,Chilly,08
8122,8600,Chooz,08
8123,8130,Chuffilly-Roche,08
8124,8460,Clavy-Warby,08
8125,8090,Cliron,08
8126,8360,Condé-lès-Herpy,08
8128,8250,Condé-lès-Autry,08
8130,8400,Contreuve,08
8131,8250,Cornay,08
8132,8270,Corny-Machéroménil,08
8133,8300,Coucy,08
8134,8130,Coulommes-et-Marqueny,08
8135,8400,La Croix-aux-Bois,08
8136,8140,Daigny,08
8137,8090,Damouzy,08
8138,8110,Les Deux-Villes,08
8139,8800,Deville,08
8140,8160,Dom-le-Mesnil,08
8141,8460,Dommery,08
8142,8350,Donchery,08
8143,8220,Doumely-Bégny,08
8144,8300,Doux,08
8145,8140,Douzy,08
8146,8220,Draize,08
8147,8310,Dricourt,08
8148,8300,L'Écaille,08
8149,8150,L'Échelle,08
8150,8300,Écly,08
8151,8130,Écordal,08
8152,8160,Élan,08
8153,8110,Escombres-et-le-Chesnois,08
8154,8260,Estrebay,08
8155,8260,Étalle,08
8156,8260,Éteignières,08
8158,8160,Étrépigny,08
8159,8210,Euilly-et-Lombut,08
8160,8090,Évigny,08
8161,8250,Exermont,08
8162,8090,Fagnon,08
8163,8270,Faissault,08
8164,8400,Falaise,08
8165,8270,FAUX,08
8166,8170,Fépin,08
8167,8290,La Férée,08
8168,8370,La Ferté-sur-Chiers,08
8169,8260,Flaignes-Havys,08
8170,8200,Fleigneux,08
8171,8250,Fléville,08
8172,8380,Fligny,08
8173,8160,Flize,08
8174,8200,Floing,08
8175,8600,Foisches,08
8176,8240,Fossé,08
8178,8220,Fraillicourt,08
8179,8140,Francheval,08
8180,8000,La Francheville,08
8182,8290,Le Fréty,08
8183,8600,Fromelennes,08
8184,8370,Fromy,08
8185,8170,Fumay,08
8186,8240,Germont,08
8187,8440,Gernelle,08
8188,8700,Gespunsart,08
8189,8260,Girondelle,08
8190,8600,Givet,08
8191,8200,Givonne,08
8192,8220,Givron,08
8193,8130,Givry,08
8194,8200,Glaire,08
8195,8190,Gomont,08
8196,8270,Grandchamp,08
8197,8250,Grandham,08
8198,8250,Grandpré,08
8199,8700,La Grandville,08
8200,8400,Grivy-Loisy,08
8201,8430,Gruyères,08
8202,8230,Gué-d'Hossus,08
8203,8430,Guignicourt-sur-Vence,08
8204,8130,Guincourt,08
8205,8430,Hagnicourt,08
8206,8090,Ham-les-Moines,08
8207,8600,Ham-sur-Meuse,08
8208,8290,Hannappes,08
8209,8160,Hannogne-Saint-Martin,08
8210,8220,Hannogne-Saint-Rémy,08
8211,8450,Haraucourt,08
8212,8150,Harcy,08
8214,8170,Hargnies,08
8215,8240,Harricourt,08
8216,8090,Haudrecy,08
8217,8800,Haulmé,08
8218,8800,Les Hautes-Rivières,08
8220,8310,Hauviné,08
8222,8170,Haybes,08
8223,8370,Herbeuval,08
8225,8360,Herpy-l'Arlésienne,08
8226,8320,Hierges,08
8228,8430,La Horgne,08
8229,8190,Houdilcourt,08
8230,8090,Houldizy,08
8232,8200,Illy,08
8233,8240,Imécourt,08
8234,8300,Inaumont,08
8235,8440,Issancourt-et-Rumel,08
8236,8430,Jandun,08
8237,8700,Joigny-sur-Meuse,08
8238,8130,Jonval,08
8239,8310,Juniville,08
8240,8270,Justine-Herbigny,08
8242,8800,Laifour,08
8243,8460,Lalobbe,08
8244,8130,Lametz,08
8245,8250,Lançon,08
8246,8240,Landres-et-Saint-Georges,08
8247,8600,Landrichamps,08
8248,8430,Launois-sur-Vence,08
8249,8150,Laval-Morency,08
8250,8310,Leffincourt,08
8251,8150,Lépron-les-Vallées,08
8252,8210,Létanne,08
8254,8290,Liart,08
8255,8110,Linay,08
8256,8400,Liry,08
8257,8150,Logny-Bogny,08
8259,8400,Longwé,08
8260,8150,Lonny,08
8262,8300,Lucquy,08
8263,8440,Lumes,08
8264,8310,Machault,08
8268,8450,Maisoncelle-et-Villers,08
8269,8370,Malandry,08
8271,8400,Manre,08
8272,8460,Maranwez,08
8273,8260,Marby,08
8274,8250,Marcq,08
8275,8370,Margny,08
8276,8370,Margut,08
8277,8290,Marlemont,08
8278,8390,Marquigny,08
8279,8400,Mars-sous-Bourcq,08
8280,8400,Marvaux-Vieux,08
8281,8110,Matton-et-Clémency,08
8282,8260,Maubert-Fontaine,08
8283,8430,Mazerny,08
8284,8500,Les Mazures,08
8286,8310,Ménil-Annelles,08
8287,8310,Ménil-Lépinois,08
8288,8270,Mesmont,08
8289,8110,Messincourt,08
8291,8110,Mogues,08
8293,8370,Moiry,08
8294,8140,La Moncelle,08
8295,8430,Mondigny,08
8296,8250,Montcheutin,08
8298,8090,Montcy-Notre-Dame,08
8300,8390,Le Mont-Dieu,08
8301,8390,Montgon,08
8302,8800,Monthermé,08
8303,8400,Monthois,08
8304,8170,Montigny-sur-Meuse,08
8305,8430,Montigny-sur-Vence,08
8306,8130,Mont-Laurent,08
8307,8220,Montmeillant,08
8309,8310,Mont-Saint-Remy,08
8310,8250,Mouron,08
8311,8210,Mouzon,08
8312,8150,Murtin-et-Bogny,08
8313,8300,Nanteuil-sur-Aisne,08
8314,8300,Neuflize,08
8315,8460,Neufmaison,08
8316,8700,Neufmanil,08
8317,8450,La Neuville-à-Maire,08
8318,8380,La Neuville-aux-Joûtes,08
8319,8380,Neuville-lez-Beaulieu,08
8320,8310,La Neuville-en-Tourne-à-Fuy,08
8321,8130,Neuville-Day,08
8322,8090,Neuville-lès-This,08
8323,8270,La Neuville-lès-Wasigny,08
8324,8430,Neuvizy,08
8325,8400,Noirval,08
8326,8240,Nouart,08
8327,8160,Nouvion-sur-Meuse,08
8328,8700,Nouzonville,08
8329,8270,Novion-Porcien,08
8330,8300,Novy-Chevrières,08
8331,8350,Noyers-Pont-Maugis,08
8332,8240,Oches,08
8333,8250,Olizy-Primat,08
8334,8450,Omicourt,08
8335,8430,Omont,08
8336,8110,Osnes,08
8338,8310,Pauvres,08
8339,8300,Perthes,08
8340,8190,Poilcourt-Sydney,08
8341,8430,Poix-Terron,08
8342,8140,Pouru-aux-Bois,08
8343,8140,Pouru-Saint-Remy,08
8344,8290,Prez,08
8346,8000,Prix-lès-Mézières,08
8347,8370,Puilly-et-Charbeaux,08
8348,8270,Puiseux,08
8349,8110,Pure,08
8350,8400,Quatre-Champs,08
8351,8400,Quilly,08
8352,8430,Raillicourt,08
8353,8600,Rancennes,08
8354,8450,Raucourt-et-Flaba,08
8355,8230,Regniowez,08
8357,8450,Remilly-Aillicourt,08
8358,8150,Remilly-les-Pothées,08
8360,8220,Renneville,08
8361,8150,Renwez,08
8362,8300,Rethel,08
8363,8500,Revin,08
8364,8130,Rilly-sur-Aisne,08
8365,8150,Rimogne,08
8367,8230,Rocroi,08
8368,8190,Roizy,08
8369,8220,La Romagne,08
8370,8150,Rouvroy-sur-Audry,08
8371,8140,Rubécourt-et-Lamécourt,08
8372,8220,Rubigny,08
8373,8290,Rumigny,08
8374,8130,La Sabotterie,08
8375,8110,Sachy,08
8376,8110,Sailly,08
8377,8350,Saint-Aignan,08
8378,8310,Saint-Clément-à-Arnes,08
8379,8310,Saint-Étienne-à-Arnes,08
8380,8360,Saint-Fergeux,08
8381,8190,Saint-Germainmont,08
8382,8220,Saint-Jean-aux-Bois,08
8383,8250,Saint-Juvin,08
8384,8130,Saint-Lambert-et-Mont-de-Jeux,08
8385,8090,Saint-Laurent,08
8386,8300,Saint-Loup-en-Champagne,08
8387,8130,Saint-Loup-Terrier,08
8388,8160,Saint-Marceau,08
8391,8200,Saint-Menges,08
8392,8400,Saint-Morel,08
8393,8310,Saint-Pierre-à-Arnes,08
8395,8430,Saint-Pierre-sur-Vence,08
8396,8220,Saint-Quentin-le-Petit,08
8397,8300,Saint-Remy-le-Petit,08
8398,8130,Sainte-Vaubourg,08
8399,8370,Sapogne-sur-Marche,08
8400,8160,Sapogne-et-Feuchères,08
8401,8130,Saulces-Champenoises,08
8402,8270,Saulces-Monclin,08
8403,8300,Sault-lès-Rethel,08
8404,8190,Sault-Saint-Remy,08
8405,8390,Sauville,08
8406,8400,Savigny-sur-Aisne,08
8407,8250,Séchault,08
8408,8150,Sécheval,08
8409,8200,Sedan,08
8410,8400,Semide,08
8411,8130,Semuy,08
8412,8250,Senuc,08
8413,8220,Seraincourt,08
8415,8270,Sery,08
8416,8300,Seuil,08
8417,8230,Sévigny-la-Forêt,08
8418,8220,Sévigny-Waleppe,08
8419,8460,Signy-l'Abbaye,08
8420,8380,Signy-le-Petit,08
8421,8370,Signy-Montlibert,08
8422,8430,Singly,08
8424,8240,Sommauthe,08
8425,8250,Sommerance,08
8426,8300,Son,08
8427,8300,Sorbon,08
8428,8270,Sorcy-Bauthémont,08
8429,8150,Sormonne,08
8430,8390,Stonne,08
8431,8400,Sugny,08
8432,8090,Sury,08
8433,8130,Suzanne,08
8434,8390,Sy,08
8435,8300,Tagnon,08
8436,8230,Taillette,08
8437,8240,Tailly,08
8438,8360,Taizy,08
8439,8390,Tannay,08
8440,8380,Tarzy,08
8443,8400,Terron-sur-Aisne,08
8444,8110,Tétaigne,08
8445,8350,Thelonne,08
8446,8240,Thénorgues,08
8448,8800,Thilay,08
8449,8460,Thin-le-Moutier,08
8450,8090,This,08
8451,8190,Le Thour,08
8452,8300,Thugny-Trugny,08
8453,8400,Toges,08
8454,8430,Touligny,08
8455,8400,Tourcelles-Chaumont,08
8456,8800,Tournavaux,08
8457,8090,Tournes,08
8458,8130,Tourteron,08
8459,8110,Tremblois-lès-Carignan,08
8460,8150,Tremblois-lès-Rocroi,08
8461,8400,Vandy,08
8462,8130,Vaux-Champagne,08
8463,8240,Vaux-en-Dieulet,08
8464,8250,Vaux-lès-Mouron,08
8465,8220,Vaux-lès-Rubigny,08
8466,8210,Vaux-lès-Mouzon,08
8467,8270,Vaux-Montreuil,08
8468,8150,Vaux-Villaine,08
8469,8160,Vendresse,08
8470,8240,Verpel,08
8471,8390,Verrières,08
8472,8270,Viel-Saint-Remy,08
8473,8190,Vieux-lès-Asfeld,08
8475,8140,Villers-Cernay,08
8476,8190,Villers-devant-le-Thour,08
8477,8210,Villers-devant-Mouzon,08
8478,8430,Villers-le-Tilleul,08
8479,8430,Villers-le-Tourneur,08
8480,8000,Villers-Semeuse,08
8481,8350,Villers-sur-Bar,08
8482,8430,Villers-sur-le-Mont,08
8483,8440,Ville-sur-Lumes,08
8484,8310,Ville-sur-Retourne,08
8485,8370,Villy,08
8486,8320,Vireux-Molhain,08
8487,8320,Vireux-Wallerand,08
8488,8440,Vivier-au-Court,08
8489,8400,Voncq,08
8490,8400,Vouziers,08
8491,8330,Vrigne aux Bois,08
8492,8350,Vrigne-Meuse,08
8493,8400,Vrizy,08
8494,8200,Wadelincourt,08
8496,8270,Wagnon,08
8497,8000,Warcq,08
8498,8090,Warnécourt,08
8499,8270,Wasigny,08
8500,8270,Wignicourt,08
8501,8110,Williers,08
8502,8210,Yoncq,08
8503,8430,Yvernaumont,08
9001,9240,Aigues-Juntes,09
9002,9600,Aigues-Vives,09
9003,9300,L'Aiguillon,09
9004,9310,Albiès,09
9005,9320,Aleu,09
9006,9400,Alliat,09
9007,9240,Allières,09
9008,9200,Alos,09
9009,9240,Alzen,09
9011,9800,Antras,09
9012,9250,Appy,09
9013,9000,Arabaux,09
9014,9800,Argein,09
9015,9400,Arignac,09
9016,9400,Arnave,09
9017,9800,Arrien-en-Bethmale,09
9018,9800,Arrout,09
9019,9130,Artigat,09
9020,9460,Artigues,09
9021,9120,Artix,09
9022,9100,Arvigna,09
9023,9110,Ascou,09
9024,9310,Aston,09
9025,9800,Aucazein,09
9026,9800,Audressein,09
9027,9800,Augirein,09
9028,9310,Aulos,09
9029,9140,Aulus-les-Bains,09
9030,9220,Auzat,09
9031,9250,Axiat,09
9032,9110,Ax-les-Thermes,09
9033,9230,Bagert,09
9034,9800,Balacet,09
9035,9800,Balaguères,09
9037,9230,Barjac,09
9038,9350,La Bastide-de-Besplas,09
9039,9500,La Bastide-de-Bousignac,09
9040,9700,La Bastide-de-Lordat,09
9041,9160,La Bastide-du-Salat,09
9042,9240,La Bastide-de-Sérou,09
9043,9600,La Bastide-sur-l'Hers,09
9044,9000,Baulou,09
9045,9400,Bédeilhac-et-Aynat,09
9046,9230,Bédeille,09
9047,9300,Bélesta,09
9048,9600,Belloc,09
9049,9000,Bénac,09
9050,9100,Benagues,09
9051,9300,Bénaix,09
9052,9500,Besset,09
9053,9250,Bestiac,09
9054,9160,Betchat,09
9055,9800,Bethmale,09
9056,9100,Bézac,09
9057,9320,Biert,09
9058,9400,Bompas,09
9059,9800,Bonac-Irazein,09
9060,9100,Bonnac,09
9061,9350,Les Bordes-sur-Arize,09
9062,9800,Bordes-Uchentein,09
9063,9000,Le Bosc,09
9064,9310,Bouan,09
9065,9320,Boussenac,09
9066,9000,Brassac,09
9068,9000,Burret,09
9069,9800,Buzan,09
9070,9310,Les Cabannes,09
9071,9240,Cadarcet,09
9072,9120,Calzan,09
9073,9290,Camarade,09
9074,9500,Camon,09
9075,9350,Campagne-sur-Arize,09
9076,9700,Canté,09
9077,9400,Capoulet-et-Junac,09
9078,9460,Carcanières,09
9079,9130,Carla-Bayle,09
9080,9300,Carla-de-Roquefort,09
9081,9100,Le Carlaret,09
9082,9420,Castelnau-Durban,09
9083,9130,Castéras,09
9084,9350,Castex,09
9085,9800,Castillon-en-Couserans,09
9087,9250,Caussou,09
9088,9250,Caychax,09
9089,9500,Cazals-des-Baylès,09
9090,9120,Cazaux,09
9091,9160,Cazavet,09
9092,9400,Cazenave-Serres-et-Allens,09
9093,9000,Celles,09
9094,9230,Cérizols,09
9095,9800,Cescau,09
9096,9310,Château-Verdun,09
9097,9420,Clermont,09
9098,9230,Contrazy,09
9099,9000,Cos,09
9100,9140,Couflens,09
9101,9120,Coussa,09
9102,9500,Coutens,09
9103,9120,Crampagna,09
9104,9120,Dalou,09
9105,9350,Daumazan-sur-Arize,09
9106,9300,Dreuilhe,09
9107,9600,Dun,09
9108,9240,Durban-sur-Arize,09
9109,9130,Durfort,09
9110,9200,Encourtiech,09
9111,9800,Engomer,09
9113,9140,Ercé,09
9114,9200,Erp,09
9115,9600,Esclagne,09
9116,9100,Escosse,09
9117,9700,Esplas,09
9118,9420,Esplas-de-Sérou,09
9119,9200,Eycheil,09
9120,9230,Fabas,09
9121,9000,Ferrières-sur-Ariège,09
9122,9000,Foix,09
9123,9350,Fornex,09
9124,9130,Le Fossat,09
9125,9300,Fougax-et-Barrineuf,09
9126,9300,Freychenet,09
9127,9290,Gabre,09
9128,9190,Gajan,09
9129,9800,Galey,09
9130,9000,Ganac,09
9131,9250,Garanou,09
9132,9700,Gaudiès,09
9133,9400,Génat,09
9134,9220,Gestiès,09
9135,9220,Goulier,09
9136,9400,Gourbit,09
9137,9120,Gudas,09
9138,9000,L'Herm,09
9139,9390,L'Hospitalet-près-l'Andorre,09
9140,9110,Ignaux,09
9141,9800,Illartein,09
9142,9300,Ilhat,09
9143,9220,Illier-et-Laramade,09
9145,9100,Les Issards,09
9146,9700,Justiniac,09
9147,9700,Labatut,09
9148,9160,Lacave,09
9149,9200,Lacourt,09
9150,9500,Lagarde,09
9151,9130,Lanoux,09
9152,9400,Lapège,09
9153,9500,Lapenne,09
9154,9240,Larbont,09
9155,9310,Larcat,09
9156,9310,Larnat,09
9157,9600,Laroque-d'Olmes,09
9158,9230,Lasserre,09
9159,9310,Lassur,09
9160,9300,Lavelanet,09
9161,9600,Léran,09
9162,9220,Lercoul,09
9163,9100,Lescousse,09
9164,9420,Lescure,09
9165,9300,Lesparrou,09
9166,9300,Leychert,09
9167,9210,Lézat-sur-Lèze,09
9168,9300,Lieurac,09
9169,9600,Limbrassac,09
9170,9700,Lissac,09
9171,9250,Lordat,09
9172,9350,Loubaut,09
9173,9120,Loubens,09
9174,9000,Loubières,09
9175,9100,Ludiès,09
9176,9250,Luzenac,09
9177,9100,Madière,09
9178,9500,Malegoude,09
9179,9120,Malléon,09
9180,9500,Manses,09
9181,9290,Le Mas-d'Azil,09
9182,9320,Massat,09
9183,9160,Mauvezin-de-Prat,09
9184,9230,Mauvezin-de-Sainte-Croix,09
9185,9270,Mazères,09
9186,9350,Méras,09
9187,9160,Mercenac,09
9188,9400,Mercus-Garrabet,09
9189,9110,Mérens-les-Vals,09
9190,9230,Mérigon,09
9192,9400,Miglos,09
9193,9460,Mijanès,09
9194,9500,Mirepoix,09
9195,9130,Monesple,09
9196,9240,Montagagne,09
9197,9110,Montaillou,09
9198,9230,Montardit,09
9199,9700,Montaut,09
9200,9600,Montbel,09
9201,9200,Montégut-en-Couserans,09
9202,9120,Montégut-Plantaurel,09
9203,9240,Montels,09
9204,9200,Montesquieu-Avantès,09
9205,9350,Montfa,09
9206,9300,Montferrier,09
9207,9330,Montgaillard,09
9208,9160,Montgauch,09
9209,9200,Montjoie-en-Couserans,09
9210,9000,Montoulieu,09
9211,9300,Montségur,09
9212,9240,Montseron,09
9213,9500,Moulin-Neuf,09
9214,9200,Moulis,09
9215,9300,Nalzen,09
9216,9240,Nescus,09
9217,9400,Niaux,09
9218,9110,Orgeix,09
9219,9800,Orgibet,09
9220,9110,Orlu,09
9221,9400,Ornolac-Ussat-les-Bains,09
9222,9220,Orus,09
9223,9140,Oust,09
9224,9130,Pailhès,09
9225,9100,Pamiers,09
9226,9310,Pech,09
9227,9300,Péreille,09
9228,9110,Perles-et-Castelet,09
9229,9600,Le Peyrat,09
9230,9460,Le Pla,09
9231,9320,Le Port,09
9233,9600,Pradettes,09
9234,9000,Pradières,09
9235,9160,Prat-Bonrepaux,09
9236,9000,Prayols,09
9237,9460,Le Puch,09
9238,9100,Les Pujols,09
9239,9460,Quérigut,09
9240,9400,Quié,09
9241,9400,Rabat-les-Trois-Seigneurs,09
9242,9300,Raissac,09
9243,9600,Régat,09
9244,9500,Rieucros,09
9245,9120,Rieux-de-Pelleport,09
9246,9420,Rimont,09
9247,9200,Rivèrenert,09
9249,9300,Roquefixade,09
9250,9300,Roquefort-les-Cascades,09
9251,9500,Roumengoux,09
9252,9460,Rouze,09
9253,9350,Sabarat,09
9254,9100,Saint-Amadou,09
9255,9100,Saint-Amans,09
9256,9120,Saint-Bauzeil,09
9257,9230,Sainte-Croix-Volvestre,09
9258,9120,Saint-Félix-de-Rieutord,09
9259,9500,Saint-Félix-de-Tournegat,09
9260,9500,Sainte-Foi,09
9261,9200,Saint-Girons,09
9262,9300,Saint-Jean-d'Aigues-Vives,09
9263,9800,Saint-Jean-du-Castillonnais,09
9264,9000,Saint-Jean-de-Verges,09
9265,9100,Saint-Jean-du-Falga,09
9266,9500,Saint-Julien-de-Gras-Capou,09
9267,9800,Saint-Lary,09
9268,9190,Saint-Lizier,09
9269,9000,Saint-Martin-de-Caralp,09
9270,9100,Saint-Martin-d'Oydes,09
9272,9000,Saint-Paul-de-Jarrat,09
9273,9000,Saint-Pierre-de-Rivière,09
9274,9500,Saint-Quentin-la-Tour,09
9275,9700,Saint-Quirc,09
9276,9100,Saint-Victor-Rouzaud,09
9277,9210,Saint-Ybars,09
9279,9800,Salsein,09
9280,9400,Saurat,09
9281,9300,Sautel,09
9282,9700,Saverdun,09
9283,9110,Savignac-les-Ormeaux,09
9284,9120,Ségura,09
9285,9140,Seix,09
9286,9220,Sem,09
9287,9250,Senconac,09
9289,9190,Lorp-Sentaraille,09
9290,9800,Sentein,09
9291,9140,Sentenac-d'Oust,09
9292,9240,Sentenac-de-Sérou,09
9293,9000,Serres-sur-Arget,09
9294,9130,Sieuras,09
9295,9220,Siguer,09
9296,9310,Sinsat,09
9297,9800,Sor,09
9298,9110,Sorgeat,09
9299,9140,Soueix-Rogalle,09
9300,9000,Soula,09
9301,9320,Soulan,09
9302,9220,Suc-et-Sentenac,09
9303,9400,Surba,09
9304,9240,Suzan,09
9305,9600,Tabre,09
9306,9400,Tarascon-sur-Ariège,09
9307,9160,Taurignan-Castet,09
9308,9190,Taurignan-Vieux,09
9309,9500,Teilhet,09
9310,9350,Thouars-sur-Arize,09
9311,9110,Tignac,09
9312,9100,La Tour-du-Crieu,09
9313,9230,Tourtouse,09
9314,9500,Tourtrol,09
9315,9700,Trémoulet,09
9316,9500,Troye-d'Ariège,09
9317,9800,Uchentein,09
9318,9250,Unac,09
9319,9100,Unzent,09
9320,9310,Urs,09
9321,9400,Ussat,09
9322,9140,Ustou,09
9323,9500,Vals,09
9324,9120,Varilhes,09
9325,9110,Vaychis,09
9326,9310,Vèbre,09
9327,9120,Ventenac,09
9328,9310,Verdun,09
9329,9000,Vernajoul,09
9330,9250,Vernaux,09
9332,9340,Verniolle,09
9334,9220,Vicdessos,09
9336,9300,Villeneuve-d'Olmes,09
9338,9130,Villeneuve-du-Latou,09
9339,9100,Villeneuve-du-Paréage,09
9340,9120,Vira,09
9341,9500,Viviès,09
9342,9130,Sainte-Suzanne,09
10002,10200,Ailleville,10
10003,10160,Aix-Villemaur-Pâlis,10
10004,10700,Allibaudières,10
10005,10140,Amance,10
10006,10700,Arcis-sur-Aube,10
10007,10200,Arconville,10
10008,10140,Argançon,10
10009,10340,Arrelles,10
10010,10330,Arrembécourt,10
10011,10200,Arrentières,10
10012,10200,Arsonval,10
10013,10320,Assenay,10
10014,10220,Assencières,10
10015,10150,Aubeterre,10
10017,10240,Aulnay,10
10018,10130,Auxon,10
10019,10220,Val-d'Auzon,10
10020,10400,Avant-lès-Marcilly,10
10021,10240,Avant-lès-Ramerupt,10
10022,10340,Avirey-Lingey,10
10023,10290,Avon-la-Pèze,10
10024,10130,Avreuil,10
10025,10340,Bagneux-la-Fosse,10
10026,10330,Bailly-le-Franc,10
10027,10330,Balignicourt,10
10028,10210,Balnot-la-Grange,10
10029,10110,Balnot-sur-Laignes,10
10030,10600,Barberey-Saint-Sulpice,10
10031,10400,Barbuise,10
10032,10200,Baroville,10
10033,10200,Bar-sur-Aube,10
10034,10110,Bar-sur-Seine,10
10035,10310,Bayel,10
10037,10190,Bercenay-en-Othe,10
10038,10290,Bercenay-le-Hayer,10
10039,10200,Bergères,10
10040,10130,Bernon,10
10041,10110,Bertignolles,10
10042,10160,Bérulle,10
10043,10170,Bessy,10
10044,10500,Bétignicourt,10
10045,10140,Beurey,10
10046,10500,Blaincourt-sur-Aube,10
10047,10500,Blignicourt,10
10048,10200,Bligny,10
10049,10800,Les Bordes-Aumont,10
10050,10140,Bossancourt,10
10051,10320,Bouilly,10
10052,10380,Boulages,10
10053,10270,Bouranton,10
10054,10290,Bourdenay,10
10055,10110,Bourguignons,10
10056,10220,Bouy-Luxembourg,10
10057,10400,Bouy-sur-Orvin,10
10058,10340,Bragelogne-Beauvoir,10
10060,10450,Bréviandes,10
10061,10220,Brévonnes,10
10062,10140,Briel-sur-Barse,10
10063,10500,Brienne-la-Vieille,10
10064,10500,Brienne-le-Château,10
10065,10240,Brillecourt,10
10066,10190,Bucey-en-Othe,10
10067,10800,Buchères,10
10068,10110,Buxeuil,10
10069,10110,Buxières-sur-Arce,10
10070,10110,Celles-sur-Ource,10
10071,10110,Chacenay,10
10072,10500,La Chaise,10
10073,10500,Chalette-sur-Voire,10
10074,10130,Chamoy,10
10075,10700,Champfleury,10
10076,10200,Champignol-lez-Mondeville,10
10077,10700,Champigny-sur-Aube,10
10078,10140,Champ-sur-Barse,10
10079,10340,Channes,10
10080,10210,Chaource,10
10081,10600,La Chapelle-Saint-Luc,10
10082,10700,Chapelle-Vallon,10
10084,10150,Charmont-sous-Barbuise,10
10085,10290,Charmoy,10
10086,10380,Charny-le-Bachot,10
10087,10210,Chaserey,10
10089,10510,Châtres,10
10090,10170,Chauchigny,10
10091,10240,Chaudrey,10
10092,10110,Chauffour-lès-Bailly,10
10093,10500,Chaumesnil,10
10094,10330,Chavanges,10
10095,10700,Le Chêne,10
10096,10190,Chennegy,10
10097,10110,Chervey,10
10098,10210,Chesley,10
10099,10130,Chessy-les-Prés,10
10100,10390,Clérey,10
10101,10240,Coclois,10
10102,10200,Colombé-la-Fosse,10
10103,10200,Colombé-le-Sec,10
10104,10800,Cormost,10
10105,10500,Courcelles-sur-Voire,10
10106,10400,Courceroy,10
10107,10130,Coursan-en-Othe,10
10108,10130,Courtaoult,10
10109,10260,Courtenot,10
10110,10270,Courteranges,10
10111,10250,Courteron,10
10112,10210,Coussegrey,10
10113,10200,Couvignon,10
10114,10100,Crancey,10
10115,10150,Creney-près-Troyes,10
10116,10320,Crésantignes,10
10117,10500,Crespy-le-Neuf,10
10118,10130,Les Croûtes,10
10119,10360,Cunfin,10
10120,10210,Cussangy,10
10121,10240,Dampierre,10
10122,10130,Davrey,10
10123,10500,Dienville,10
10124,10190,Dierrey-Saint-Julien,10
10125,10190,Dierrey-Saint-Pierre,10
10126,10200,Dolancourt,10
10127,10240,Dommartin-le-Coq,10
10128,10330,Donnement,10
10129,10220,Dosches,10
10130,10700,Dosnon,10
10131,10170,Droupt-Saint-Basle,10
10132,10170,Droupt-Sainte-Marie,10
10133,10130,Eaux-Puiseaux,10
10134,10350,Échemines,10
10135,10200,Éclance,10
10136,10110,Éguilly-sous-Bois,10
10137,10200,Engente,10
10138,10500,Épagne,10
10139,10500,Épothémont,10
10140,10130,Ervy-le-Châtel,10
10141,10360,Essoyes,10
10142,10190,Estissac,10
10143,10210,Étourvy,10
10144,10170,Étrelles-sur-Aube,10
10145,10290,Faux-Villecerf,10
10146,10290,Fay-lès-Marcilly,10
10147,10320,Fays-la-Chapelle,10
10148,10400,Ferreux-Quincey,10
10149,10150,Feuges,10
10150,10200,Fontaine,10
10151,10280,Fontaine-les-Grès,10
10153,10400,Fontaine-Mâcon,10
10154,10400,Fontenay-de-Bossery,10
10155,10360,Fontette,10
10156,10190,Fontvannes,10
10157,10100,La Fosse-Corduan,10
10158,10260,Fouchères,10
10159,10110,Fralignes,10
10160,10200,Fravaux,10
10161,10200,Fresnay,10
10162,10270,Fresnoy-le-Château,10
10163,10200,Fuligny,10
10164,10100,Gélannes,10
10165,10220,Géraudot,10
10166,10170,Les Grandes-Chapelles,10
10167,10700,Grandville,10
10168,10210,Les Granges,10
10169,10400,Gumery,10
10170,10250,Gyé-sur-Seine,10
10171,10500,Hampigny,10
10172,10700,Herbisse,10
10173,10800,Isle-Aumont,10
10174,10240,Isle-Aubigny,10
10175,10330,Jasseines,10
10176,10200,Jaucourt,10
10177,10320,Javernant,10
10178,10140,Jessains,10
10179,10320,Jeugny,10
10180,10330,Joncreuil,10
10181,10260,Jully-sur-Sarce,10
10182,10310,Juvancourt,10
10183,10140,Juvanzé,10
10184,10500,Juzanvigny,10
10185,10210,Lagesse,10
10186,10120,Laines-aux-Bois,10
10187,10110,Landreville,10
10188,10210,Lantages,10
10189,10500,Lassicourt,10
10190,10270,Laubressel,10
10191,10150,Lavau,10
10192,10330,Lentilles,10
10193,10500,Lesmont,10
10194,10200,Lévigny,10
10195,10700,Lhuître,10
10196,10130,Lignières,10
10197,10200,Lignol-le-Château,10
10198,10320,Lirey,10
10199,10110,Loches-sur-Ource,10
10200,10140,La Loge-aux-Chèvres,10
10201,10210,La Loge-Pomblin,10
10202,10210,Les Loges-Margueron,10
10203,10310,Longchamp-sur-Aujon,10
10204,10320,Longeville-sur-Mogne,10
10205,10140,Longpré-le-Sec,10
10206,10240,Longsols,10
10207,10170,Longueville-sur-Aube,10
10208,10400,La Louptière-Thénard,10
10209,10270,Lusigny-sur-Barse,10
10210,10150,Luyères,10
10211,10300,Macey,10
10212,10320,Machy,10
10213,10110,Magnant,10
10214,10240,Magnicourt,10
10215,10140,Magny-Fouchard,10
10216,10230,Mailly-le-Camp,10
10217,10140,Maison-des-Champs,10
10218,10210,Maisons-lès-Chaource,10
10219,10200,Maisons-lès-Soulaines,10
10220,10510,Maizières-la-Grande-Paroisse,10
10221,10500,Maizières-lès-Brienne,10
10222,10160,Maraye-en-Othe,10
10223,10290,Marcilly-le-Hayer,10
10224,10350,Marigny-le-Châtel,10
10225,10400,Marnay-sur-Seine,10
10226,10110,Marolles-lès-Bailly,10
10227,10130,Marolles-sous-Lignières,10
10228,10500,Mathaux,10
10229,10320,Maupas,10
10230,10600,Mergey,10
10231,10400,Le Mériot,10
10232,10110,Merrey-sur-Arce,10
10233,10170,Méry-sur-Seine,10
10234,10170,Mesgrigny,10
10235,10700,Mesnil-la-Comtesse,10
10236,10240,Mesnil-Lettre,10
10237,10190,Mesnil-Saint-Loup,10
10238,10140,Mesnil-Saint-Père,10
10239,10220,Mesnil-Sellières,10
10240,10190,Messon,10
10241,10210,Metz-Robert,10
10242,10200,Meurville,10
10243,10500,Molins-sur-Aube,10
10245,10270,Montaulin,10
10246,10260,Montceaux-lès-Vaudes,10
10247,10130,Montfey,10
10248,10300,Montgueux,10
10249,10270,Montiéramey,10
10250,10200,Montier-en-l'Isle,10
10251,10130,Montigny-les-Monts,10
10252,10140,Montmartin-le-Haut,10
10253,10330,Montmorency-Beaufort,10
10254,10400,Montpothier,10
10255,10270,Montreuil-sur-Barse,10
10256,10150,Montsuzain,10
10257,10240,Morembert,10
10258,10500,Morvilliers,10
10259,10400,La Motte-Tilly,10
10260,10800,Moussey,10
10261,10250,Mussy-sur-Seine,10
10262,10250,Neuville-sur-Seine,10
10263,10190,Neuville-sur-Vanne,10
10264,10360,Noé-les-Mallets,10
10265,10420,Les Noës-près-Troyes,10
10266,10160,Nogent-en-Othe,10
10267,10240,Nogent-sur-Aube,10
10268,10400,Nogent-sur-Seine,10
10269,10700,Nozay,10
10270,10220,Onjon,10
10271,10510,Origny-le-Sec,10
10272,10700,Ormes,10
10273,10700,Ortillon,10
10274,10170,Orvilliers-Saint-Julien,10
10275,10100,Ossey-les-Trois-Maisons,10
10276,10160,Paisy-Cosdon,10
10278,10210,Pargues,10
10279,10330,Pars-lès-Chavanges,10
10280,10100,Pars-lès-Romilly,10
10281,10350,Le Pavillon-Sainte-Julie,10
10282,10600,Payns,10
10283,10500,Pel-et-Der,10
10284,10400,Périgny-la-Rose,10
10285,10500,Perthes-lès-Brienne,10
10286,10500,Petit-Mesnil,10
10287,10220,Piney,10
10288,10250,Plaines-Saint-Lange,10
10289,10380,Plancy-l'Abbaye,10
10290,10160,Planty,10
10291,10400,Plessis-Barbuise,10
10293,10700,Poivres,10
10295,10110,Polisot,10
10296,10110,Polisy,10
10297,10150,Pont-Sainte-Marie,10
10298,10400,Pont-sur-Seine,10
10299,10700,Pouan-les-Vallées,10
10300,10240,Pougy,10
10301,10290,Pouy-sur-Vannes,10
10302,10210,Praslin,10
10303,10500,Précy-Notre-Dame,10
10304,10500,Précy-Saint-Martin,10
10305,10170,Prémierfait,10
10306,10200,Proverville,10
10307,10190,Prugny,10
10308,10350,Prunay-Belleville,10
10309,10210,Prusy,10
10310,10140,Puits-et-Nuisement,10
10312,10130,Racines,10
10313,10500,Radonvilliers,10
10314,10240,Ramerupt,10
10315,10500,Rances,10
10316,10170,Rhèges,10
10317,10340,Les Riceys,10
10318,10290,Rigny-la-Nonneuse,10
10319,10160,Rigny-le-Ferron,10
10320,10280,Rilly-Sainte-Syre,10
10321,10440,La Rivière-de-Corps,10
10323,10100,Romilly-sur-Seine,10
10324,10320,Roncenay,10
10325,10430,Rosières-près-Troyes,10
10326,10500,Rosnay-l'Hôpital,10
10327,10500,La Rothière,10
10328,10220,Rouilly-Sacey,10
10329,10800,Rouilly-Saint-Loup,10
10330,10200,Rouvres-les-Vignes,10
10331,10260,Rumilly-lès-Vaudes,10
10332,10410,Ruvigny,10
10333,10120,Saint-André-les-Vergers,10
10335,10160,Saint-Benoist-sur-Vanne,10
10336,10180,Saint-Benoît-sur-Seine,10
10337,10500,Saint-Christophe-Dodinicourt,10
10338,10700,Saint-Étienne-sous-Barbuise,10
10339,10350,Saint-Flavy,10
10341,10100,Saint-Hilaire-sous-Romilly,10
10342,10320,Saint-Jean-de-Bonneval,10
10343,10800,Saint-Julien-les-Villas,10
10344,10800,Saint-Léger-près-Troyes,10
10345,10500,Saint-Léger-sous-Brienne,10
10346,10330,Saint-Léger-sous-Margerie,10
10347,10100,Saint-Loup-de-Buffigny,10
10348,10350,Saint-Lupien,10
10349,10180,Saint-Lyé,10
10350,10160,Saint-Mards-en-Othe,10
10351,10100,Saint-Martin-de-Bossenay,10
10352,10150,Sainte-Maure,10
10353,10280,Saint-Mesmin,10
10354,10700,Saint-Nabord-sur-Aube,10
10355,10400,Saint-Nicolas-la-Chapelle,10
10356,10170,Saint-Oulph,10
10357,10410,Saint-Parres-aux-Tertres,10
10358,10260,Saint-Parres-lès-Vaudes,10
10359,10130,Saint-Phal,10
10360,10120,Saint-Pouange,10
10361,10700,Saint-Remy-sous-Barbuise,10
10362,10300,Sainte-Savine,10
10363,10800,Saint-Thibault,10
10364,10360,Saint-Usage,10
10365,10700,Salon,10
10366,10200,Saulcy,10
10367,10400,La Saulsotte,10
10368,10600,Savières,10
10369,10700,Semoine,10
10370,10400,Soligny-les-Étangs,10
10371,10320,Sommeval,10
10372,10200,Soulaines-Dhuys,10
10373,10320,Souligny,10
10374,10200,Spoy,10
10375,10410,Thennelières,10
10376,10140,Thieffrain,10
10378,10200,Thors,10
10379,10700,Torcy-le-Grand,10
10380,10700,Torcy-le-Petit,10
10381,10440,Torvilliers,10
10382,10400,Traînel,10
10383,10290,Trancault,10
10384,10140,Trannes,10
10386,10700,Trouans,10
10387,10000,Troyes,10
10388,10210,Turgy,10
10389,10140,Unienville,10
10390,10200,Urville,10
10391,10150,Vailly,10
10392,10170,Vallant-Saint-Georges,10
10393,10500,Vallentigny,10
10394,10210,Vallières,10
10395,10210,Vanlay,10
10396,10190,Vauchassis,10
10397,10140,Vauchonvilliers,10
10398,10240,Vaucogne,10
10399,10260,Vaudes,10
10400,10700,Vaupoisson,10
10401,10140,Vendeuvre-sur-Barse,10
10402,10800,La Vendue-Mignot,10
10403,10200,Vernonvilliers,10
10404,10360,Verpillières-sur-Ource,10
10405,10240,Verricourt,10
10408,10380,Viâpres-le-Petit,10
10409,10600,Villacerf,10
10410,10290,Villadin,10
10411,10500,La Ville-aux-Bois,10
10412,10410,Villechétif,10
10414,10350,Villeloup,10
10416,10800,Villemereuil,10
10417,10160,Villemoiron-en-Othe,10
10418,10110,Villemorien,10
10419,10260,Villemoyenne,10
10420,10370,Villenauxe-la-Grande,10
10421,10400,La Villeneuve-au-Châtelot,10
10422,10130,Villeneuve-au-Chemin,10
10423,10140,La Villeneuve-au-Chêne,10
10425,10320,Villery,10
10426,10310,Ville-sous-la-Ferté,10
10427,10110,Ville-sur-Arce,10
10428,10200,Ville-sur-Terre,10
10429,10700,Villette-sur-Aube,10
10430,10700,Villiers-Herbisse,10
10431,10210,Villiers-le-Bois,10
10432,10210,Villiers-sous-Praslin,10
10433,10140,Villy-en-Trodes,10
10434,10800,Villy-le-Bois,10
10435,10800,Villy-le-Maréchal,10
10436,10700,Vinets,10
10437,10260,Virey-sous-Bar,10
10438,10110,Vitry-le-Croisé,10
10439,10110,Viviers-sur-Artaut,10
10440,10200,Voigny,10
10441,10130,Vosnon,10
10442,10150,Voué,10
10443,10210,Vougrey,10
10444,10160,Vulaines,10
10445,10500,Yèvres-le-Petit,10
11002,11320,Airoux,11
11003,11300,Ajac,11
11004,11240,Alaigne,11
11005,11290,Alairac,11
11006,11360,Albas,11
11007,11330,Albières,11
11008,11580,Alet-les-Bains,11
11009,11170,Alzonne,11
11010,11190,Antugnac,11
11011,11600,Aragon,11
11012,11120,Argeliers,11
11013,11200,Argens-Minervois,11
11014,11110,Armissan,11
11015,11190,Arques,11
11016,11220,Arquettes-en-Val,11
11018,11290,Arzens,11
11019,11140,Aunat,11
11020,11330,Auriac,11
11021,11140,Axat,11
11022,11700,Azille,11
11023,11800,Badens,11
11024,11100,Bages,11
11025,11600,Bagnoles,11
11026,11410,Baraigne,11
11027,11800,Barbaira,11
11028,11340,Belcaire,11
11029,11580,Belcastel-et-Buc,11
11030,11410,Belflou,11
11031,11140,Belfort-sur-Rebenty,11
11032,11240,Bellegarde-du-Razès,11
11033,11420,Belpech,11
11034,11240,Belvèze-du-Razès,11
11035,11500,Belvianes-et-Cavirac,11
11036,11340,Belvis,11
11037,11000,Berriac,11
11038,11140,Bessède-de-Sault,11
11039,11300,La Bezole,11
11040,11200,Bizanet,11
11041,11120,Bize-Minervois,11
11042,11700,Blomac,11
11043,11800,Bouilhonnac,11
11044,11330,Bouisse,11
11045,11300,Bouriège,11
11046,11300,Bourigeole,11
11047,11140,Le Bousquet,11
11048,11200,Boutenac,11
11049,11150,Bram,11
11051,11270,Brézilhac,11
11052,11390,Brousses-et-Villaret,11
11053,11300,Brugairolles,11
11054,11400,Les Brunels,11
11055,11190,Bugarach,11
11056,11160,Cabrespine,11
11057,11420,Cahuzac,11
11058,11240,Cailhau,11
11059,11240,Cailhavel,11
11060,11140,Cailla,11
11061,11240,Cambieure,11
11062,11140,Campagna-de-Sault,11
11063,11260,Campagne-sur-Aude,11
11064,11200,Camplong-d'Aude,11
11065,11190,Camps-sur-l'Agly,11
11066,11340,Camurac,11
11067,11200,Canet,11
11068,11700,Capendu,11
11069,11000,Carcassonne,11
11070,11170,Carlipa,11
11071,11360,Cascastel-des-Corbières,11
11072,11270,La Cassaigne,11
11073,11190,Cassaignes,11
11074,11320,Les Cassés,11
11075,11160,Castans,11
11076,11400,Castelnaudary,11
11077,11700,Castelnau-d'Aude,11
11078,11300,Castelreng,11
11079,11390,Caudebronde,11
11080,11230,Val de Lambronne,11
11081,11160,Caunes-Minervois,11
11082,11250,Caunette-sur-Lauquet,11
11083,11220,Caunettes-en-Val,11
11084,11170,Caux-et-Sauzens,11
11085,11570,Cavanac,11
11086,11510,Caves,11
11087,11270,Cazalrenoux,11
11088,11570,Cazilhac,11
11089,11170,Cenne-Monestiés,11
11090,11300,Cépie,11
11091,11230,Chalabre,11
11092,11160,Citou,11
11093,11140,Le Clat,11
11094,11250,Clermont-sur-Lauquet,11
11095,11700,Comigne,11
11096,11340,Comus,11
11097,11190,Conilhac-de-la-Montagne,11
11098,11200,Conilhac-Corbières,11
11099,11600,Conques-sur-Orbiel,11
11101,11500,Coudons,11
11102,11250,Couffoulens,11
11103,11190,Couiza,11
11104,11140,Counozouls,11
11105,11300,Cournanel,11
11106,11110,Coursan,11
11107,11230,Courtauly,11
11108,11240,La Courtète,11
11109,11190,Coustaussa,11
11110,11220,Coustouge,11
11111,11200,Cruscades,11
11112,11190,Cubières-sur-Cinoble,11
11113,11350,Cucugnan,11
11114,11410,Cumiès,11
11115,11390,Cuxac-Cabardès,11
11116,11590,Cuxac-d'Aude,11
11117,11330,Davejean,11
11118,11330,Dernacueillette,11
11119,11300,La Digne-d'Amont,11
11120,11300,La Digne-d'Aval,11
11121,11240,Donazac,11
11122,11700,Douzens,11
11123,11350,Duilhac-sous-Peyrepertuse,11
11124,11360,Durban-Corbières,11
11125,11360,Embres-et-Castelmaure,11
11126,11200,Escales,11
11127,11140,Escouloubre,11
11128,11240,Escueillens-et-Saint-Just-de-Bélengard,11
11129,11260,Espéraza,11
11130,11340,Espezel,11
11131,11260,Fa,11
11132,11200,Fabrezan,11
11133,11220,Fajac-en-Val,11
11134,11410,Fajac-la-Relenque,11
11135,11140,La Fajolle,11
11136,11270,Fanjeaux,11
11137,11330,Félines-Termenès,11
11138,11400,Fendeille,11
11139,11240,Fenouillet-du-Razès,11
11140,11200,Ferrals-les-Corbières,11
11141,11240,Ferran,11
11142,11300,Festes-et-Saint-André,11
11143,11510,Feuilla,11
11144,11510,Fitou,11
11146,11800,Floure,11
11147,11140,Fontanès-de-Sault,11
11148,11700,Fontcouverte,11
11149,11400,Fonters-du-Razès,11
11150,11390,Fontiers-Cabardès,11
11151,11800,Fontiès-d'Aude,11
11152,11360,Fontjoncouse,11
11153,11270,La Force,11
11154,11600,Fournes-Cabardès,11
11155,11190,Fourtou,11
11156,11600,Fraisse-Cabardès,11
11157,11360,Fraissé-des-Corbières,11
11158,11300,Gaja-et-Villedieu,11
11159,11270,Gaja-la-Selve,11
11160,11140,Galinagues,11
11161,11250,Gardie,11
11162,11270,Generville,11
11163,11140,Gincla,11
11164,11120,Ginestas,11
11165,11500,Ginoles,11
11166,11410,Gourvieille,11
11167,11240,Gramazie,11
11168,11500,Granès,11
11169,11250,Greffeil,11
11170,11430,Gruissan,11
11172,11200,Homps,11
11173,11240,Hounoux,11
11174,11380,Les Ilhes,11
11175,11400,Issel,11
11176,11220,Jonquières,11
11177,11140,Joucou,11
11178,11320,Labastide-d'Anjou,11
11179,11220,Labastide-en-Val,11
11180,11380,Labastide-Esparbairenque,11
11181,11400,Labécède-Lauragais,11
11182,11310,Lacombe,11
11183,11250,Ladern-sur-Lauquet,11
11184,11420,Lafage,11
11185,11220,Lagrasse,11
11186,11330,Lairière,11
11187,11330,Lanet,11
11188,11480,La Palme,11
11189,11390,Laprade,11
11190,11700,La Redorte,11
11191,11330,Laroque-de-Fa,11
11192,11400,Lasbordes,11
11193,11270,Lasserre-de-Prouille,11
11194,11600,Lastours,11
11195,11400,Laurabuc,11
11196,11270,Laurac,11
11197,11300,Lauraguel,11
11198,11800,Laure-Minervois,11
11199,11290,Lavalette,11
11200,11160,Lespinassière,11
11201,11250,Leuc,11
11202,11370,Leucate,11
11203,11200,Lézignan-Corbières,11
11204,11240,Lignairolles,11
11205,11600,Limousis,11
11206,11300,Limoux,11
11207,11300,Loupia,11
11208,11410,La Louvière-Lauragais,11
11209,11190,Luc-sur-Aude,11
11210,11200,Luc-sur-Orbieu,11
11211,11300,Magrie,11
11212,11120,Mailhac,11
11213,11330,Maisons,11
11214,11300,Malras,11
11215,11600,Malves-en-Minervois,11
11216,11300,Malviès,11
11217,11120,Marcorignan,11
11218,11410,Marquein,11
11219,11140,Marsa,11
11220,11800,Marseillette,11
11221,11390,Les Martys,11
11222,11380,Mas-Cabardès,11
11223,11570,Mas-des-Cours,11
11224,11330,Massac,11
11225,11400,Mas-Saintes-Puelles,11
11226,11420,Mayreville,11
11227,11220,Mayronnes,11
11228,11240,Mazerolles-du-Razès,11
11229,11140,Mazuby,11
11230,11140,Mérial,11
11231,11410,Mézerville,11
11232,11380,Miraval-Cabardès,11
11233,11120,Mirepeisset,11
11234,11400,Mireval-Lauragais,11
11235,11580,Missègre,11
11236,11420,Molandier,11
11238,11410,Molleville,11
11239,11410,Montauriol,11
11240,11190,Montazels,11
11241,11700,Montbrun-des-Corbières,11
11243,11320,Montferrand,11
11244,11140,Montfort-sur-Boulzane,11
11246,11240,Montgradail,11
11247,11240,Monthaut,11
11248,11800,Montirat,11
11249,11230,Montjardin,11
11250,11330,Montjoi,11
11251,11220,Montlaur,11
11253,11170,Montolieu,11
11255,11100,Montredon-des-Corbières,11
11256,11200,Montséret,11
11257,11800,Monze,11
11258,11120,Moussan,11
11259,11170,Moussoulens,11
11260,11330,Mouthoumet,11
11261,11700,Moux,11
11262,11100,Narbonne,11
11263,11500,Nébias,11
11264,11200,Névian,11
11265,11140,Niort-de-Sault,11
11266,11210,Port-la-Nouvelle,11
11267,11200,Ornaisons,11
11268,11270,Orsans,11
11269,11590,Ouveillan,11
11270,11350,Padern,11
11271,11330,Palairac,11
11272,11570,Palaja,11
11273,11200,Paraza,11
11274,11300,Pauligne,11
11275,11410,Payra-sur-l'Hers,11
11276,11350,Paziols,11
11277,11420,Pécharic-et-le-Py,11
11278,11420,Pech-Luna,11
11279,11610,Pennautier,11
11280,11700,Pépieux,11
11281,11150,Pexiora,11
11282,11230,Peyrefitte-du-Razès,11
11283,11420,Peyrefitte-sur-l'Hers,11
11284,11400,Peyrens,11
11285,11440,Peyriac-de-Mer,11
11286,11160,Peyriac-Minervois,11
11287,11190,Peyrolles,11
11288,11170,Pezens,11
11289,11300,Pieusse,11
11290,11420,Plaigne,11
11291,11270,Plavilla,11
11292,11400,La Pomarède,11
11293,11250,Pomas,11
11294,11300,Pomy,11
11295,11490,Portel-des-Corbières,11
11296,11120,Pouzols-Minervois,11
11297,11380,Pradelles-Cabardès,11
11298,11220,Pradelles-en-Val,11
11299,11250,Preixan,11
11300,11400,Puginier,11
11301,11700,Puichéric,11
11302,11140,Puilaurens,11
11303,11230,Puivert,11
11304,11500,Quillan,11
11305,11360,Quintillan,11
11306,11500,Quirbajou,11
11307,11200,Raissac-d'Aude,11
11308,11170,Raissac-sur-Lampy,11
11309,11190,Rennes-le-Château,11
11310,11190,Rennes-les-Bains,11
11311,11220,Ribaute,11
11312,11270,Ribouisse,11
11313,11400,Ricaud,11
11314,11220,Rieux-en-Val,11
11315,11160,Rieux-Minervois,11
11316,11230,Rivel,11
11317,11140,Rodome,11
11318,11700,Roquecourbe-Minervois,11
11319,11380,Roquefère,11
11320,11340,Roquefeuil,11
11321,11140,Roquefort-de-Sault,11
11322,11540,Roquefort-des-Corbières,11
11323,11300,Roquetaillade,11
11324,11200,Roubia,11
11325,11250,Rouffiac-d'Aude,11
11326,11350,Rouffiac-des-Corbières,11
11327,11290,Roullens,11
11328,11240,Routier,11
11329,11260,Rouvenac,11
11330,11800,Rustiques,11
11332,11200,Saint-André-de-Roquelongue,11
11334,11410,Sainte-Camelle,11
11335,11140,Sainte-Colombe-sur-Guette,11
11336,11230,Sainte-Colombe-sur-l'Hers,11
11337,11700,Saint-Couat-d'Aude,11
11338,11300,Saint-Couat-du-Razès,11
11339,11310,Saint-Denis,11
11341,11500,Saint-Ferriol,11
11342,11800,Saint-Frichoux,11
11343,11270,Saint-Gaudéric,11
11345,11360,Saint-Jean-de-Barrou,11
11346,11260,Saint-Jean-de-Paracol,11
11347,11500,Saint-Julia-de-Bec,11
11348,11270,Saint-Julien-de-Briola,11
11350,11500,Saint-Just-et-le-Bézu,11
11351,11220,Saint-Laurent-de-la-Cabrerisse,11
11352,11500,Saint-Louis-et-Parahou,11
11353,11120,Saint-Marcel-sur-Aude,11
11354,11220,Saint-Martin-des-Puits,11
11355,11300,Saint-Martin-de-Villereglan,11
11356,11400,Saint-Martin-Lalande,11
11357,11170,Saint-Martin-le-Vieil,11
11358,11500,Saint-Martin-Lys,11
11359,11410,Saint-Michel-de-Lanès,11
11360,11120,Saint-Nazaire-d'Aude,11
11361,11400,Saint-Papoul,11
11362,11320,Saint-Paulet,11
11363,11220,Saint-Pierre-des-Champs,11
11364,11300,Saint-Polycarpe,11
11366,11120,Sainte-Valière,11
11367,11310,Saissac,11
11368,11600,Sallèles-Cabardès,11
11369,11590,Sallèles-d'Aude,11
11370,11110,Salles-d'Aude,11
11371,11410,Salles-sur-l'Hers,11
11372,11600,Salsigne,11
11373,11140,Salvezines,11
11374,11330,Salza,11
11375,11240,Seignalens,11
11376,11190,La Serpent,11
11378,11220,Serviès-en-Val,11
11379,11130,Sigean,11
11380,11230,Sonnac-sur-l'Hers,11
11381,11190,Sougraigne,11
11382,11400,Souilhanels,11
11383,11400,Souilhe,11
11384,11330,Soulatgé,11
11385,11320,Soupex,11
11386,11220,Talairan,11
11387,11220,Taurize,11
11388,11330,Termes,11
11389,11580,Terroles,11
11390,11200,Thézan-des-Corbières,11
11391,11380,La Tourette-Cabardès,11
11392,11220,Tournissan,11
11393,11200,Tourouzelle,11
11394,11300,Tourreilles,11
11395,11160,Trassanel,11
11396,11160,Trausse,11
11397,11800,Trèbes,11
11398,11510,Treilles,11
11399,11400,Tréville,11
11400,11230,Tréziers,11
11401,11350,Tuchan,11
11402,11580,Valmigère,11
11404,11610,Ventenac-Cabardès,11
11405,11120,Ventenac-en-Minervois,11
11406,11580,Véraza,11
11407,11400,Verdun-en-Lauragais,11
11408,11250,Verzeille,11
11409,11330,Vignevieille,11
11410,11600,Villalier,11
11411,11600,Villanière,11
11412,11580,Villardebelle,11
11413,11600,Villardonnel,11
11414,11220,Villar-en-Val,11
11415,11250,Villar-Saint-Anselme,11
11416,11600,Villarzel-Cabardès,11
11417,11300,Villarzel-du-Razès,11
11418,11150,Villasavary,11
11419,11420,Villautou,11
11420,11250,Villebazy,11
11421,11200,Villedaigne,11
11422,11800,Villedubert,11
11423,11570,Villefloure,11
11424,11230,Villefort,11
11425,11600,Villegailhenc,11
11426,11600,Villegly,11
11427,11300,Villelongue-d'Aude,11
11428,11310,Villemagne,11
11429,11620,Villemoustaussou,11
11430,11400,Villeneuve-la-Comptal,11
11431,11360,Villeneuve-les-Corbières,11
11432,11290,Villeneuve-lès-Montréal,11
11433,11160,Villeneuve-Minervois,11
11434,11150,Villepinte,11
11435,11330,Villerouge-Termenès,11
11436,11360,Villesèque-des-Corbières,11
11437,11170,Villesèquelande,11
11438,11150,Villesiscle,11
11439,11170,Villespy,11
11440,11220,Villetritouls,11
11441,11110,Vinassan,11
12001,12630,Agen-d'Aveyron,12
12002,12520,Aguessac,12
12003,12220,Les Albres,12
12004,12300,Almont-les-Junies,12
12006,12430,Alrance,12
12007,12260,Ambeyrac,12
12008,12390,Anglars-Saint-Félix,12
12009,12360,Arnac-sur-Dourdou,12
12011,12120,Arvieu,12
12012,12700,Asprières,12
12013,12110,Aubin,12
12015,12120,Auriac-Lagast,12
12016,12390,Auzits,12
12017,12430,Ayssènes,12
12018,12260,Balaguier-d'Olt,12
12019,12380,Balaguier-sur-Rance,12
12020,12510,Balsac,12
12021,12200,Le Bas Ségala,12
12022,12490,La Bastide-Pradines,12
12023,12550,La Bastide-Solages,12
12024,12390,Belcastel,12
12025,12370,Belmont-sur-Rance,12
12026,12310,Bertholène,12
12027,12500,Bessuéjouls,12
12028,12300,Boisse-Penchot,12
12029,12270,Bor-et-Bar,12
12030,12300,Bouillac,12
12031,12390,Bournazel,12
12032,12160,Boussac,12
12033,12340,Bozouls,12
12034,12350,Brandonnet,12
12035,12550,Brasc,12
12036,12600,Brommat,12
12037,12480,Broquiès,12
12038,12480,Brousse-le-Château,12
12039,12360,Brusque,12
12041,12800,Cabanès,12
12042,12400,Calmels-et-le-Viala,12
12043,12450,Calmont,12
12044,12360,Camarès,12
12045,12160,Camboulazet,12
12046,12800,Camjac,12
12047,12560,Campagnac,12
12048,12140,Campouriez,12
12049,12580,Campuac,12
12050,12290,Canet-de-Salars,12
12051,12420,Cantoin,12
12052,12700,Capdenac-Gare,12
12053,12260,La Capelle-Balaguier,12
12054,12240,La Capelle-Bleys,12
12055,12130,La Capelle-Bonance,12
12056,12160,Baraqueville,12
12057,12120,Cassagnes-Bégonhès,12
12058,12210,Cassuéjouls,12
12059,12240,Castanet,12
12060,12800,Castelmary,12
12061,12500,Castelnau-de-Mandailles,12
12062,12620,Castelnau-Pégayrols,12
12063,12230,La Cavalerie,12
12064,12500,Le Cayrol,12
12065,12120,Centrès,12
12066,12330,Clairvaux-d'Aveyron,12
12067,12540,Le Clapier,12
12068,12240,Colombiès,12
12069,12370,Combret,12
12070,12520,Compeyre,12
12071,12350,Compolibat,12
12072,12100,Comprégnac,12
12073,12120,Comps-la-Grand-Ville,12
12074,12470,Condom-d'Aubrac,12
12075,12170,Connac,12
12076,12320,Conques-en-Rouergue,12
12077,12540,Cornus,12
12078,12400,Les Costes-Gozon,12
12079,12190,Coubisou,12
12080,12550,Coupiac,12
12082,12230,La Couvertoirade,12
12083,12110,Cransac,12
12084,12100,Creissels,12
12085,12800,Crespin,12
12086,12640,La Cresse,12
12088,12210,Curières,12
12089,12300,Decazeville,12
12090,12000,Druelle Balsac,12
12091,12350,Drulhe,12
12092,12170,Durenque,12
12093,12140,Le Fel,12
12094,12140,Entraygues-sur-Truyère,12
12095,12390,Escandolières,12
12096,12500,Espalion,12
12097,12140,Espeyrac,12
12098,12190,Estaing,12
12100,12300,Firmi,12
12101,12300,Flagnac,12
12102,12450,Flavin,12
12103,12140,Florentin-la-Capelle,12
12104,12260,Foissac,12
12105,12270,La Fouillade,12
12106,12340,Gabriac,12
12107,12310,Gaillac-d'Aveyron,12
12108,12220,Galgan,12
12109,12360,Gissac,12
12110,12140,Golinhac,12
12111,12390,Goutrens,12
12113,12160,Gramond,12
12115,12230,L'Hospitalet-du-Larzac,12
12116,12460,Huparlac,12
12118,12600,Lacroix-Barrez,12
12119,12210,Laguiole,12
12120,12310,Laissac-Sévérac l'Église,12
12121,12350,Lanuéjouls,12
12122,12230,Lapanouse-de-Cernon,12
12124,12500,Lassouts,12
12125,12380,Laval-Roquecezière,12
12127,12170,Lédergues,12
12128,12440,Lescure-Jaoul,12
12129,12430,Lestrade-et-Thouels,12
12130,12300,Livinhac-le-Haut,12
12131,12740,La Loubière,12
12133,12450,Luc-la-Primaube,12
12134,12220,Lugan,12
12135,12270,Lunac,12
12136,12350,Maleville,12
12137,12160,Manhac,12
12138,12330,Marcillac-Vallon,12
12139,12540,Marnhagues-et-Latour,12
12140,12200,Martiel,12
12141,12550,Martrin,12
12142,12390,Mayran,12
12143,12360,Mélagues,12
12144,12120,Meljac,12
12145,12100,Millau,12
12146,12000,Le Monastère,12
12147,12360,Montagnol,12
12148,12220,Montbazens,12
12150,12200,Monteils,12
12151,12460,Montézic,12
12152,12380,Montfranc,12
12153,12490,Montjaux,12
12155,12540,Fondamente,12
12156,12210,Montpeyroux,12
12157,12630,Montrozier,12
12158,12260,Montsalès,12
12159,12200,Morlhon-le-Haut,12
12160,12720,Mostuéjouls,12
12161,12330,Mouret,12
12162,12160,Moyrazès,12
12163,12370,Murasson,12
12164,12600,Mur-de-Barrez,12
12165,12330,Muret-le-Château,12
12166,12600,Murols,12
12167,12270,Najac,12
12168,12230,Nant,12
12169,12800,Naucelle,12
12170,12700,Naussac,12
12171,12330,Nauviale,12
12172,12190,Le Nayrac,12
12174,12510,Olemps,12
12175,12260,Ols-et-Rinhodes,12
12176,12000,Onet-le-Château,12
12177,12310,Palmas d'Aveyron,12
12178,12520,Paulhe,12
12179,12360,Peux-et-Couffouleux,12
12180,12720,Peyreleau,12
12181,12220,Peyrusse-le-Roc,12
12182,12130,Pierrefiche,12
12183,12550,Plaisance,12
12184,12130,Pomayrols,12
12185,12290,Pont-de-Salars,12
12186,12380,Pousthomy,12
12187,12470,Prades-d'Aubrac,12
12188,12290,Prades-Salars,12
12189,12240,Pradinas,12
12190,12350,Prévinquières,12
12191,12350,Privezac,12
12192,12370,Mounes-Prohencoux,12
12193,12320,Pruines,12
12194,12800,Quins,12
12195,12400,Rebourguil,12
12197,12170,Réquista,12
12198,12240,Rieupeyroux,12
12199,12390,Rignac,12
12200,12640,Rivière-sur-Tarn,12
12201,12340,Rodelle,12
12202,12000,Rodez,12
12203,12250,Roquefort-sur-Soulzon,12
12204,12100,La Roque-Sainte-Marguerite,12
12205,12200,La Rouquette,12
12206,12220,Roussennac,12
12207,12120,Rullac-Saint-Cirq,12
12208,12400,Saint-Affrique,12
12209,12460,Saint-Amans-des-Cots,12
12210,12270,Saint-André-de-Najac,12
12211,12720,Saint-André-de-Vézines,12
12212,12540,Saint-Beaulize,12
12213,12620,Saint-Beauzély,12
12214,12470,Saint-Chély-d'Aubrac,12
12215,12330,Saint-Christophe-Vallon,12
12216,12500,Saint-Côme-d'Olt,12
12219,12130,Sainte-Eulalie-d'Olt,12
12220,12230,Sainte-Eulalie-de-Cernon,12
12221,12320,Saint-Félix-de-Lunel,12
12222,12400,Saint-Félix-de-Sorgues,12
12223,12210,Argences en Aubrac,12
12224,12130,Saint Geniez d'Olt et d'Aubrac,12
12225,12100,Saint-Georges-de-Luzençon,12
12226,12140,Saint-Hippolyte,12
12227,12260,Saint-Igest,12
12228,12480,Saint-Izaire,12
12229,12250,Saint-Jean-d'Alcapiès,12
12230,12170,Saint-Jean-Delnous,12
12231,12230,Saint-Jean-du-Bruel,12
12232,12250,Saint-Jean-et-Saint-Paul,12
12233,12550,Saint-Juéry,12
12234,12120,Sainte-Juliette-sur-Viaur,12
12235,12170,Saint-Just-sur-Viaur,12
12236,12620,Saint-Laurent-de-Lévézou,12
12237,12560,Saint-Laurent-d'Olt,12
12238,12780,Saint-Léons,12
12239,12130,Saint-Martin-de-Lenne,12
12240,12300,Saint-Parthem,12
12241,12850,Sainte-Radegonde,12
12243,12490,Saint-Rome-de-Cernon,12
12244,12490,Saint-Rome-de-Tarn,12
12246,12300,Saint-Santin,12
12247,12560,Saint-Saturnin-de-Lenne,12
12248,12380,Saint-Sernin-sur-Rance,12
12249,12370,Saint-Sever-du-Moustier,12
12250,12460,Saint-Symphorien-de-Thénières,12
12251,12400,Saint-Victor-et-Melvieu,12
12252,12260,Salles-Courbatiès,12
12253,12410,Salles-Curan,12
12254,12330,Salles-la-Source,12
12255,12120,Salmiech,12
12256,12260,Salvagnac-Cajarc,12
12257,12700,Causse-et-Diège,12
12258,12440,La Salvetat-Peyralès,12
12259,12200,Sanvensa,12
12260,12230,Sauclières,12
12261,12260,Saujac,12
12262,12800,Sauveterre-de-Rouergue,12
12263,12200,Savignac,12
12264,12740,Sébazac-Concourès,12
12265,12190,Sébrazac,12
12266,12290,Ségur,12
12268,12320,Sénergues,12
12269,12380,La Serre,12
12270,12150,Sévérac d'Aveyron,12
12272,12700,Sonnac,12
12273,12210,Soulages-Bonneval,12
12274,12360,Sylvanès,12
12275,12360,Tauriac-de-Camarès,12
12276,12800,Tauriac-de-Naucelle,12
12277,12600,Taussac,12
12278,12440,Tayrac,12
12280,12600,Thérondels,12
12281,12200,Toulonjac,12
12282,12250,Tournemire,12
12283,12290,Trémouilles,12
12284,12430,Le Truel,12
12286,12400,Vabres-l'Abbaye,12
12287,12200,Vailhourles,12
12288,12330,Valady,12
12289,12220,Valzergues,12
12290,12220,Vaureilles,12
12292,12400,Versols-et-Lapeyre,12
12293,12720,Veyreau,12
12294,12780,Vézins-de-Lévézou,12
12295,12250,Viala-du-Pas-de-Jaux,12
12296,12490,Viala-du-Tarn,12
12297,12290,Le Vibal,12
12298,12580,Villecomtal,12
12299,12430,Villefranche-de-Panat,12
12300,12200,Villefranche-de-Rouergue,12
12303,12310,Vimenet,12
12305,12110,Viviez,12
12307,12410,Curan,12
13001,13080,Aix-en-Provence,13
13002,13190,Allauch,13
13003,13980,Alleins,13
13004,13104,Arles,13
13005,13400,Aubagne,13
13006,13930,Aureille,13
13007,13390,Auriol,13
13008,13121,Aurons,13
13009,13330,La Barben,13
13010,13570,Barbentane,13
13011,13520,Les Baux-de-Provence,13
13012,13100,Beaurecueil,13
13013,13720,Belcodène,13
13014,13130,Berre-l'Étang,13
13015,13320,Bouc-Bel-Air,13
13016,13720,La Bouilladisse,13
13017,13150,Boulbon,13
13018,13440,Cabannes,13
13019,13480,Cabriès,13
13020,13950,Cadolive,13
13021,13620,Carry-le-Rouet,13
13022,13260,Cassis,13
13023,13600,Ceyreste,13
13024,13350,Charleval,13
13025,13790,Châteauneuf-le-Rouge,13
13026,13220,Châteauneuf-les-Martigues,13
13027,13160,Châteaurenard,13
13028,13600,La Ciotat,13
13029,13250,Cornillon-Confoux,13
13030,13780,Cuges-les-Pins,13
13031,13112,La Destrousse,13
13032,13510,Éguilles,13
13033,13820,Ensuès-la-Redonne,13
13034,13810,Eygalières,13
13035,13430,Eyguières,13
13036,13630,Eyragues,13
13037,13580,La Fare-les-Oliviers,13
13038,13990,Fontvieille,13
13039,13270,Fos-sur-Mer,13
13040,13710,Fuveau,13
13041,13120,Gardanne,13
13042,13420,Gémenos,13
13043,13180,Gignac-la-Nerthe,13
13044,13450,Grans,13
13045,13690,Graveson,13
13046,13850,Gréasque,13
13047,13118,Istres,13
13048,13490,Jouques,13
13049,13113,Lamanon,13
13050,13410,Lambesc,13
13051,13680,Lançon-Provence,13
13052,13910,Maillane,13
13053,13370,Mallemort,13
13054,13700,Marignane,13
13056,13117,Martigues,13
13057,13103,Mas-Blanc-des-Alpilles,13
13058,13520,Maussane-les-Alpilles,13
13059,13650,Meyrargues,13
13060,13590,Meyreuil,13
13061,13150,Saint-Pierre-de-Mézoargues,13
13062,13105,Mimet,13
13063,13140,Miramas,13
13064,13940,Mollégès,13
13065,13890,Mouriès,13
13066,13550,Noves,13
13067,13660,Orgon,13
13068,13520,Paradou,13
13069,13330,Pélissanne,13
13070,13821,La Penne-sur-Huveaune,13
13071,13170,Les Pennes-Mirabeau,13
13072,13790,Peynier,13
13073,13124,Peypin,13
13074,13860,Peyrolles-en-Provence,13
13075,13380,Plan-de-Cuques,13
13076,13750,Plan-d'Orgon,13
13077,13110,Port-de-Bouc,13
13078,13230,Port-Saint-Louis-du-Rhône,13
13079,13114,Puyloubier,13
13080,13610,Le Puy-Sainte-Réparade,13
13081,13340,Rognac,13
13082,13840,Rognes,13
13083,13870,Rognonas,13
13084,13640,La Roque-d'Anthéron,13
13085,13830,Roquefort-la-Bédoule,13
13086,13360,Roquevaire,13
13088,13740,Le Rove,13
13089,13670,Saint-Andiol,13
13090,13100,Saint-Antonin-sur-Bayon,13
13091,13760,Saint-Cannat,13
13092,13250,Saint-Chamas,13
13093,13610,Saint-Estève-Janson,13
13094,13103,Saint-Étienne-du-Grès,13
13095,13100,Saint-Marc-Jaumegarde,13
13096,13460,Saintes-Maries-de-la-Mer,13
13097,13310,Saint-Martin-de-Crau,13
13098,13920,Saint-Mitre-les-Remparts,13
13099,13115,Saint-Paul-lès-Durance,13
13100,13210,Saint-Rémy-de-Provence,13
13101,13119,Saint-Savournin,13
13102,13700,Saint-Victoret,13
13103,13300,Salon-de-Provence,13
13104,13960,Sausset-les-Pins,13
13105,13560,Sénas,13
13106,13240,Septèmes-les-Vallons,13
13107,13109,Simiane-Collongue,13
13108,13150,Tarascon,13
13109,13100,Le Tholonet,13
13110,13530,Trets,13
13111,13126,Vauvenargues,13
13112,13880,Velaux,13
13113,13770,Venelles,13
13114,13122,Ventabren,13
13115,13116,Vernègues,13
13116,13670,Verquières,13
13118,13111,Coudoux,13
13119,13470,Carnoux-en-Provence,13
13201,13001,Marseille 01,13
13202,13002,Marseille 02,13
13203,13003,Marseille 03,13
13204,13004,Marseille 04,13
13205,13005,Marseille 05,13
13206,13006,Marseille 06,13
13207,13007,Marseille 07,13
13208,13008,Marseille 08,13
13209,13009,Marseille 09,13
13210,13010,Marseille 10,13
13211,13011,Marseille 11,13
13212,13012,Marseille 12,13
13213,13013,Marseille 13,13
13214,13014,Marseille 14,13
13215,13015,Marseille 15,13
13216,13016,Marseille 16,13
14001,14600,Ablon,14
14002,14220,Acqueville,14
14003,14400,Agy,14
14004,14710,Aignerville,14
14005,14370,Valambray,14
14006,14210,Amayé-sur-Orne,14
14007,14310,Amayé-sur-Seulles,14
14008,14480,Amblie,14
14009,14860,Amfreville,14
14011,14240,Aurseulles,14
14012,14430,Angerville,14
14013,14220,Angoville,14
14014,14610,Colomby-Anguerny,14
14015,14610,Anisy,14
14016,14430,Annebault,14
14019,14400,Arganchy,14
14020,14370,Argences,14
14021,14117,Arromanches-les-Bains,14
14022,14960,Asnelles,14
14023,14710,Asnières-en-Bessin,14
14024,14640,Auberville,14
14026,14250,Audrieu,14
14027,14260,Les Monts d'Aunay,14
14030,14280,Authie,14
14031,14140,Les Authieux-Papion,14
14032,14130,Les Authieux-sur-Calonne,14
14033,14340,Auvillars,14
14034,14210,Avenay,14
14035,14490,Balleroy-sur-Drôme,14
14036,14940,Banneville-la-Campagne,14
14037,14260,Malherbe-sur-Ajon,14
14038,14480,Banville,14
14039,14220,Barbery,14
14040,14400,Barbeville,14
14041,14600,Barneville-la-Bertran,14
14042,14210,Baron-sur-Odon,14
14043,14620,Barou-en-Auge,14
14044,14610,Basly,14
14045,14670,Basseneville,14
14046,14860,Bavent,14
14047,14400,Bayeux,14
14049,14480,Bazenville,14
14050,14490,La Bazoque,14
14053,14620,Beaumais,14
14054,14380,Beaumesnil,14
14055,14950,Beaumont-en-Auge,14
14056,14260,Bauquay,14
14057,14370,Bellengreville,14
14059,14910,Benerville-sur-Mer,14
14060,14970,Bénouville,14
14061,14260,Souleuvre en Bocage,14
14062,14440,Bény-sur-Mer,14
14063,14710,Bernesq,14
14064,14170,Bernières-d'Ailly,14
14066,14990,Bernières-sur-Mer,14
14068,14112,Biéville-Beuville,14
14069,14100,Beuvillers,14
14070,14430,Beuvron-en-Auge,14
14073,14260,La Bigne,14
14075,14370,Bissières,14
14076,14550,Blainville-sur-Orne,14
14077,14130,Blangy-le-Château,14
14078,14400,Blay,14
14079,14910,Blonville-sur-Mer,14
14080,14690,Le Bô,14
14082,14340,La Boissière,14
14083,14340,Bonnebosq,14
14084,14260,Bonnemaison,14
14085,14130,Bonneville-la-Louvet,14
14086,14800,Bonneville-sur-Touques,14
14087,14700,Bonnœil,14
14088,14420,Bons-Tassilly,14
14089,14210,Bougy,14
14090,14220,Boulon,14
14091,14430,Bourgeauville,14
14092,14540,Bourguébus,14
14093,14430,Branville,14
14096,14260,Brémoy,14
14097,14190,Bretteville-le-Rabet,14
14098,14740,Thue et Mue,14
14099,14170,Bretteville-sur-Dives,14
14100,14680,Bretteville-sur-Laize,14
14101,14760,Bretteville-sur-Odon,14
14102,14130,Le Breuil-en-Auge,14
14103,14330,Le Breuil-en-Bessin,14
14104,14130,Le Brévedent,14
14106,14860,Bréville-les-Monts,14
14107,14710,Bricqueville,14
14109,14250,Brouay,14
14110,14160,Brucourt,14
14111,14250,Bucéels,14
14116,14190,Le Bû-sur-Rouvres,14
14117,14390,Cabourg,14
14118,14000,Caen,14
14119,14630,Cagny,14
14120,14240,Cahagnes,14
14121,14490,Cahagnolles,14
14122,14210,La Caine,14
14123,14610,Cairon,14
14124,14230,La Cambe,14
14125,14610,Cambes-en-Plaine,14
14126,14340,Cambremer,14
14127,14500,Campagnolles,14
14128,14260,Campandré-Valcongrain,14
14130,14490,Campigny,14
14131,14800,Canapville,14
14132,14230,Canchy,14
14134,14370,Canteloup,14
14135,14740,Carcagny,14
14136,14230,Cardonville,14
14137,14650,Carpiquet,14
14138,14330,Cartigny-l'Épinay,14
14141,14140,Castillon-en-Auge,14
14142,14330,Castilly,14
14143,14240,Caumont-sur-Aure,14
14145,14190,Cauvicourt,14
14146,14770,Cauville,14
14147,14290,Cernay,14
14149,14270,Cesny-aux-Vignes,14
14150,14220,Cesny-Bois-Halbout,14
14151,14380,Champ-du-Boult,14
14157,14210,Cheux,14
14158,14370,Chicheboville,14
14159,14250,Chouain,14
14160,14680,Cintheaux,14
14161,14130,Clarbec,14
14162,14570,Clécy,14
14163,14370,Cléville,14
14164,14320,Clinchamps-sur-Orne,14
14165,14710,Colleville-sur-Mer,14
14166,14880,Colleville-Montgomery,14
14167,14460,Colombelles,14
14168,14710,Colombières,14
14169,14480,Colombiers-sur-Seulles,14
14171,14220,Combray,14
14172,14520,Commes,14
14173,14270,Condé-sur-Ifs,14
14174,14110,Condé-en-Normandie,14
14175,14400,Condé-sur-Seulles,14
14176,14540,Conteville,14
14177,14130,Coquainvilliers,14
14179,14100,Cordebugle,14
14180,14700,Cordey,14
14181,14123,Cormelles-le-Royal,14
14182,14240,Cormolain,14
14183,14690,Cossesseville,14
14184,14400,Cottun,14
14185,14130,Coudray-Rabut,14
14186,14480,Coulombs,14
14189,14140,Coupesarte,14
14190,14170,Courcy,14
14191,14470,Courseulles-sur-Mer,14
14192,14380,Courson,14
14193,14100,Courtonne-la-Meurdrac,14
14194,14290,Courtonne-les-Deux-Églises,14
14195,14260,Courvaudon,14
14196,14480,Crépon,14
14197,14440,Cresserons,14
14198,14430,Cresseveuille,14
14200,14480,Creully sur Seulles,14
14201,14340,Crèvecœur-en-Auge,14
14202,14113,Cricquebœuf,14
14203,14430,Cricqueville-en-Auge,14
14204,14450,Cricqueville-en-Bessin,14
14205,14250,Cristot,14
14206,14620,Crocy,14
14207,14220,Croisilles,14
14208,14370,Croissanville,14
14209,14400,Crouay,14
14211,14220,Culey-le-Patry,14
14212,14480,Cully,14
14214,14400,Cussy,14
14215,14840,Cuverville,14
14216,14620,Damblainville,14
14218,14430,Danestal,14
14219,14770,Danvou-la-Ferrière,14
14220,14800,Deauville,14
14221,14840,Démouville,14
14223,14690,Le Détroit,14
14224,14230,Deux-Jumeaux,14
14225,14160,Dives-sur-Mer,14
14226,14220,Donnay,14
14227,14430,Douville-en-Auge,14
14228,14440,Douvres-la-Délivrande,14
14229,14430,Dozulé,14
14230,14130,Drubec,14
14231,14340,Beaufour-Druval,14
14232,14250,Ducy-Sainte-Marguerite,14
14235,14710,Écrammeville,14
14236,14250,Ellon,14
14237,14630,Émiéville,14
14238,14800,Englesqueville-en-Auge,14
14239,14710,Englesqueville-la-Percée,14
14240,14170,Épaney,14
14241,14310,Épinay-sur-Odon,14
14242,14610,Épron,14
14243,14600,Équemauville,14
14244,14700,Eraines,14
14245,14270,Ernes,14
14246,14850,Escoville,14
14248,14220,Espins,14
14249,14210,Esquay-Notre-Dame,14
14250,14400,Esquay-sur-Seulles,14
14251,14220,Esson,14
14252,14190,Estrées-la-Campagne,14
14254,14930,Éterville,14
14256,14400,Étréham,14
14257,14210,Évrecy,14
14260,14100,Fauguernon,14
14261,14130,Le Faulq,14
14266,14320,Feuguerolles-Bully,14
14268,14190,Fierville-Bray,14
14269,14130,Fierville-les-Parcs,14
14270,14100,Firfol,14
14271,14123,Fleury-sur-Orne,14
14272,14710,La Folie,14
14273,14290,La Folletière-Abenon,14
14274,14790,Fontaine-Étoupefour,14
14275,14610,Fontaine-Henry,14
14276,14190,Fontaine-le-Pin,14
14277,14320,Fontenay-le-Marmion,14
14278,14250,Fontenay-le-Pesnel,14
14279,14380,Fontenermont,14
14280,14340,Formentin,14
14281,14710,Formigny La Bataille,14
14282,14240,Foulognes,14
14283,14620,Fourches,14
14284,14700,Fourneaux-le-Val,14
14285,14340,Le Fournet,14
14286,14600,Fourneville,14
14287,14630,Frénouville,14
14288,14480,Le Fresne-Camilly,14
14289,14700,Fresné-la-Mère,14
14290,14680,Fresney-le-Puceux,14
14291,14220,Fresney-le-Vieux,14
14293,14590,Fumichon,14
14294,14540,Garcelles-Secqueville,14
14296,14380,Le Gast,14
14297,14210,Gavrus,14
14298,14230,Géfosse-Fontenay,14
14299,14600,Genneville,14
14300,14430,Gerrots,14
14301,14730,Giberville,14
14302,14950,Glanville,14
14303,14100,Glos,14
14304,14600,Gonneville-sur-Honfleur,14
14305,14510,Gonneville-sur-Mer,14
14306,14810,Gonneville-en-Auge,14
14307,14210,Goupillières,14
14308,14430,Goustranville,14
14309,14680,Gouvix,14
14310,14190,Grainville-Langannerie,14
14311,14210,Grainville-sur-Odon,14
14312,14450,Grandcamp-Maisy,14
14313,14140,Grandchamp-le-Château,14
14316,14160,Grangues,14
14318,14470,Graye-sur-Mer,14
14319,14540,Grentheville,14
14320,14220,Grimbosq,14
14322,14400,Guéron,14
14325,14880,Hermanville-sur-Mer,14
14326,14100,Hermival-les-Vaux,14
14327,14200,Hérouville-Saint-Clair,14
14328,14850,Hérouvillette,14
14329,14430,Heuland,14
14331,14170,Hiéville,14
14332,14700,La Hoguette,14
14333,14600,Honfleur,14
14334,14100,L'Hôtellerie,14
14335,14430,Hotot-en-Auge,14
14336,14250,Hottot-les-Bagues,14
14337,14340,La Houblonnière,14
14338,14510,Houlgate,14
14339,14540,Hubert-Folie,14
14341,14123,Ifs,14
14342,14230,Isigny-sur-Mer,14
14343,14690,Les Isles-Bardel,14
14344,14670,Janville,14
14345,14170,Jort,14
14346,14250,Juaye-Mondaye,14
14347,14260,Dialan sur Chaîne,14
14348,14250,Juvigny-sur-Seulles,14
14349,14320,Laize-Clinchamps,14
14350,14240,La Lande-sur-Drôme,14
14352,14380,Landelles-et-Coupigny,14
14353,14310,Landes-sur-Ajon,14
14354,14830,Langrune-sur-Mer,14
14355,14480,Ponts sur Seulles,14
14357,14770,Terres de Druance,14
14358,14340,Léaupartie,14
14359,14140,Lécaude,14
14360,14700,Leffard,14
14362,14140,Lessard-et-le-Chêne,14
14364,14250,Lingèvres,14
14365,14780,Lion-sur-Mer,14
14366,14100,Lisieux,14
14367,14330,Lison,14
14368,14140,Lisores,14
14369,14490,Litteau,14
14370,14330,Le Molay-Littry,14
14371,14140,Livarot-Pays-d'Auge,14
14372,14240,Livry,14
14373,14210,Le Locheur,14
14374,14240,Les Loges,14
14375,14700,Les Loges-Saulces,14
14376,14250,Longraye,14
14377,14400,Longues-sur-Mer,14
14378,14230,Longueville,14
14379,14310,Longvillers,14
14380,14250,Loucelles,14
14381,14170,Louvagny,14
14382,14710,Louvières,14
14383,14111,Louvigny,14
14384,14530,Luc-sur-Mer,14
14385,14400,Magny-en-Bessin,14
14386,14270,Magny-la-Campagne,14
14387,14270,Magny-le-Freule,14
14389,14310,Maisoncelles-Pelvey,14
14390,14210,Maisoncelles-sur-Ajon,14
14393,14210,Maizet,14
14394,14190,Maizières,14
14396,14930,Maltot,14
14397,14710,Mandeville-en-Bessin,14
14398,14340,Manerbe,14
14399,14130,Manneville-la-Pipard,14
14400,14400,Le Manoir,14
14401,14117,Manvieux,14
14402,14620,Le Marais-la-Chapelle,14
14403,14100,Marolles,14
14404,14220,Martainville,14
14405,14700,Martigny-sur-l'Ante,14
14406,14740,Moulins en Bessin,14
14407,14920,Mathieu,14
14408,14320,May-sur-Orne,14
14409,14810,Merville-Franceville-Plage,14
14410,14370,Méry-Bissières-en-Auge,14
14411,14220,Meslay,14
14412,14260,Le Mesnil-au-Grain,14
14413,14260,Le Mesnil-Auzouf,14
14415,14380,Le Mesnil-Benoist,14
14416,14380,Le Mesnil-Caussois,14
14417,14380,Mesnil-Clinchamps,14
14419,14100,Le Mesnil-Eudes,14
14421,14100,Le Mesnil-Guillaume,14
14422,14270,Le Mesnil-Mauger,14
14423,14740,Le Mesnil-Patry,14
14424,14380,Le Mesnil-Robert,14
14425,14140,Le Mesnil-Simon,14
14426,14130,Le Mesnil-sur-Blangy,14
14427,14690,Le Mesnil-Villement,14
14430,14960,Meuvaines,14
14431,14270,Mézidon Vallée d'Auge,14
14433,14170,Mittois,14
14435,14100,Les Monceaux,14
14436,14400,Monceaux-en-Bessin,14
14437,14120,Mondeville,14
14438,14210,Mondrainville,14
14439,14230,Monfréville,14
14444,14270,Monteille,14
14445,14490,Montfiquet,14
14446,14210,Montigny,14
14448,14340,Montreuil-en-Auge,14
14449,14310,Monts-en-Bessin,14
14450,14140,Montviette,14
14452,14620,Morteaux-Coulibœuf,14
14453,14400,Mosles,14
14454,14790,Mouen,14
14455,14220,Moulines,14
14456,14370,Moult-Chicheboville,14
14457,14620,Les Moutiers-en-Auge,14
14458,14220,Les Moutiers-en-Cinglais,14
14460,14590,Moyaux,14
14461,14220,Mutrécy,14
14462,14230,Neuilly-la-Forêt,14
14465,14400,Nonant,14
14466,14100,Norolles,14
14467,14700,Noron-l'Abbaye,14
14468,14490,Noron-la-Poterie,14
14469,14620,Norrey-en-Auge,14
14473,14340,Notre-Dame-de-Livaye,14
14474,14340,Notre-Dame-d'Estrées-Corbon,14
14475,14210,Val d'Arry,14
14476,14170,Olendon,14
14477,14260,Ondefontaine,14
14478,14290,Orbec,14
14480,14230,Osmanville,14
14481,14230,Les Oubeaux,14
14482,14270,Ouézy,14
14483,14220,Ouffières,14
14484,14590,Ouilly-du-Houley,14
14486,14190,Ouilly-le-Tesson,14
14487,14100,Ouilly-le-Vicomte,14
14488,14150,Ouistreham,14
14489,14170,Ouville-la-Bien-Tournée,14
14491,14310,Parfouru-sur-Odon,14
14492,14600,Pennedepie,14
14493,14270,Percy-en-Auge,14
14494,14160,Périers-en-Auge,14
14495,14112,Périers-sur-le-Dan,14
14497,14170,Perrières,14
14498,14700,Pertheville-Ners,14
14499,14390,Petiville,14
14500,14130,Pierrefitte-en-Auge,14
14501,14690,Pierrefitte-en-Cinglais,14
14505,14220,Placy,14
14506,14490,Planquery,14
14508,14770,Le Plessis-Grimoult,14
14509,14440,Plumetot,14
14510,14690,La Pommeraye,14
14511,14380,Pont-Bellanger,14
14512,14110,Pontécoulant,14
14513,14380,Pont-Farcy,14
14514,14130,Pont-l'Évêque,14
14515,14520,Port-en-Bessin-Huppain,14
14516,14420,Potigny,14
14517,14540,Poussy-la-Campagne,14
14519,14210,Préaux-Bocage,14
14520,14340,Le Pré-d'Auge,14
14522,14140,Prêtreville,14
14524,14430,Putot-en-Auge,14
14525,14740,Putot-en-Bessin,14
14527,14270,Belle Vie en Auge,14
14528,14130,Quetteville,14
14529,14400,Ranchy,14
14530,14860,Ranville,14
14531,14690,Rapilly,14
14533,14340,Repentigny,14
14534,14130,Reux,14
14535,14470,Reviers,14
14536,14600,La Rivière-Saint-Sauveur,14
14538,14540,Rocquancourt,14
14540,14100,Rocques,14
14541,14340,La Roque-Baignard,14
14542,14740,Rosel,14
14543,14740,Rots,14
14544,14260,Roucamps,14
14546,14190,Rouvres,14
14547,14710,Rubercy,14
14548,14480,Rucqueville,14
14550,14340,Rumesnil,14
14551,14710,Russy,14
14552,14400,Ryes,14
14554,14540,Saint-Aignan-de-Cramesnil,14
14555,14130,Saint-André-d'Hébertot,14
14556,14320,Saint-André-sur-Orne,14
14557,14800,Saint-Arnoult,14
14558,14970,Saint-Aubin-d'Arquenay,14
14559,14380,Saint-Aubin-des-Bois,14
14562,14750,Saint-Aubin-sur-Mer,14
14563,14130,Saint-Benoît-d'Hébertot,14
14565,14960,Saint-Côme-de-Fresné,14
14566,14280,Saint-Contest,14
14568,14740,Sainte-Croix-Grand-Tonne,14
14569,14480,Sainte-Croix-sur-Mer,14
14570,14290,Valorbiquet,14
14571,14100,Saint-Denis-de-Mailloc,14
14572,14110,Saint-Denis-de-Méré,14
14574,14100,Saint-Désir,14
14575,14950,Saint-Étienne-la-Thillaye,14
14576,14140,Val-de-Vie,14
14577,14480,Saint-Gabriel-Brécy,14
14578,14130,Saint-Gatien-des-Bois,14
14579,14260,Seulline,14
14580,14140,Saint-Georges-en-Auge,14
14581,14240,Saint-Germain-d'Ectot,14
14582,14100,Saint-Germain-de-Livet,14
14586,14230,Saint-Germain-du-Pert,14
14587,14280,Saint-Germain-la-Blanche-Herbe,14
14588,14700,Saint-Germain-Langot,14
14589,14190,Saint-Germain-le-Vasson,14
14590,14240,Sainte-Honorine-de-Ducy,14
14591,14520,Aure sur Mer,14
14592,14210,Sainte-Honorine-du-Fay,14
14593,14130,Saint-Hymer,14
14595,14100,Saint-Jean-de-Livet,14
14596,14350,Saint-Jean-des-Essartiers,14
14597,14770,Saint-Jean-le-Blanc,14
14598,14430,Saint-Jouin,14
14600,14140,Saint-Julien-le-Faucon,14
14601,14130,Saint-Julien-sur-Calonne,14
14602,14570,Saint-Lambert,14
14603,14220,Saint-Laurent-de-Condel,14
14604,14340,Saint-Laurent-du-Mont,14
14605,14710,Saint-Laurent-sur-Mer,14
14606,14430,Saint-Léger-Dubosq,14
14607,14310,Saint-Louet-sur-Seulles,14
14608,14340,Saint-Loup-de-Fribois,14
14609,14400,Saint-Loup-Hors,14
14610,14740,Saint-Manvieu-Norrey,14
14611,14380,Saint-Manvieu-Bocage,14
14613,14330,Saint-Marcouf,14
14614,14330,Sainte-Marguerite-d'Elle,14
14616,14140,Sainte-Marguerite-de-Viette,14
14619,14380,Sainte-Marie-Outre-l'Eau,14
14620,14130,Saint-Martin-aux-Chartrains,14
14621,14290,Saint-Martin-de-Bienfaite-la-Cressonnière,14
14622,14710,Saint-Martin-de-Blagny,14
14623,14320,Saint-Martin-de-Fontenay,14
14625,14100,Saint-Martin-de-la-Lieue,14
14626,14100,Saint-Martin-de-Mailloc,14
14627,14700,Saint-Martin-de-Mieux,14
14630,14400,Saint-Martin-des-Entrées,14
14635,14220,Saint-Omer,14
14637,14670,Saint-Ouen-du-Mesnil-Oger,14
14639,14340,Saint-Ouen-le-Pin,14
14640,14670,Saint-Pair,14
14643,14490,Saint-Paul-du-Vernay,14
14644,14130,Saint-Philbert-des-Champs,14
14645,14950,Saint-Pierre-Azif,14
14646,14700,Saint-Pierre-Canivet,14
14648,14100,Saint-Pierre-des-Ifs,14
14649,14700,Saint-Pierre-du-Bû,14
14650,14260,Saint-Pierre-du-Fresne,14
14651,14670,Saint-Pierre-du-Jonquet,14
14652,14450,Saint-Pierre-du-Mont,14
14654,14170,Saint-Pierre-en-Auge,14
14657,14670,Saint-Samson,14
14658,14380,Noues de Sienne,14
14659,14190,Saint-Sylvain,14
14660,14640,Saint-Vaast-en-Auge,14
14661,14250,Saint-Vaast-sur-Seulles,14
14662,14770,Saint-Vigor-des-Mézerets,14
14663,14400,Saint-Vigor-le-Grand,14
14664,14240,Sallen,14
14665,14121,Sallenelles,14
14666,14940,Sannerville,14
14667,14330,Saon,14
14668,14330,Saonnet,14
14669,14170,Sassy,14
14671,14380,Sept-Frères,14
14672,14240,Val de Drôme,14
14674,14190,Soignolles,14
14675,14540,Soliers,14
14676,14400,Sommervieu,14
14677,14700,Soulangy,14
14678,14420,Soumont-Saint-Quentin,14
14679,14400,Subles,14
14680,14400,Sully,14
14681,14710,Surrain,14
14682,14130,Surville,14
14684,14250,Tessel,14
14685,14610,Thaon,14
14687,14130,Le Theil-en-Auge,14
14688,14170,Thiéville,14
14689,14220,Le Hom,14
14690,14480,Tierceville,14
14691,14540,Tilly-la-Campagne,14
14692,14250,Tilly-sur-Seulles,14
14694,14130,Le Torquesne,14
14695,14240,Torteval-Quesnay,14
14697,14170,Tôtes,14
14698,14940,Touffréville,14
14699,14800,Touques,14
14700,14400,Tour-en-Bessin,14
14701,14800,Tourgéville,14
14702,14310,Tournay-sur-Odon,14
14703,14220,Tournebu,14
14705,14330,Tournières,14
14706,14130,Tourville-en-Auge,14
14707,14210,Tourville-sur-Odon,14
14708,14310,Tracy-Bocage,14
14709,14117,Tracy-sur-Mer,14
14710,14690,Tréprel,14
14711,14710,Trévières,14
14712,14670,Saline,14
14713,14210,Trois-Monts,14
14714,14490,Le Tronquay,14
14715,14360,Trouville-sur-Mer,14
14716,14490,Trungy,14
14720,14420,Ussy,14
14721,14210,Vacognes-Neuilly,14
14722,14240,La Vacquerie,14
14723,14340,Valsemé,14
14724,14390,Varaville,14
14726,14350,Valdallière,14
14728,14400,Vaucelles,14
14729,14170,Vaudeloges,14
14731,14800,Vauville,14
14732,14400,Vaux-sur-Aure,14
14733,14400,Vaux-sur-Seulles,14
14734,14250,Vendes,14
14735,14170,Vendeuvre,14
14737,14700,Versainville,14
14738,14790,Verson,14
14739,14114,Ver-sur-Mer,14
14740,14290,La Vespière-Friardel,14
14741,14570,Le Vey,14
14742,14170,Vicques,14
14743,14430,Victot-Pontfol,14
14744,14400,Vienne-en-Bessin,14
14745,14710,Vierville-sur-Mer,14
14747,14930,Vieux,14
14748,14130,Vieux-Bourg,14
14749,14270,Vieux-Fumé,14
14750,14140,Vieux-Pont-en-Auge,14
14751,14700,Vignats,14
14752,14310,Villers-Bocage,14
14753,14420,Villers-Canivet,14
14754,14640,Villers-sur-Mer,14
14755,14113,Villerville,14
14756,14570,La Villette,14
14757,14480,Villiers-le-Sec,14
14758,14610,Villons-les-Buissons,14
14759,14700,Villy-lez-Falaise,14
14760,14310,Villy-Bocage,14
14761,14370,Vimont,14
14762,14500,Vire Normandie,14
14763,14230,Vouilly,14
14764,14690,Pont-d'Ouilly,14
15001,15160,Allanche,15
15002,15100,Alleuze,15
15003,15700,Ally,15
15004,15100,Andelat,15
15005,15100,Anglards-de-Saint-Flour,15
15006,15380,Anglards-de-Salers,15
15007,15110,Anterrieux,15
15008,15240,Antignac,15
15009,15400,Apchon,15
15010,15200,Arches,15
15011,15150,Arnac,15
15012,15130,Arpajon-sur-Cère,15
15013,15500,Auriac-l'Église,15
15014,15000,Aurillac,15
15015,15240,Auzers,15
15016,15250,Ayrens,15
15017,15800,Badailhac,15
15018,15700,Barriac-les-Bosquets,15
15019,15240,Bassignac,15
15021,15600,Boisset,15
15024,15700,Brageac,15
15025,15300,Albepierre-Bredons,15
15026,15230,Brezons,15
15027,15340,Calvinet,15
15028,15130,Carlat,15
15029,15340,Cassaniouze,15
15030,15290,Cayrols,15
15032,15500,Celoux,15
15033,15230,Cézens,15
15034,15320,Chaliers,15
15035,15170,Chalinargues,15
15036,15200,Chalvignac,15
15037,15350,Champagnac,15
15038,15270,Champs-sur-Tarentaine-Marchal,15
15040,15190,Chanterelle,15
15041,15300,La Chapelle-d'Alagnon,15
15042,15500,La Chapelle-Laurent,15
15043,15500,Charmensac,15
15044,15300,Chastel-sur-Murat,15
15045,15110,Chaudes-Aigues,15
15046,15700,Chaussenac,15
15047,15300,Chavagnac,15
15048,15500,Chazelles,15
15049,15400,Cheylade,15
15050,15400,Le Claux,15
15051,15320,Clavières,15
15052,15400,Collandres,15
15053,15170,Coltines,15
15054,15190,Condat,15
15055,15100,Coren,15
15056,15250,Crandelles,15
15057,15150,Cros-de-Montvert,15
15058,15130,Cros-de-Ronesque,15
15059,15430,Cussac,15
15060,15110,Deux-Verges,15
15061,15300,Dienne,15
15063,15140,Drugeac,15
15064,15700,Escorailles,15
15065,15110,Espinasse,15
15066,15380,Le Falgoux,15
15067,15140,Le Fau,15
15069,15170,Ferrières-Saint-Mary,15
15070,15140,Fontanges,15
15072,15310,Freix-Anglards,15
15073,15110,Fridefont,15
15074,15130,Giou-de-Mamou,15
15075,15310,Girgols,15
15076,15150,Glénat,15
15077,15230,Gourdièges,15
15078,15110,Jabrun,15
15079,15200,Jaleyrac,15
15080,15170,Joursac,15
15081,15800,Jou-sous-Monjou,15
15082,15120,Junhac,15
15083,15250,Jussac,15
15084,15120,Labesserette,15
15085,15130,Labrousse,15
15086,15230,Lacapelle-Barrès,15
15087,15120,Lacapelle-del-Fraisse,15
15088,15150,Lacapelle-Viescamp,15
15089,15120,Ladinhac,15
15090,15130,Lafeuillade-en-Vézie,15
15091,15160,Landeyrat,15
15092,15270,Lanobre,15
15093,15120,Lapeyrugue,15
15094,15150,Laroquebrou,15
15095,15250,Laroquevieille,15
15096,15590,Lascelle,15
15097,15500,Lastic,15
15098,15500,Laurie,15
15099,15260,Lavastrie,15
15100,15300,Laveissenet,15
15101,15300,Laveissière,15
15102,15300,Lavigerie,15
15103,15120,Leucamp,15
15104,15600,Leynhac,15
15105,43450,Leyvaux,15
15106,15110,Lieutadès,15
15107,15320,Lorcières,15
15108,15320,Val d'Arcomie,15
15110,15190,Lugarde,15
15111,15210,Madic,15
15112,15230,Malbo,15
15113,15590,Mandailles-Saint-Julien,15
15116,15400,Marchastel,15
15117,15220,Marcolès,15
15118,15250,Marmanhac,15
15119,15500,Massiac,15
15120,15200,Mauriac,15
15121,15110,Maurines,15
15122,15600,Maurs,15
15123,15200,Méallet,15
15124,15400,Menet,15
15125,15100,Mentières,15
15126,15500,Molèdes,15
15127,15500,Molompize,15
15128,15240,La Monselie,15
15129,15190,Montboudif,15
15130,15100,Montchamp,15
15131,15240,Le Monteil,15
15132,15190,Montgreleix,15
15133,15600,Montmurat,15
15134,15120,Montsalvy,15
15135,15150,Montvert,15
15136,15340,Mourjou,15
15137,15380,Moussages,15
15139,15230,Narnhac,15
15140,15250,Naucelles,15
15141,15170,Neussargues en Pinatelle,15
15142,15260,Neuvéglise-sur-Truyère,15
15143,15150,Nieudan,15
15144,15290,Omps,15
15145,15260,Oradour,15
15146,15800,Pailherols,15
15147,15290,Parlan,15
15148,15430,Paulhac,15
15149,15230,Paulhenc,15
15151,15170,Peyrusse,15
15152,15230,Pierrefort,15
15153,15700,Pleaux,15
15154,15800,Polminhac,15
15155,15160,Pradiers,15
15157,15600,Quézac,15
15158,15500,Rageade,15
15159,15800,Raulhac,15
15160,15250,Reilhac,15
15161,15170,Rézentières,15
15162,15400,Riom-ès-Montagnes,15
15163,15220,Roannes-Saint-Mary,15
15164,15100,Roffiac,15
15165,15150,Rouffiac,15
15166,15290,Roumégoux,15
15167,15600,Rouziers,15
15168,15320,Ruynes-en-Margeride,15
15169,15240,Saignes,15
15170,15190,Saint-Amandin,15
15171,15170,Sainte-Anastasie,15
15172,15220,Saint-Antoine,15
15173,15190,Saint-Bonnet-de-Condat,15
15174,15140,Saint-Bonnet-de-Salers,15
15175,15310,Saint-Cernin,15
15176,15140,Saint-Chamant,15
15178,15590,Saint-Cirgues-de-Jordanne,15
15179,15140,Saint-Cirgues-de-Malbert,15
15181,15600,Saint-Constant-Fournoulès,15
15182,15150,Saint-Étienne-Cantalès,15
15183,15130,Saint-Étienne-de-Carlat,15
15184,15600,Saint-Étienne-de-Maurs,15
15185,15400,Saint-Étienne-de-Chomeil,15
15187,15100,Saint-Flour,15
15188,15100,Saint-Georges,15
15189,15150,Saint-Gérons,15
15191,15310,Saint-Illide,15
15192,15800,Saint-Jacques-des-Blats,15
15194,15600,Saint-Julien-de-Toursac,15
15196,15220,Saint-Mamet-la-Salvetat,15
15200,15140,Saint-Martin-Cantalès,15
15201,15230,Saint-Martin-sous-Vigouroux,15
15202,15140,Saint-Martin-Valmeroux,15
15203,15500,Saint-Mary-le-Plain,15
15204,15250,Saint-Paul-des-Landes,15
15205,15140,Saint-Paul-de-Salers,15
15207,15500,Saint-Poncy,15
15208,15140,Saint-Projet-de-Salers,15
15209,15110,Saint-Rémy-de-Chaudes-Aigues,15
15211,15150,Saint-Santin-Cantalès,15
15212,15600,Saint-Santin-de-Maurs,15
15213,15190,Saint-Saturnin,15
15214,15290,Saint-Saury,15
15216,15110,Saint-Urcize,15
15218,15380,Saint-Vincent-de-Salers,15
15219,15140,Salers,15
15220,15200,Salins,15
15221,15130,Sansac-de-Marmiesse,15
15222,15120,Sansac-Veinazès,15
15223,15240,Sauvat,15
15224,15290,La Ségalassière,15
15225,15300,Ségur-les-Villas,15
15226,15340,Sénezergues,15
15227,15100,Sériers,15
15228,15150,Siran,15
15229,15100,Soulages,15
15230,15200,Sourniac,15
15231,15170,Talizat,15
15232,15100,Tanavelle,15
15233,15250,Teissières-de-Cornet,15
15234,15130,Teissières-lès-Bouliès,15
15235,15100,Les Ternes,15
15236,15800,Thiézac,15
15237,15100,Tiviers,15
15240,15270,Trémouille,15
15241,15110,La Trinitat,15
15242,15600,Le Trioulou,15
15243,15400,Trizac,15
15244,15300,Ussel,15
15245,15100,Vabres,15
15246,15400,Valette,15
15247,15170,Valjouze,15
15248,15300,Valuéjols,15
15249,15380,Le Vaulmier,15
15250,15240,Vebret,15
15251,15100,Védrines-Saint-Loup,15
15252,15590,Velzic,15
15253,15160,Vernols,15
15254,15350,Veyrières,15
15255,15130,Vézac,15
15256,15160,Vèze,15
15257,15130,Vezels-Roussy,15
15258,15800,Vic-sur-Cère,15
15259,15500,Vieillespesse,15
15260,15120,Vieillevie,15
15261,15200,Le Vigean,15
15262,15100,Villedieu,15
15263,15300,Virargues,15
15264,15220,Vitrac,15
15265,15210,Ydes,15
15266,15130,Yolet,15
15267,15000,Ytrac,15
15268,15290,Le Rouget-Pers,15
15269,15140,Besse,15
16001,16500,Abzac,16
16002,16700,Les Adjots,16
16003,16110,Agris,16
16004,16190,Aignes-et-Puypéroux,16
16005,16140,Aigre,16
16007,16490,Alloue,16
16008,16140,Ambérac,16
16009,16490,Ambernac,16
16010,16300,Ambleville,16
16011,16560,Anais,16
16012,16130,Angeac-Champagne,16
16013,16120,Angeac-Charente,16
16014,16300,Angeduc,16
16015,16000,Angoulême,16
16016,16500,Ansac-sur-Vienne,16
16017,16170,Anville,16
16018,16130,Ars,16
16019,16290,Asnières-sur-Nouère,16
16020,16390,Aubeterre-sur-Dronne,16
16023,16460,Aunac-sur-Charente,16
16024,16560,Aussac-Vadalle,16
16025,16360,Baignes-Sainte-Radegonde,16
16026,16430,Balzac,16
16027,16140,Barbezières,16
16028,16300,Barbezieux-Saint-Hilaire,16
16029,16210,Bardenac,16
16030,16300,Barret,16
16031,16700,Barro,16
16032,16120,Bassac,16
16033,16460,Bayers,16
16034,16210,Bazac,16
16035,16450,Beaulieu-sur-Sonnette,16
16036,16250,Bécheresse,16
16037,16210,Bellon,16
16038,16350,Benest,16
16039,16700,Bernac,16
16040,16480,Berneuil,16
16041,16250,Bessac,16
16042,16140,Bessé,16
16044,16700,Bioussac,16
16045,16120,Birac,16
16046,16250,Côteaux du Blanzacais,16
16047,16320,Blanzaguet-Saint-Cybard,16
16048,16480,Boisbreteau,16
16049,16390,Bonnes,16
16050,16120,Bonneuil,16
16051,16170,Bonneville,16
16052,16190,Bors Canton de Tude-et-Lavalette,16
16053,16360,Bors Canton de Charente-Sud,16
16054,16350,Le Bouchage,16
16055,16410,Bouëx,16
16056,16200,Bourg-Charente,16
16057,16120,Bouteville,16
16058,16100,Boutiers-Saint-Trojan,16
16059,16240,Brettes,16
16060,16370,Bréville,16
16062,16300,Brie-sous-Barbezieux,16
16063,16210,Brie-sous-Chalais,16
16064,16420,Brigueuil,16
16065,16500,Brillac,16
16066,16480,Brossac,16
16067,16110,Bunzac,16
16068,16260,Cellefrouin,16
16069,16230,Cellettes,16
16070,16150,Chabanais,16
16071,16150,Chabrac,16
16072,16250,Chadurie,16
16073,16210,Chalais,16
16074,16300,Challignac,16
16075,16250,Champagne-Vigny,16
16076,16350,Champagne-Mouton,16
16077,16290,Champmillon,16
16078,16430,Champniers,16
16079,16360,Chantillac,16
16082,16320,Boisné-La Tude,16
16083,16140,Charmé,16
16084,16380,Charras,16
16085,16260,Chasseneuil-sur-Bonnieure,16
16086,16150,Chassenon,16
16087,16350,Chassiecq,16
16088,16200,Chassors,16
16089,16100,Châteaubernard,16
16090,16120,Châteauneuf-sur-Charente,16
16091,16480,Châtignac,16
16094,16460,Chenommet,16
16095,16460,Chenon,16
16096,16310,Cherves-Châtelars,16
16097,16370,Cherves-Richemont,16
16098,16240,La Chèvrerie,16
16099,16480,Chillac,16
16100,16150,Chirac,16
16101,16440,Claix,16
16102,16100,Cognac,16
16103,16320,Combiers,16
16104,16700,Condac,16
16105,16360,Condéon,16
16106,16500,Confolens,16
16107,16560,Coulgens,16
16108,16330,Coulonges,16
16109,16200,Courbillac,16
16110,16240,Courcôme,16
16111,16190,Courgeac,16
16112,16210,Courlac,16
16113,16400,La Couronne,16
16114,16460,Couture,16
16115,16250,Cressac-Saint-Genis,16
16116,16300,Criteuil-la-Magdeleine,16
16117,16210,Curac,16
16118,16190,Deviat,16
16119,16410,Dignac,16
16120,16410,Dirac,16
16121,16290,Douzat,16
16122,16140,Ébréon,16
16123,16170,Échallat,16
16124,16220,Écuras,16
16125,16320,Édon,16
16127,16240,Empuré,16
16128,16490,Épenède,16
16129,16120,Éraville,16
16130,16210,Les Essards,16
16131,16500,Esse,16
16132,16150,Étagnac,16
16133,16250,Étriac,16
16134,16150,Exideuil,16
16135,16220,Eymouthiers,16
16136,16700,La Faye,16
16137,16380,Feuillade,16
16138,16730,Fléac,16
16139,16200,Fleurac,16
16140,16230,Fontclaireau,16
16141,16230,Fontenille,16
16142,16240,La Forêt-de-Tessé,16
16143,16410,Fouquebrune,16
16144,16140,Fouqueure,16
16145,16200,Foussignac,16
16146,16410,Garat,16
16147,16320,Gardes-le-Pontaroux,16
16148,16170,Genac-Bignac,16
16149,16270,Genouillac,16
16150,16130,Gensac-la-Pallue,16
16151,16130,Genté,16
16152,16130,Gimeux,16
16153,16200,Gondeville,16
16154,16160,Gond-Pontouvre,16
16155,16140,Les Gours,16
16156,16170,Gourville,16
16157,16450,Le Grand-Madieu,16
16158,16380,Grassac,16
16160,16300,Guimps,16
16161,16480,Guizengeard,16
16162,16320,Gurat,16
16163,16290,Hiersac,16
16164,16490,Hiesse,16
16165,16200,Houlette,16
16166,16340,L'Isle-d'Espagnac,16
16167,16200,Jarnac,16
16168,16560,Jauldes,16
16169,16100,Javrezac,16
16170,16190,Juignac,16
16171,16130,Juillac-le-Coq,16
16173,16230,Juillé,16
16174,16200,Julienne,16
16175,16250,Val des Vignes,16
16176,16300,Lachaise,16
16177,16120,Ladiville,16
16178,16300,Lagarde-sur-le-Né,16
16181,16500,Lessac,16
16182,16420,Lesterps,16
16183,16310,Lésignac-Durand,16
16184,16460,Lichères,16
16185,16140,Ligné,16
16186,16130,Lignières-Sonneville,16
16187,16730,Linars,16
16188,16310,Le Lindois,16
16189,16700,Londigny,16
16190,16240,Longré,16
16191,16230,Lonnes,16
16192,16270,Roumazières-Loubert,16
16193,16100,Louzac-Saint-André,16
16194,16140,Lupsault,16
16195,16450,Lussac,16
16196,16230,Luxé,16
16197,16240,La Magdeleine,16
16198,16320,Magnac-Lavalette-Villars,16
16199,16600,Magnac-sur-Touvre,16
16200,16230,Maine-de-Boixe,16
16202,16200,Mainxe,16
16203,16380,Mainzac,16
16204,16120,Bellevigne,16
16205,16500,Manot,16
16206,16230,Mansle,16
16207,16140,Marcillac-Lanville,16
16208,16170,Mareuil,16
16209,16110,Marillac-le-Franc,16
16210,16570,Marsac,16
16211,16380,Marthon,16
16212,16310,Massignac,16
16213,16310,Mazerolles,16
16214,16270,Mazières,16
16215,16210,Médillac,16
16216,16200,Mérignac,16
16217,16100,Merpins,16
16218,16370,Mesnac,16
16220,16200,Les Métairies,16
16221,16140,Mons,16
16222,16620,Montboyer,16
16223,16220,Montbron,16
16224,16300,Montmérac,16
16225,16310,Montembœuf,16
16226,16330,Montignac-Charente,16
16227,16390,Montignac-le-Coq,16
16228,16170,Montigné,16
16229,16240,Montjean,16
16230,16190,Montmoreau,16
16231,16420,Montrollet,16
16232,16600,Mornac,16
16233,16120,Mosnac,16
16234,16290,Moulidars,16
16236,16440,Mouthiers-sur-Boëme,16
16237,16460,Mouton,16
16238,16460,Moutonneau,16
16240,16390,Nabinaud,16
16241,16230,Nanclars,16
16242,16700,Nanteuil-en-Vallée,16
16243,16200,Nercillac,16
16244,16440,Nersac,16
16245,16270,Nieuil,16
16246,16190,Nonac,16
16247,16120,Nonaville,16
16249,16500,Oradour-Fanais,16
16250,16220,Orgedeuil,16
16251,16480,Oriolles,16
16252,16210,Orival,16
16253,16240,Paizay-Naudouin-Embourie,16
16254,16390,Palluaud,16
16255,16450,Parzac,16
16256,16480,Passirac,16
16258,16250,Pérignac,16
16259,16270,La Péruse,16
16260,16390,Pillac,16
16261,16260,Les Pins,16
16263,16250,Plassac-Rouffiac,16
16264,16490,Pleuville,16
16267,16190,Poullignac,16
16268,16700,Poursac,16
16269,16110,Pranzac,16
16270,16150,Pressignac,16
16271,16400,Puymoyen,16
16272,16230,Puyréaux,16
16273,16240,Raix,16
16274,16110,Rancogne,16
16275,16140,Ranville-Breuillaud,16
16276,16360,Reignac,16
16277,16200,Réparsac,16
16279,16210,Rioux-Martin,16
16280,16110,Rivières,16
16281,16110,La Rochefoucauld,16
16283,16320,Ronsenac,16
16285,16320,Rougnac,16
16286,16170,Rouillac,16
16287,16440,Roullet-Saint-Estèphe,16
16289,16310,Roussines,16
16290,16220,Rouzède,16
16291,16600,Ruelle-sur-Touvre,16
16292,16700,Ruffec,16
16293,16310,Saint-Adjutory,16
16294,16190,Saint-Amant-de-Montmoreau,16
16295,16330,Saint-Amant-de-Boixe,16
16296,16230,Saint-Amant-de-Bonnieure,16
16297,16120,Graves-Saint-Amant,16
16298,16170,Saint-Amant-de-Nouère,16
16300,16230,Val-de-Bonnieure,16
16301,16300,Saint-Aulais-la-Chapelle,16
16302,16210,Saint-Avit,16
16303,16300,Saint-Bonnet,16
16304,16100,Saint-Brice,16
16307,16230,Saint-Ciers-sur-Bonnieure,16
16308,16450,Saint-Claud,16
16310,16350,Saint-Coutant,16
16312,16170,Saint-Cybardeaux,16
16314,16190,Saint-Eutrope,16
16316,16130,Saint-Fort-sur-le-Né,16
16317,16140,Saint-Fraigne,16
16318,16460,Saint-Front,16
16320,16570,Saint-Genis-d'Hiersac,16
16323,16380,Saint-Germain-de-Montbron,16
16325,16700,Saint-Gourson,16
16326,16230,Saint-Groux,16
16328,16190,Saint-Laurent-de-Belzagot,16
16329,16450,Saint-Laurent-de-Céris,16
16330,16100,Saint-Laurent-de-Cognac,16
16331,16480,Saint-Laurent-des-Combes,16
16335,16700,Saint-Martin-du-Clocher,16
16336,16260,Saint-Mary,16
16337,16500,Saint-Maurice-des-Lions,16
16338,16300,Saint-Médard,16
16339,16170,Auge-Saint-Médard,16
16340,16720,Saint-Même-les-Carrières,16
16342,16300,Saint-Palais-du-Né,16
16343,16130,Saint-Preuil,16
16344,16110,Saint-Projet-Saint-Constant,16
16345,16150,Saint-Quentin-sur-Charente,16
16346,16210,Saint-Quentin-de-Chalais,16
16347,16210,Saint-Romain,16
16349,16200,Sainte-Sévère,16
16350,16390,Saint-Séverin,16
16351,16120,Saint-Simeux,16
16354,16480,Sainte-Souline,16
16355,16370,Saint-Sulpice-de-Cognac,16
16356,16460,Saint-Sulpice-de-Ruffec,16
16357,16480,Saint-Vallier,16
16358,16710,Saint-Yrieix-sur-Charente,16
16359,16130,Salles-d'Angles,16
16360,16300,Salles-de-Barbezieux,16
16361,16700,Salles-de-Villefagnan,16
16362,16190,Salles-Lavalette,16
16363,16420,Saulgond,16
16364,16310,Sauvagnac,16
16365,16480,Sauvignac,16
16366,16130,Segonzac,16
16368,16410,Sers,16
16369,16200,Sigogne,16
16370,16440,Sireuil,16
16372,16380,Souffrignac,16
16373,16240,Souvigné,16
16374,16800,Soyaux,16
16375,16260,Suaux,16
16376,16270,Suris,16
16377,16260,La Tâche,16
16378,16700,Taizé-Aizie,16
16379,16110,Taponnat-Fleurignac,16
16380,16360,Le Tâtre,16
16381,16240,Theil-Rabier,16
16382,16410,Torsac,16
16383,16560,Tourriers,16
16384,16360,Touvérac,16
16385,16600,Touvre,16
16386,16120,Touzac,16
16387,16200,Triac-Lautrait,16
16388,16730,Trois-Palis,16
16389,16350,Turgon,16
16390,16140,Tusson,16
16391,16700,Tuzie,16
16392,16460,Valence,16
16394,16320,Vaux-Lavalette,16
16395,16170,Vaux-Rouillac,16
16396,16460,Ventouse,16
16397,16140,Verdille,16
16398,16310,Verneuil,16
16400,16510,Verteuil-sur-Charente,16
16401,16330,Vervant,16
16402,16120,Vibrac,16
16403,16350,Le Vieux-Cérier,16
16404,16350,Vieux-Ruffec,16
16405,16300,Vignolles,16
16406,16220,Vilhonneur,16
16408,16320,Villebois-Lavalette,16
16409,16240,Villefagnan,16
16410,16700,Villegats,16
16411,16140,Villejésus,16
16412,16560,Villejoubert,16
16413,16240,Villiers-le-Roux,16
16414,16230,Villognon,16
16415,16430,Vindelle,16
16416,16310,Vitrac-Saint-Vincent,16
16417,16120,Viville,16
16418,16400,Vœuil-et-Giget,16
16419,16330,Vouharte,16
16420,16250,Voulgézac,16
16421,16220,Vouthon,16
16422,16410,Vouzan,16
16423,16330,Xambes,16
16424,16210,Yviers,16
16425,16110,Yvrac-et-Malleyrand,16
17002,17500,Agudelle,17
17003,17290,Aigrefeuille-d'Aunis,17
17004,17123,Île-d'Aix,17
17005,17150,Allas-Bocage,17
17006,17500,Allas-Champagne,17
17008,17230,Andilly,17
17009,17540,Angliers,17
17010,17690,Angoulins,17
17011,17350,Annepont,17
17012,17380,Annezay,17
17013,17400,Antezant-la-Chapelle,17
17015,17120,Arces,17
17016,17520,Archiac,17
17017,17380,Archingeay,17
17018,17290,Ardillières,17
17019,17590,Ars-en-Ré,17
17020,17520,Arthenac,17
17021,17530,Arvert,17
17022,17400,Asnières-la-Giraud,17
17023,17770,Aujac,17
17025,17770,Aumagne,17
17026,17770,Authon-Ébéon,17
17027,17800,Avy,17
17028,17440,Aytré,17
17029,17160,Bagnizeau,17
17030,17600,Balanzac,17
17031,17160,Ballans,17
17032,17290,Ballon,17
17033,17360,La Barde,17
17034,17120,Barzan,17
17035,17490,Bazauges,17
17036,17620,Beaugeay,17
17037,17490,Beauvais-sur-Matha,17
17038,17210,Bedenac,17
17039,17800,Belluire,17
17041,17170,Benon,17
17042,17770,Bercloux,17
17043,17330,Bernay-Saint-Martin,17
17045,17250,Beurlay,17
17046,17400,Bignay,17
17047,17800,Biron,17
17048,17160,Blanzac-lès-Matha,17
17049,17470,Blanzay-sur-Boutonne,17
17050,17240,Bois,17
17051,17580,Le Bois-Plage-en-Ré,17
17052,17150,Boisredon,17
17053,17430,Bords,17
17054,17270,Boresse-et-Martron,17
17055,17360,Boscamnant,17
17056,17800,Bougneau,17
17057,17540,Bouhet,17
17058,17560,Bourcefranc-le-Chapus,17
17059,17220,Bourgneuf,17
17060,17120,Boutenac-Touvent,17
17061,17210,Bran,17
17062,17490,Bresdon,17
17063,17700,Breuil-la-Réorte,17
17064,17920,Breuillet,17
17065,17870,Breuil-Magné,17
17066,17520,Brie-sous-Archiac,17
17067,17160,Brie-sous-Matha,17
17068,17120,Brie-sous-Mortagne,17
17069,17800,Brives-sur-Charente,17
17070,17770,Brizambourg,17
17071,17160,La Brousse,17
17072,17770,Burie,17
17073,17100,Bussac-sur-Charente,17
17074,17210,Bussac-Forêt,17
17075,17430,Cabariot,17
17077,17270,Cercoux,17
17078,17800,Chadenac,17
17079,17890,Chaillevette,17
17080,17290,Chambon,17
17081,17130,Chamouillac,17
17084,17240,Champagnolles,17
17085,17430,Champdolent,17
17086,17610,Chaniers,17
17087,17380,Chantemerle-sur-la-Soie,17
17089,17100,La Chapelle-des-Pots,17
17091,17230,Charron,17
17092,17130,Chartuzac,17
17093,17480,Le Château-d'Oléron,17
17094,17340,Châtelaillon-Plage,17
17095,17210,Chatenet,17
17096,17130,Chaunac,17
17097,17600,Le Chay,17
17098,17120,Chenac-Saint-Seurin-d'Uzet,17
17099,17210,Chepniers,17
17100,17610,Chérac,17
17101,17470,Cherbonnières,17
17102,17460,Chermignac,17
17103,17380,Chervettes,17
17104,17210,Chevanceaux,17
17105,17510,Chives,17
17106,17520,Cierzac,17
17107,17290,Ciré-d'Aunis,17
17108,17500,Clam,17
17109,17220,Clavette,17
17110,17270,Clérac,17
17111,17240,Clion,17
17112,17600,La Clisse,17
17113,17360,La Clotte,17
17114,17330,Coivert,17
17115,17460,Colombiers,17
17116,17150,Consac,17
17117,17470,Contré,17
17118,17130,Corignac,17
17119,17600,Corme-Écluse,17
17120,17600,Corme-Royal,17
17121,17670,La Couarde-sur-Mer,17
17124,17330,Courant,17
17125,17400,Courcelles,17
17126,17160,Courcerac,17
17127,17170,Courçon,17
17128,17100,Courcoury,17
17129,17130,Courpignac,17
17131,17120,Cozes,17
17132,17170,Cramchaban,17
17133,17260,Cravans,17
17134,17350,Crazannes,17
17135,17160,Cressé,17
17136,17220,Croix-Chapeau,17
17137,17330,La Croix-Comtesse,17
17138,17470,Dampierre-sur-Boutonne,17
17139,17330,Dœuil-sur-le-Mignon,17
17140,17550,Dolus-d'Oléron,17
17141,17610,Dompierre-sur-Charente,17
17142,17139,Dompierre-sur-Mer,17
17143,17100,Le Douhet,17
17145,17800,Échebrune,17
17146,17620,Échillais,17
17147,17770,Écoyeux,17
17148,17810,Écurat,17
17149,17510,Les Éduts,17
17150,17400,Les Églises-d'Argenteuil,17
17151,17600,L'Éguille,17
17152,17120,Épargnes,17
17153,17137,Esnandes,17
17155,17750,Étaules,17
17156,17130,Expiremont,17
17157,17350,Fenioux,17
17158,17170,Ferrières,17
17159,17800,Fléac-sur-Seugne,17
17160,17120,Floirac,17
17161,17630,La Flotte,17
17162,17510,Fontaine-Chalendray,17
17163,17500,Fontaines-d'Ozillac,17
17165,17400,Fontenet,17
17166,17290,Forges,17
17167,17270,Le Fouilloux,17
17168,17450,Fouras,17
17169,17770,La Frédière,17
17171,17250,Geay,17
17172,17260,Gémozac,17
17173,17360,La Genétouze,17
17174,17430,Genouillé,17
17175,17520,Germignac,17
17176,17160,Gibourne,17
17177,17160,Le Gicq,17
17178,17260,Givrezac,17
17179,17100,Les Gonds,17
17180,17490,Gourvillette,17
17181,17350,Grandjean,17
17182,17170,La Grève-sur-Mignon,17
17183,17120,Grézac,17
17184,17620,La Gripperie-Saint-Symphorien,17
17185,17600,Le Gua,17
17186,17540,Le Gué-d'Alleré,17
17187,17500,Guitinières,17
17188,17160,Haimps,17
17189,17320,Hiers-Brouage,17
17190,17137,L'Houmeau,17
17191,17460,La Jard,17
17192,17520,Jarnac-Champagne,17
17193,17220,La Jarne,17
17194,17220,La Jarrie,17
17195,17330,La Jarrie-Audouin,17
17196,17260,Jazennes,17
17197,17500,Jonzac,17
17198,17770,Juicq,17
17199,17130,Jussas,17
17200,17140,Lagord,17
17201,17170,La Laigne,17
17202,17380,Landes,17
17203,17290,Landrais,17
17204,17500,Léoville,17
17205,17870,Loire-les-Marais,17
17206,17470,Loiré-sur-Nie,17
17207,17111,Loix,17
17208,17230,Longèves,17
17209,17520,Lonzac,17
17210,17240,Lorignac,17
17211,17330,Loulay,17
17212,17160,Louzignac,17
17213,17330,Lozay,17
17214,17600,Luchat,17
17216,17430,Lussant,17
17217,17490,Macqueville,17
17218,17230,Marans,17
17219,17320,Marennes,17
17220,17800,Marignac,17
17221,17700,Marsais,17
17222,17137,Marsilly,17
17224,17160,Matha,17
17225,17570,Les Mathes,17
17226,17400,Mazeray,17
17228,17600,Médis,17
17230,17132,Meschers-sur-Gironde,17
17231,17130,Messac,17
17232,17120,Meursac,17
17233,17500,Meux,17
17234,17330,Migré,17
17235,17770,Migron,17
17236,17150,Mirambeau,17
17237,17780,Moëze,17
17240,17130,Montendre,17
17241,17270,Montguyon,17
17242,17800,Montils,17
17243,17210,Montlieu-la-Garde,17
17244,17260,Montpellier-de-Médillan,17
17245,17220,Montroy,17
17246,17430,Moragne,17
17247,17113,Mornac-sur-Seudre,17
17248,17120,Mortagne-sur-Gironde,17
17252,17350,Le Mung,17
17253,17430,Muron,17
17254,17380,Nachamps,17
17255,17600,Nancras,17
17256,17770,Nantillé,17
17257,17510,Néré,17
17258,17520,Neuillac,17
17259,17500,Neulles,17
17260,17270,Neuvicq,17
17261,17490,Neuvicq-le-Château,17
17262,17810,Nieul-lès-Saintes,17
17263,17150,Nieul-le-Virouil,17
17264,17137,Nieul-sur-Mer,17
17265,17600,Nieulle-sur-Seudre,17
17266,17380,Les Nouillers,17
17267,17540,Nuaillé-d'Aunis,17
17268,17470,Nuaillé-sur-Boutonne,17
17269,17210,Orignolles,17
17270,17500,Ozillac,17
17271,17470,Paillé,17
17272,17700,Péré,17
17275,17810,Pessines,17
17277,17400,Essouvert,17
17278,17600,Pisany,17
17279,17240,Plassac,17
17280,17250,Plassay,17
17281,17210,Polignac,17
17282,17130,Pommiers-Moulons,17
17283,17800,Pons,17
17284,17250,Pont-l'Abbé-d'Arnoult,17
17285,17350,Port-d'Envaux,17
17286,17880,Les Portes-en-Ré,17
17287,17210,Pouillac,17
17288,17400,Poursay-Garnaud,17
17289,17460,Préguillac,17
17290,17160,Prignac,17
17291,17138,Puilboreau,17
17292,17380,Puy-du-Lac,17
17293,17700,Puyravault,17
17294,17380,Puyrolland,17
17295,17500,Réaux sur Trèfle,17
17296,17460,Rétaud,17
17297,17940,Rivedoux-Plage,17
17298,17460,Rioux,17
17299,17300,Rochefort,17
17300,17000,La Rochelle,17
17301,17510,Romazières,17
17302,17250,Romegoux,17
17303,17170,La Ronde,17
17305,17130,Rouffignac,17
17306,17200,Royan,17
17307,17600,Sablonceaux,17
17308,17620,Saint-Agnant,17
17309,17360,Saint-Aigulin,17
17310,17260,Saint-André-de-Lidon,17
17311,17570,Saint-Augustin,17
17312,17150,Saint-Bonnet-sur-Gironde,17
17313,17770,Saint-Bris-des-Bois,17
17314,17770,Saint-Césaire,17
17316,17520,Saint-Ciers-Champagne,17
17317,17240,Saint-Ciers-du-Taillon,17
17318,17590,Saint-Clément-des-Baleines,17
17320,17430,Saint-Coutant-le-Grand,17
17322,17170,Saint-Cyr-du-Doret,17
17323,17650,Saint-Denis-d'Oléron,17
17324,17150,Saint-Dizant-du-Bois,17
17325,17240,Saint-Dizant-du-Gua,17
17328,17240,Saint-Fort-sur-Gironde,17
17329,17780,Saint-Froult,17
17330,17250,Sainte-Gemme,17
17331,17240,Saint-Genis-de-Saintonge,17
17332,17240,Saint-Georges-Antignac,17
17333,17110,Saint-Georges-de-Didonne,17
17334,17470,Saint-Georges-de-Longuepierre,17
17335,17150,Saint-Georges-des-Agoûts,17
17336,17810,Saint-Georges-des-Coteaux,17
17337,17190,Saint-Georges-d'Oléron,17
17338,17700,Saint-Georges-du-Bois,17
17339,17500,Saint-Germain-de-Lusignan,17
17340,17700,Saint-Germain-de-Marencennes,17
17341,17500,Saint-Germain-de-Vibrac,17
17342,17240,Saint-Germain-du-Seudre,17
17343,17240,Saint-Grégoire-d'Ardennes,17
17344,17770,Saint-Hilaire-de-Villefranche,17
17345,17500,Saint-Hilaire-du-Bois,17
17347,17400,Saint-Jean-d'Angély,17
17348,17620,Saint-Jean-d'Angle,17
17349,17170,Saint-Jean-de-Liversay,17
17350,17400,Saint-Julien-de-l'Escap,17
17351,17320,Saint-Just-Luzac,17
17352,17380,Saint-Laurent-de-la-Barrière,17
17353,17450,Saint-Laurent-de-la-Prée,17
17355,17520,Sainte-Lheurine,17
17357,17520,Saint-Maigrin,17
17358,17470,Saint-Mandé-sur-Brédoire,17
17360,17740,Sainte-Marie-de-Ré,17
17362,17150,Saint-Martial-de-Mirambeau,17
17363,17500,Saint-Martial-de-Vitaterne,17
17364,17520,Saint-Martial-sur-Né,17
17365,17270,Saint-Martin-d'Ary,17
17366,17360,Saint-Martin-de-Coux,17
17367,17400,Saint-Martin-de-Juillers,17
17369,17410,Saint-Martin-de-Ré,17
17373,17220,Saint-Médard-d'Aunis,17
17374,17770,Sainte-Même,17
17375,17780,Saint-Nazaire-sur-Charente,17
17376,17230,Saint-Ouen-d'Aunis,17
17377,17490,Saint-Ouen-la-Thène,17
17378,17210,Saint-Palais-de-Négrignac,17
17379,17800,Saint-Palais-de-Phiolin,17
17380,17420,Saint-Palais-sur-Mer,17
17381,17400,Saint-Pardoult,17
17382,17700,Saint-Pierre-d'Amilly,17
17383,17400,Saint-Pierre-de-Juillers,17
17384,17330,Saint-Pierre-de-l'Isle,17
17385,17310,Saint-Pierre-d'Oléron,17
17386,17270,Saint-Pierre-du-Palais,17
17387,17250,Saint-Porchaire,17
17388,17800,Saint-Quantin-de-Rançanne,17
17390,17240,Sainte-Ramée,17
17391,17220,Saint-Rogatien,17
17392,17240,Saint-Romain-sur-Gironde,17
17393,17600,Saint-Romain-de-Benet,17
17394,17700,Saint-Saturnin-du-Bois,17
17395,17610,Saint-Sauvant,17
17396,17540,Saint-Sauveur-d'Aunis,17
17397,17350,Saint-Savinien,17
17398,17800,Saint-Seurin-de-Palenne,17
17400,17800,Saint-Sever-de-Saintonge,17
17401,17330,Saint-Séverin-sur-Boutonne,17
17402,17240,Saint-Sigismond-de-Clermont,17
17403,17500,Saint-Simon-de-Bordes,17
17404,17260,Saint-Simon-de-Pellouaille,17
17405,17150,Saint-Sorlin-de-Conac,17
17407,17220,Sainte-Soulle,17
17408,17250,Saint-Sulpice-d'Arnoult,17
17409,17200,Saint-Sulpice-de-Royan,17
17410,17150,Saint-Thomas-de-Conac,17
17411,17370,Saint-Trojan-les-Bains,17
17412,17100,Saint-Vaize,17
17413,17220,Saint-Vivien,17
17414,17138,Saint-Xandre,17
17415,17100,Saintes,17
17416,17510,Saleignes,17
17417,17130,Salignac-de-Mirambeau,17
17418,17800,Salignac-sur-Charente,17
17420,17220,Salles-sur-Mer,17
17421,17600,Saujon,17
17422,17510,Seigné,17
17423,17150,Semillac,17
17424,17150,Semoussac,17
17425,17120,Semussac,17
17426,17770,Le Seure,17
17427,17490,Siecq,17
17429,17780,Soubise,17
17430,17150,Soubran,17
17431,17250,Soulignonne,17
17432,17130,Souméras,17
17433,17130,Sousmoulins,17
17434,17700,Surgères,17
17435,17350,Taillant,17
17436,17350,Taillebourg,17
17437,17120,Talmont-sur-Gironde,17
17438,17260,Tanzac,17
17439,17170,Taugon,17
17440,17400,Ternant,17
17441,17460,Tesson,17
17442,17120,Thaims,17
17443,17290,Thairé,17
17444,17460,Thénac,17
17445,17600,Thézac,17
17447,17290,Le Thou,17
17448,17380,Tonnay-Boutonne,17
17449,17430,Tonnay-Charente,17
17450,17380,Torxé,17
17451,17160,Les Touches-de-Périgny,17
17452,17390,La Tremblade,17
17453,17250,Trizay,17
17454,17130,Tugéras-Saint-Maurice,17
17455,17250,La Vallée,17
17457,17700,La Devise,17
17458,17500,Vanzac,17
17459,17400,Varaize,17
17460,17460,Varzay,17
17461,17640,Vaux-sur-Mer,17
17462,17100,Vénérand,17
17463,17300,Vergeroux,17
17464,17330,Vergné,17
17465,17400,La Vergne,17
17466,17540,Vérines,17
17469,17260,Villars-en-Pons,17
17470,17770,Villars-les-Bois,17
17471,17470,La Villedieu,17
17472,17230,Villedoux,17
17473,17470,Villemorin,17
17474,17330,Villeneuve-la-Comtesse,17
17476,17500,Villexavier,17
17477,17510,Villiers-Couture,17
17478,17510,Vinax,17
17479,17260,Virollet,17
17480,17290,Virson,17
17481,17400,Voissay,17
17482,17700,Vouhé,17
17483,17340,Yves,17
17484,17730,Port-des-Barques,17
17485,17370,Le Grand-Village-Plage,17
17486,17840,La Brée-les-Bains,17
18001,18250,Achères,18
18002,18200,Ainay-le-Vieil,18
18003,18220,Les Aix-d'Angillon,18
18004,18110,Allogny,18
18005,18500,Allouis,18
18006,18340,Annoix,18
18007,18150,Apremont-sur-Allier,18
18008,18340,Arçay,18
18009,18200,Arcomps,18
18010,18170,Ardenais,18
18011,18410,Argent-sur-Sauldre,18
18012,18140,Argenvières,18
18013,18200,Arpheuilles,18
18014,18260,Assigny,18
18015,18700,Aubigny-sur-Nère,18
18016,18220,Aubinges,18
18017,18600,Augy-sur-Aubois,18
18018,18520,Avord,18
18019,18220,Azy,18
18020,18300,Bannay,18
18021,18210,Bannegon,18
18022,18260,Barlieu,18
18023,18800,Baugy,18
18024,18370,Beddes,18
18025,18320,Beffes,18
18026,18240,Belleville-sur-Loire,18
18027,18520,Bengy-sur-Craon,18
18028,18500,Berry-Bouy,18
18029,18210,Bessais-le-Fromental,18
18030,18410,Blancafort,18
18031,18350,Blet,18
18032,18240,Boulleret,18
18033,18000,Bourges,18
18034,18200,Bouzais,18
18036,18120,Brinay,18
18037,18410,Brinon-sur-Sauldre,18
18038,18200,Bruère-Allichamps,18
18039,18300,Bué,18
18040,18130,Bussy,18
18041,18360,La Celette,18
18043,18160,La Celle-Condé,18
18044,18120,Cerbois,18
18045,18130,Chalivoy-Milon,18
18047,18380,La Chapelle-d'Angillon,18
18048,18150,La Chapelle-Hugon,18
18049,18140,La Chapelle-Montlinard,18
18050,18570,La Chapelle-Saint-Ursin,18
18051,18250,La Chapelotte,18
18052,18210,Charenton-du-Cher,18
18053,18140,Charentonnay,18
18054,18350,Charly,18
18055,18290,Chârost,18
18056,18800,Chassy,18
18057,18370,Châteaumeillant,18
18058,18190,Châteauneuf-sur-Cher,18
18059,18170,Le Châtelet,18
18060,18350,Chaumont,18
18061,18140,Chaumoux-Marcilly,18
18062,18150,Le Chautay,18
18063,18190,Chavannes,18
18064,18120,Chéry,18
18065,18160,Chezal-Benoît,18
18066,18290,Civray,18
18067,18410,Clémont,18
18068,18130,Cogny,18
18070,18260,Concressault,18
18071,18130,Contres,18
18072,18350,Cornusse,18
18073,18190,Corquoy,18
18074,18300,Couargues,18
18075,18320,Cours-les-Barres,18
18076,18210,Coust,18
18077,18140,Couy,18
18078,18190,Crézançay-sur-Cher,18
18079,18300,Crézancy-en-Sancerre,18
18080,18350,Croisy,18
18081,18340,Crosses,18
18082,18150,Cuffy,18
18083,18270,Culan,18
18084,18260,Dampierre-en-Crot,18
18085,18310,Dampierre-en-Graçay,18
18086,18200,Drevant,18
18087,18130,Dun-sur-Auron,18
18088,18380,Ennordres,18
18089,18360,Épineuil-le-Fleuriel,18
18090,18800,Étréchy,18
18091,18200,Farges-Allichamps,18
18092,18800,Farges-en-Septaine,18
18093,18360,Faverdines,18
18094,18300,Feux,18
18095,18350,Flavigny,18
18096,18500,Foëcy,18
18097,18110,Fussy,18
18098,18300,Gardefort,18
18099,18140,Garigny,18
18100,18310,Genouilly,18
18101,18150,Germigny-l'Exempt,18
18102,18600,Givardon,18
18103,18310,Graçay,18
18104,18140,Groises,18
18105,18800,Gron,18
18106,18600,Grossouvre,18
18107,18200,La Groutte,18
18108,18150,La Guerche-sur-l'Aubois,18
18109,18250,Henrichemont,18
18110,18140,Herry,18
18111,18250,Humbligny,18
18112,18170,Ids-Saint-Roch,18
18113,18350,Ignol,18
18114,18160,Ineuil,18
18115,18380,Ivoy-le-Pré,18
18116,18300,Jalognes,18
18117,18260,Jars,18
18118,18320,Jouet-sur-l'Aubois,18
18119,18130,Jussy-Champagne,18
18120,18140,Jussy-le-Chaudrier,18
18121,18130,Lantan,18
18122,18340,Lapan,18
18123,18800,Laverdines,18
18124,18120,Lazenay,18
18125,18240,Léré,18
18126,18340,Levet,18
18128,18120,Limeux,18
18129,18340,Lissay-Lochy,18
18130,18170,Loye-sur-Arnon,18
18131,18350,Lugny-Bourbonnais,18
18132,18140,Lugny-Champagne,18
18133,18400,Lunery,18
18134,18120,Lury-sur-Arnon,18
18135,18170,Maisonnais,18
18136,18170,Marçais,18
18137,18290,Mareuil-sur-Arnon,18
18138,18500,Marmagne,18
18139,18320,Marseilles-lès-Aubigny,18
18140,18120,Massay,18
18141,18500,Mehun-sur-Yèvre,18
18142,18200,Meillant,18
18143,18320,Menetou-Couture,18
18144,18300,Menetou-Râtel,18
18145,18510,Menetou-Salon,18
18146,18300,Ménétréol-sous-Sancerre,18
18147,18700,Ménétréol-sur-Sauldre,18
18148,18120,Méreau,18
18149,18380,Méry-ès-Bois,18
18150,18100,Méry-sur-Cher,18
18152,18160,Montlouis,18
18153,18170,Morlac,18
18154,18350,Mornay-Berry,18
18155,18600,Mornay-sur-Allier,18
18156,18220,Morogues,18
18157,18570,Morthomiers,18
18158,18390,Moulins-sur-Yèvre,18
18159,18330,Nançay,18
18160,18350,Nérondes,18
18161,18600,Neuilly-en-Dun,18
18162,18250,Neuilly-en-Sancerre,18
18163,18250,Neuvy-Deux-Clochers,18
18164,18600,Neuvy-le-Barrois,18
18165,18330,Neuvy-sur-Barangeon,18
18166,18390,Nohant-en-Goût,18
18167,18310,Nohant-en-Graçay,18
18170,18700,Oizon,18
18171,18200,Orcenais,18
18172,18200,Orval,18
18173,18130,Osmery,18
18174,18390,Osmoy,18
18175,18350,Ourouer-les-Bourdelins,18
18176,18220,Parassy,18
18177,18130,Parnay,18
18178,18200,La Perche,18
18179,18110,Pigny,18
18180,18340,Plaimpied-Givaudins,18
18181,18290,Plou,18
18182,18290,Poisieux,18
18183,18210,Le Pondy,18
18184,18140,Précy,18
18185,18380,Presly,18
18186,18120,Preuilly,18
18187,18370,Préveranges,18
18188,18400,Primelles,18
18189,18110,Quantilly,18
18190,18120,Quincy,18
18191,18130,Raymond,18
18192,18270,Reigny,18
18193,18170,Rezay,18
18194,18220,Rians,18
18195,18600,Sagonne,18
18196,18600,Saint-Aignan-des-Noyers,18
18197,18200,Saint-Amand-Montrond,18
18198,18290,Saint-Ambroix,18
18199,18160,Saint-Baudel,18
18200,18300,Saint-Bouize,18
18202,18220,Saint-Céols,18
18203,18270,Saint-Christophe-le-Chaudry,18
18204,18130,Saint-Denis-de-Palin,18
18205,18230,Saint-Doulchard,18
18206,18110,Saint-Éloy-de-Gy,18
18207,18400,Saint-Florent-sur-Cher,18
18208,18240,Sainte-Gemme-en-Sancerrois,18
18209,18200,Saint-Georges-de-Poisieux,18
18210,18100,Saint-Georges-sur-la-Prée,18
18211,18110,Saint-Georges-sur-Moulon,18
18212,18340,Saint-Germain-des-Bois,18
18213,18390,Saint-Germain-du-Puy,18
18214,18100,Saint-Hilaire-de-Court,18
18215,18320,Saint-Hilaire-de-Gondilly,18
18216,18160,Saint-Hilaire-en-Lignières,18
18217,18370,Saint-Jeanvrin,18
18220,18140,Saint-Léger-le-Petit,18
18221,18190,Saint-Loup-des-Chaumes,18
18222,18340,Sainte-Lunaise,18
18223,18110,Saint-Martin-d'Auxigny,18
18224,18140,Saint-Martin-des-Champs,18
18225,18270,Saint-Maur,18
18226,18390,Saint-Michel-de-Volangis,18
18227,18700,Sainte-Montaine,18
18228,18310,Saint-Outrille,18
18230,18170,Saint-Pierre-les-Bois,18
18231,18210,Saint-Pierre-les-Étieux,18
18232,18370,Saint-Priest-la-Marche,18
18233,18300,Saint-Satur,18
18235,18220,Sainte-Solange,18
18236,18190,Saint-Symphorien,18
18237,18500,Sainte-Thorette,18
18238,18360,Saint-Vitte,18
18239,18800,Saligny-le-Vif,18
18240,18140,Sancergues,18
18241,18300,Sancerre,18
18242,18600,Sancoins,18
18243,18240,Santranges,18
18244,18290,Saugy,18
18245,18360,Saulzais-le-Potier,18
18246,18240,Savigny-en-Sancerre,18
18247,18390,Savigny-en-Septaine,18
18248,18340,Senneçay,18
18249,18300,Sens-Beaujeu,18
18250,18190,Serruelles,18
18251,18140,Sévry,18
18252,18270,Sidiailles,18
18253,18220,Soulangis,18
18254,18340,Soye-en-Septaine,18
18255,18570,Le Subdray,18
18256,18260,Subligny,18
18257,18240,Sury-près-Léré,18
18258,18300,Sury-en-Vaux,18
18259,18260,Sury-ès-Bois,18
18260,18350,Tendron,18
18261,18210,Thaumiers,18
18262,18300,Thauvenay,18
18263,18100,Thénioux,18
18264,18260,Thou,18
18265,18320,Torteron,18
18266,18160,Touchay,18
18267,18570,Trouy,18
18268,18190,Uzay-le-Venon,18
18269,18260,Vailly-sur-Sauldre,18
18270,18190,Vallenay,18
18271,18110,Vasselay,18
18272,18300,Veaugues,18
18273,18190,Venesmes,18
18274,18300,Verdigny,18
18275,18600,Vereaux,18
18276,18210,Vernais,18
18278,18360,Vesdun,18
18279,18100,Vierzon,18
18280,18110,Vignoux-sous-les-Aix,18
18281,18500,Vignoux-sur-Barangeon,18
18282,18800,Villabon,18
18283,18160,Villecelin,18
18284,18260,Villegenon,18
18285,18400,Villeneuve-sur-Cher,18
18286,18800,Villequiers,18
18287,18300,Vinon,18
18288,18340,Vorly,18
18289,18130,Vornay,18
18290,18330,Vouzeron,18
19001,19260,Affieux,19
19002,19200,Aix,19
19003,19190,Albignac,19
19004,19380,Albussac,19
19005,19240,Allassac,19
19006,19200,Alleyrat,19
19007,19120,Altillac,19
19008,19250,Ambrugeat,19
19009,19000,Les Angles-sur-Corrèze,19
19010,19400,Argentat-sur-Dordogne,19
19011,19230,Arnac-Pompadour,19
19012,19120,Astaillac,19
19013,19190,Aubazines,19
19015,19310,Ayen,19
19016,19800,Bar,19
19017,19430,Bassignac-le-Bas,19
19018,19220,Bassignac-le-Haut,19
19019,19120,Beaulieu-sur-Dordogne,19
19021,19290,Bellechassagne,19
19022,19510,Benayes,19
19023,19190,Beynat,19
19024,19230,Beyssac,19
19025,19230,Beyssenac,19
19026,19120,Bilhac,19
19027,19170,Bonnefond,19
19028,19110,Bort-les-Orgues,19
19029,19500,Branceilles,19
19030,19310,Brignac-la-Plaine,19
19031,19100,Brive-la-Gaillarde,19
19032,19120,Brivezac,19
19033,19170,Bugeat,19
19034,19430,Camps-Saint-Mathurin-Léobazel,19
19035,19350,Chabrignac,19
19036,19370,Chamberet,19
19037,19450,Chamboulive,19
19038,19330,Chameyrat,19
19039,19320,Champagnac-la-Noaille,19
19040,19320,Champagnac-la-Prune,19
19041,19150,Chanac-les-Mines,19
19042,19330,Chanteix,19
19043,19360,La Chapelle-aux-Brocs,19
19044,19120,La Chapelle-aux-Saints,19
19045,19430,La Chapelle-Saint-Géraud,19
19046,19300,Chapelle-Spinasse,19
19047,19600,Chartrier-Ferrière,19
19048,19190,Le Chastang,19
19049,19600,Chasteaux,19
19050,19500,Chauffour-sur-Vell,19
19051,19390,Chaumeil,19
19052,19290,Chavanac,19
19053,19200,Chaveroche,19
19054,19120,Chenailler-Mascheix,19
19055,19160,Chirac-Bellevue,19
19056,19320,Clergoux,19
19057,19500,Collonges-la-Rouge,19
19058,19250,Combressol,19
19059,19350,Concèze,19
19060,19140,Condat-sur-Ganaveix,19
19061,19150,Cornil,19
19062,19800,Corrèze,19
19063,19360,Cosnac,19
19064,19340,Couffy-sur-Sarsonne,19
19065,19340,Courteix,19
19066,19520,Cublac,19
19067,19500,Curemonte,19
19068,19360,Dampniat,19
19069,19220,Darazac,19
19070,19300,Darnets,19
19071,19250,Davignac,19
19072,19270,Donzenac,19
19073,19300,Égletons,19
19074,19170,L'Église-aux-Bois,19
19075,19150,Espagnac,19
19076,19140,Espartignac,19
19077,19600,Estivals,19
19078,19410,Estivaux,19
19079,19140,Eyburie,19
19080,19340,Eygurande,19
19081,19800,Eyrein,19
19082,19330,Favars,19
19083,19340,Feyt,19
19084,19380,Forgès,19
19085,19800,Gimel-les-Cascades,19
19086,19430,Goulles,19
19087,19170,Gourdon-Murat,19
19088,19300,Grandsaigne,19
19089,19320,Gros-Chastang,19
19090,19320,Gumond,19
19091,19400,Hautefage,19
19092,19300,Le Jardin,19
19093,19500,Jugeals-Nazareth,19
19094,19350,Juillac,19
19095,19170,Lacelle,19
19096,19150,Ladignac-sur-Rondelles,19
19097,19320,Lafage-sur-Sombre,19
19098,19150,Lagarde-Enval,19
19099,19500,Lagleygeolle,19
19100,19700,Lagraulière,19
19101,19150,Laguenne,19
19102,19160,Lamazière-Basse,19
19103,19340,Lamazière-Haute,19
19104,19510,Lamongerie,19
19105,19190,Lanteuil,19
19106,19550,Lapleau,19
19107,19600,Larche,19
19108,19340,Laroche-près-Feyt,19
19109,19130,Lascaux,19
19110,19160,Latronche,19
19111,19550,Laval-sur-Luzège,19
19112,19170,Lestards,19
19113,19160,Liginiac,19
19114,19200,Lignareix,19
19115,19500,Ligneyrac,19
19116,19120,Liourdres,19
19117,19600,Lissac-sur-Couze,19
19118,19470,Le Lonzac,19
19119,19500,Lostanges,19
19120,19310,Louignac,19
19121,19210,Lubersac,19
19122,19470,Madranges,19
19123,19360,Malemort,19
19124,19520,Mansac,19
19125,19320,Marcillac-la-Croisille,19
19126,19500,Marcillac-la-Croze,19
19127,19150,Marc-la-Tour,19
19128,19200,Margerides,19
19129,19510,Masseret,19
19130,19250,Maussac,19
19131,19510,Meilhards,19
19132,19190,Ménoire,19
19133,19430,Mercœur,19
19134,19340,Merlines,19
19135,19200,Mestes,19
19136,19250,Meymac,19
19137,19800,Meyrignac-l'Église,19
19138,19500,Meyssac,19
19139,19290,Millevaches,19
19140,19400,Monceaux-sur-Dordogne,19
19141,19340,Monestier-Merlines,19
19142,19110,Monestier-Port-Dieu,19
19143,19300,Montaignac-Saint-Hippolyte,19
19144,19210,Montgibaud,19
19145,19300,Moustier-Ventadour,19
19147,19600,Nespouls,19
19148,19160,Neuvic,19
19149,19380,Neuville,19
19150,19500,Noailhac,19
19151,19600,Noailles,19
19152,19120,Nonards,19
19153,19130,Objat,19
19154,19410,Orgnac-sur-Vézère,19
19155,19390,Orliac-de-Bar,19
19156,19190,Palazinges,19
19157,19160,Palisse,19
19158,19150,Pandrignes,19
19159,19300,Péret-Bel-Air,19
19160,19170,Pérols-sur-Vézère,19
19161,19310,Perpezac-le-Blanc,19
19162,19410,Perpezac-le-Noir,19
19163,19190,Le Pescher,19
19164,19290,Peyrelevade,19
19165,19260,Peyrissac,19
19166,19450,Pierrefitte,19
19167,19200,Confolent-Port-Dieu,19
19168,19170,Pradines,19
19169,19120,Puy-d'Arnac,19
19170,19120,Queyssac-les-Vignes,19
19171,19430,Reygade,19
19172,19260,Rilhac-Treignac,19
19173,19220,Rilhac-Xaintrie,19
19174,19320,La Roche-Canillac,19
19175,19160,Roche-le-Peyroux,19
19176,19300,Rosiers-d'Égletons,19
19177,19350,Rosiers-de-Juillac,19
19178,19270,Sadroc,19
19179,19500,Saillac,19
19182,19130,Saint-Aulaire,19
19183,19320,Saint-Bazile-de-la-Roche,19
19184,19500,Saint-Bazile-de-Meyssac,19
19185,19150,Saint-Bonnet-Avalouze,19
19186,19380,Saint-Bonnet-Elvert,19
19187,19130,Saint-Bonnet-la-Rivière,19
19188,19410,Saint-Bonnet-l'Enfantier,19
19189,19430,Saint-Bonnet-les-Tours-de-Merle,19
19190,19200,Saint-Bonnet-près-Bort,19
19191,19600,Saint-Cernin-de-Larche,19
19193,19220,Saint-Cirgues-la-Loutre,19
19195,19130,Saint-Cyprien,19
19196,19130,Saint-Cyr-la-Roche,19
19198,19210,Saint-Éloy-les-Tuileries,19
19199,19200,Saint-Étienne-aux-Clos,19
19200,19160,Saint-Étienne-la-Geneste,19
19201,19200,Saint-Exupéry-les-Roches,19
19202,19270,Sainte-Féréole,19
19203,19490,Sainte-Fortunade,19
19204,19200,Saint-Fréjoux,19
19205,19220,Saint-Geniez-ô-Merle,19
19206,19290,Saint-Germain-Lavolps,19
19207,19330,Saint-Germain-les-Vergnes,19
19208,19550,Saint-Hilaire-Foissac,19
19209,19170,Saint-Hilaire-les-Courbes,19
19210,19160,Saint-Hilaire-Luc,19
19211,19560,Saint-Hilaire-Peyroux,19
19212,19400,Saint-Hilaire-Taurieux,19
19213,19700,Saint-Jal,19
19214,19220,Saint-Julien-aux-Bois,19
19215,19430,Saint-Julien-le-Pèlerin,19
19216,19210,Saint-Julien-le-Vendômois,19
19217,19500,Saint-Julien-Maumont,19
19218,19110,Saint-Julien-près-Bort,19
19219,19160,Sainte-Marie-Lapanouze,19
19220,19150,Saint-Martial-de-Gimel,19
19221,19400,Saint-Martial-Entraygues,19
19222,19320,Saint-Martin-la-Méanne,19
19223,19210,Saint-Martin-Sepert,19
19225,19320,Saint-Merd-de-Lapleau,19
19226,19170,Saint-Merd-les-Oussines,19
19227,19330,Saint-Mexant,19
19228,19160,Saint-Pantaléon-de-Lapleau,19
19229,19600,Saint-Pantaléon-de-Larche,19
19230,19210,Saint-Pardoux-Corbier,19
19231,19320,Saint-Pardoux-la-Croisille,19
19232,19200,Saint-Pardoux-le-Neuf,19
19233,19200,Saint-Pardoux-le-Vieux,19
19234,19270,Saint-Pardoux-l'Ortigier,19
19235,19150,Saint-Paul,19
19236,19800,Saint-Priest-de-Gimel,19
19239,19310,Saint-Robert,19
19240,19700,Saint-Salvadour,19
19241,19290,Saint-Setiers,19
19242,19130,Saint-Solve,19
19243,19230,Saint-Sornin-Lavolps,19
19244,19250,Saint-Sulpice-les-Bois,19
19246,19240,Saint-Viance,19
19247,19200,Saint-Victour,19
19248,19140,Saint-Ybard,19
19249,19300,Saint-Yrieix-le-Déjalat,19
19250,19510,Salon-la-Tour,19
19251,19800,Sarran,19
19252,19110,Sarroux - Saint Julien,19
19254,19230,Ségur-le-Château,19
19255,19700,Seilhac,19
19256,19160,Sérandon,19
19257,19190,Sérilhac,19
19258,19220,Servières-le-Château,19
19259,19430,Sexcles,19
19260,19120,Sioniac,19
19261,19290,Sornac,19
19262,19370,Soudaine-Lavinadière,19
19263,19300,Soudeilles,19
19264,19550,Soursac,19
19265,19170,Tarnac,19
19266,19200,Thalamy,19
19268,19170,Toy-Viam,19
19269,19260,Treignac,19
19270,19230,Troche,19
19271,19120,Tudeils,19
19272,19000,Tulle,19
19273,19500,Turenne,19
19274,19270,Ussac,19
19276,19140,Uzerche,19
19277,19200,Valiergues,19
19278,19240,Varetz,19
19279,19130,Vars-sur-Roseix,19
19280,19120,Végennes,19
19281,19260,Veix,19
19284,19170,Viam,19
19285,19410,Vigeois,19
19286,19130,Vignols,19
19287,19800,Vitrac-sur-Montane,19
19288,19130,Voutezac,19
19289,19310,Yssandon,19
21001,21700,Agencourt,21
21002,21410,Agey,21
21003,21121,Ahuy,21
21004,21510,Aignay-le-Duc,21
21005,21110,Aiserey,21
21006,21400,Aisey-sur-Seine,21
21007,21390,Aisy-sous-Thil,21
21008,21150,Alise-Sainte-Reine,21
21009,21230,Allerey,21
21010,21420,Aloxe-Corton,21
21011,21450,Ampilly-les-Bordes,21
21012,21400,Ampilly-le-Sec,21
21013,21410,Ancey,21
21014,21360,Antheuil,21
21015,21230,Antigny-la-Ville,21
21016,21310,Arceau,21
21017,21700,Arcenant,21
21018,21410,Arcey,21
21020,21320,Arconcey,21
21021,21560,Arc-sur-Tille,21
21022,21700,Argilly,21
21023,21230,Arnay-le-Duc,21
21024,21350,Arnay-sous-Vitteaux,21
21025,21500,Arrans,21
21026,21500,Asnières-en-Montagne,21
21027,21380,Asnières-lès-Dijon,21
21028,21130,Athée,21
21029,21500,Athie,21
21030,21360,Aubaine,21
21031,21170,Aubigny-en-Plaine,21
21032,21340,Aubigny-la-Ronce,21
21033,21540,Aubigny-lès-Sombernon,21
21034,21570,Autricourt,21
21035,21250,Auvillars-sur-Saône,21
21036,21360,Auxant,21
21037,21190,Auxey-Duresses,21
21038,21130,Auxonne,21
21039,21120,Avelanges,21
21040,21350,Avosnes,21
21041,21580,Avot,21
21042,21700,Bagnot,21
21043,21450,Baigneux-les-Juifs,21
21044,21330,Balot,21
21045,21410,Barbirey-sur-Ouche,21
21046,21430,Bard-le-Régulier,21
21047,21460,Bard-lès-Époisses,21
21048,21910,Barges,21
21049,21580,Barjon,21
21050,21340,Baubigny,21
21051,21410,Baulme-la-Roche,21
21053,21310,Beaumont-sur-Vingeanne,21
21054,21200,Beaune,21
21055,21510,Beaunotte,21
21056,21310,Beire-le-Châtel,21
21057,21110,Beire-le-Fort,21
21058,21570,Belan-sur-Ource,21
21059,21490,Bellefond,21
21060,21310,Belleneuve,21
21061,21510,Bellenod-sur-Seine,21
21062,21320,Bellenot-sous-Pouilly,21
21063,21290,Beneuvre,21
21064,21500,Benoisey,21
21065,21360,Bessey-en-Chaume,21
21066,21360,Bessey-la-Cour,21
21067,21110,Bessey-lès-Cîteaux,21
21068,21320,Beurey-Bauguay,21
21069,21350,Beurizot,21
21070,21220,Bévy,21
21071,21310,Bèze,21
21072,21310,Bézouotte,21
21073,21390,Bierre-lès-Semur,21
21074,21130,Billey,21
21075,21450,Billy-lès-Chanceaux,21
21076,21270,Binges,21
21077,21520,Bissey-la-Côte,21
21078,21330,Bissey-la-Pierre,21
21079,21310,Blagny-sur-Vingeanne,21
21080,21540,Blaisy-Bas,21
21081,21540,Blaisy-Haut,21
21082,21320,Blancey,21
21083,21430,Blanot,21
21084,21690,Source-Seine,21
21085,21440,Bligny-le-Sec,21
21086,21200,Bligny-lès-Beaune,21
21087,21360,Bligny-sur-Ouche,21
21088,21700,Boncourt-le-Bois,21
21089,21250,Bonnencontre,21
21090,21520,Boudreville,21
21091,21360,Bouhey,21
21092,21420,Bouilland,21
21093,21330,Bouix,21
21094,21610,Bourberain,21
21095,21250,Bousselange,21
21096,21260,Boussenois,21
21097,21350,Boussey,21
21098,21690,Boux-sous-Salmaise,21
21099,21200,Bouze-lès-Beaune,21
21100,21350,Brain,21
21102,21430,Brazey-en-Morvan,21
21103,21470,Brazey-en-Plaine,21
21104,21400,Brémur-et-Vaurois,21
21105,21560,Bressey-sur-Tille,21
21106,21110,Bretenière,21
21107,21490,Bretigny,21
21108,21390,Brianny,21
21109,21570,Brion-sur-Ource,21
21110,21220,Brochon,21
21112,21250,Broin,21
21113,21220,Broindon,21
21114,21500,Buffon,21
21115,21400,Buncey,21
21116,21290,Bure-les-Templiers,21
21117,21510,Busseaut,21
21118,21580,Busserotte-et-Montenaille,21
21119,21580,Bussières,21
21120,21360,La Bussière-sur-Ouche,21
21121,21540,Bussy-la-Pesle,21
21122,21150,Bussy-le-Grand,21
21123,21290,Buxerolles,21
21124,21430,Censerey,21
21126,21110,Cessey-sur-Tille,21
21127,21120,Chaignay,21
21128,21320,Chailly-sur-Armançon,21
21129,21290,Chambain,21
21130,21110,Chambeire,21
21131,21250,Chamblanc,21
21132,21220,Chambœuf,21
21133,21220,Chambolle-Musigny,21
21134,21400,Chamesson,21
21135,21310,Champagne-sur-Vingeanne,21
21136,21440,Champagny,21
21137,21500,Champ-d'Oiseau,21
21138,21130,Champdôtre,21
21139,21210,Champeau-en-Morvan,21
21140,21230,Champignolles,21
21141,21690,Champrenault,21
21142,21440,Chanceaux,21
21143,21330,Channay,21
21144,21690,Charencey,21
21145,21140,Charigny,21
21147,21350,Charny,21
21148,21170,Charrey-sur-Saône,21
21149,21400,Charrey-sur-Seine,21
21150,21190,Chassagne-Montrachet,21
21151,21150,Chassey,21
21152,21320,Châteauneuf,21
21153,21320,Châtellenot,21
21154,21400,Châtillon-sur-Seine,21
21155,21360,Chaudenay-la-Ville,21
21156,21360,Chaudenay-le-Château,21
21157,21290,Chaugey,21
21158,21610,Chaume-et-Courchamp,21
21159,21520,La Chaume,21
21160,21450,Chaume-lès-Baigneux,21
21161,21400,Chaumont-le-Bois,21
21162,21700,Chaux,21
21163,21260,Chazeuil,21
21164,21320,Chazilly,21
21165,21400,Chemin-d'Aisey,21
21166,21300,Chenôve,21
21167,21310,Cheuge,21
21168,21540,Chevannay,21
21169,21220,Chevannes,21
21170,21200,Chevigny-en-Valière,21
21171,21800,Chevigny-Saint-Sauveur,21
21172,21820,Chivres,21
21173,21200,Chorey-les-Beaune,21
21175,21270,Cirey-lès-Pontailler,21
21176,21320,Civry-en-Montagne,21
21177,21390,Clamerey,21
21178,21220,Clémencey,21
21179,21490,Clénay,21
21180,21270,Cléry,21
21181,21230,Clomot,21
21182,21220,Collonges-lès-Bévy,21
21183,21110,Collonges-lès-Premières,21
21185,21200,Combertault,21
21186,21700,Comblanchien,21
21187,21320,Commarin,21
21189,21250,Corberon,21
21190,21190,Corcelles-les-Arts,21
21191,21910,Corcelles-lès-Cîteaux,21
21192,21160,Corcelles-les-Monts,21
21193,21250,Corgengoux,21
21194,21700,Corgoloin,21
21195,21340,Cormot-Vauchignon,21
21196,21190,Corpeau,21
21197,21150,Corpoyer-la-Chapelle,21
21198,21460,Corrombles,21
21199,21460,Corsaint,21
21200,21160,Couchey,21
21201,21400,Coulmier-le-Sec,21
21202,21520,Courban,21
21203,21460,Courcelles-Frémoy,21
21204,21500,Courcelles-lès-Montbard,21
21205,21140,Courcelles-lès-Semur,21
21207,21580,Courlon,21
21208,21120,Courtivron,21
21209,21560,Couternon,21
21210,21320,Créancey,21
21211,21120,Crécey-sur-Tille,21
21212,21500,Crépand,21
21213,21800,Crimolois,21
21214,21360,Crugey,21
21215,21310,Cuiserey,21
21216,21230,Culètre,21
21217,21220,Curley,21
21218,21380,Curtil-Saint-Seine,21
21219,21220,Curtil-Vergy,21
21220,21580,Cussey-les-Forges,21
21221,21360,Cussy-la-Colonne,21
21222,21230,Cussy-le-Châtel,21
21223,21121,Daix,21
21224,21350,Dampierre-en-Montagne,21
21225,21310,Dampierre-et-Flée,21
21226,21150,Darcey,21
21227,21121,Darois,21
21228,21220,Détain-et-Bruant,21
21229,21430,Diancey,21
21230,21120,Diénay,21
21231,21000,Dijon,21
21232,21390,Dompierre-en-Morvan,21
21233,21270,Drambon,21
21234,21540,Drée,21
21235,21510,Duesme,21
21236,21190,Ébaty,21
21237,21510,Échalot,21
21238,21540,Échannay,21
21239,21170,Échenon,21
21240,21120,Échevannes,21
21241,21420,Échevronne,21
21242,21110,Échigey,21
21243,21360,Écutigny,21
21244,21320,Éguilly,21
21246,21220,Épernay-sous-Gevrey,21
21247,21460,Époisses,21
21248,21500,Éringes,21
21249,21170,Esbarres,21
21250,21290,Essarois,21
21251,21320,Essey,21
21252,21500,Étais,21
21253,21510,Étalante,21
21254,21220,L'Étang-Vergy,21
21256,21270,Étevaux,21
21257,21450,Étormay,21
21258,21400,Étrochey,21
21259,21500,Fain-lès-Montbard,21
21260,21500,Fain-lès-Moutiers,21
21261,21110,Fauverney,21
21262,21290,Faverolles-lès-Lucey,21
21263,21600,Fénay,21
21264,21230,Le Fête,21
21265,21220,Fixin,21
21266,21490,Flacey,21
21267,21640,Flagey-Echézeaux,21
21268,21130,Flagey-lès-Auxonne,21
21269,21130,Flammerans,21
21270,21160,Flavignerot,21
21271,21150,Flavigny-sur-Ozerain,21
21272,21140,Flée,21
21273,21410,Fleurey-sur-Ouche,21
21274,21230,Foissy,21
21275,21260,Foncegrive,21
21276,21450,Fontaines-en-Duesmois,21
21277,21610,Fontaine-Française,21
21278,21121,Fontaine-lès-Dijon,21
21279,21330,Fontaines-les-Sèches,21
21280,21390,Fontangy,21
21282,21460,Forléans,21
21283,21580,Fraignot-et-Vesvrotte,21
21284,21440,Francheville,21
21285,21170,Franxault,21
21286,21120,Frénois,21
21287,21500,Fresnes,21
21288,21150,Frôlois,21
21289,21700,Fussey,21
21290,21120,Gemeaux,21
21291,21140,Genay,21
21292,21110,Genlis,21
21293,21410,Gergueil,21
21294,21700,Gerland,21
21295,21220,Gevrey-Chambertin,21
21296,21520,Gevrolles,21
21297,21640,Gilly-lès-Cîteaux,21
21298,21350,Gissey-le-Vieil,21
21299,21150,Gissey-sous-Flavigny,21
21300,21410,Gissey-sur-Ouche,21
21301,21250,Glanon,21
21302,21400,Gomméville,21
21303,21520,Les Goulles,21
21304,21580,Grancey-le-Château-Neuvelle,21
21305,21570,Grancey-sur-Ource,21
21306,21540,Grenant-lès-Sombernon,21
21307,21150,Grésigny-Sainte-Reine,21
21308,21150,Grignon,21
21309,21330,Griselles,21
21310,21540,Grosbois-en-Montagne,21
21311,21250,Grosbois-lès-Tichey,21
21312,21290,Gurgy-la-Ville,21
21313,21290,Gurgy-le-Château,21
21314,21150,Hauteroche,21
21315,21121,Hauteville-lès-Dijon,21
21316,21270,Heuilley-sur-Saône,21
21317,21120,Is-sur-Tille,21
21319,21110,Izeure,21
21320,21110,Izier,21
21321,21150,Jailly-les-Moulins,21
21322,21250,Jallanges,21
21323,21310,Jancigny,21
21324,21460,Jeux-lès-Bard,21
21325,21230,Jouey,21
21326,21450,Jours-lès-Baigneux,21
21327,21340,Val-Mont,21
21328,21210,Juillenay,21
21329,21140,Juilly,21
21330,21110,Labergement-Foigney,21
21331,21130,Labergement-lès-Auxonne,21
21332,21820,Labergement-lès-Seurre,21
21333,21250,Labruyère,21
21334,21230,Lacanche,21
21335,21210,Lacour-d'Arcenay,21
21336,21330,Laignes,21
21337,21760,Lamarche-sur-Saône,21
21338,21440,Lamargelle,21
21340,21250,Lanthes,21
21341,21140,Lantilly,21
21342,21170,Laperrière-sur-Saône,21
21343,21330,Larrey,21
21344,21250,Lechâtelet,21
21345,21440,Léry,21
21346,21290,Leuglay,21
21347,21200,Levernois,21
21348,21610,Licey-sur-Vingeanne,21
21349,21430,Liernais,21
21351,21110,Longchamp,21
21352,21110,Longeault,21
21353,21110,Longecourt-en-Plaine,21
21354,21230,Longecourt-lès-Culêtre,21
21355,21600,Longvic,21
21356,21170,Losne,21
21357,21520,Louesme,21
21358,21150,Lucenay-le-Duc,21
21359,21290,Lucey,21
21360,21360,Lusigny-sur-Ouche,21
21361,21120,Lux,21
21362,21320,Maconge,21
21363,21230,Magnien,21
21364,21450,Magny-Lambert,21
21365,21140,Magny-la-Ville,21
21366,21170,Magny-lès-Aubigny,21
21367,21130,Magny-Montarlot,21
21368,21700,Magny-lès-Villers,21
21369,21310,Magny-Saint-Médard,21
21370,21110,Magny-sur-Tille,21
21371,21130,Les Maillys,21
21372,21400,Maisey-le-Duc,21
21373,21410,Mâlain,21
21374,21230,Maligny,21
21375,21430,Manlay,21
21376,21270,Marandeuil,21
21377,21350,Marcellois,21
21378,21330,Marcenay,21
21379,21430,Marcheseuil,21
21380,21390,Marcigny-sous-Thil,21
21381,21350,Marcilly-et-Dracy,21
21382,21320,Marcilly-Ogny,21
21383,21120,Marcilly-sur-Tille,21
21384,21700,Marey-lès-Fussey,21
21385,21120,Marey-sur-Tille,21
21386,21150,Marigny-le-Cahouët,21
21387,21200,Marigny-lès-Reullée,21
21388,21110,Marliens,21
21390,21160,Marsannay-la-Côte,21
21391,21380,Marsannay-le-Bois,21
21392,21320,Martrois,21
21393,21400,Massingy,21
21394,21140,Massingy-lès-Semur,21
21395,21350,Massingy-lès-Vitteaux,21
21396,21510,Mauvilly,21
21397,21190,Mavilly-Mandelot,21
21398,21270,Maxilly-sur-Saône,21
21399,21320,Meilly-sur-Rouvres,21
21400,21580,Le Meix,21
21401,21190,Meloisey,21
21402,21290,Menesble,21
21403,21430,Ménessaire,21
21404,21150,Ménétreux-le-Pitois,21
21405,21190,Merceuil,21
21407,21220,Messanges,21
21408,21380,Messigny-et-Vantoux,21
21409,21700,Meuilley,21
21410,21510,Meulson,21
21411,21200,Meursanges,21
21412,21190,Meursault,21
21413,21140,Millery,21
21414,21230,Mimeure,21
21415,21510,Minot,21
21416,21310,Mirebeau-sur-Bèze,21
21417,21210,Missery,21
21418,21510,Moitron,21
21419,21330,Molesme,21
21420,21340,Molinot,21
21421,21120,Moloy,21
21422,21210,Molphey,21
21423,21200,Montagny-lès-Beaune,21
21424,21250,Montagny-lès-Seurre,21
21425,21500,Montbard,21
21426,21460,Montberthault,21
21427,21360,Montceau-et-Écharnant,21
21428,21190,Monthelie,21
21429,21500,Montigny-Montfort,21
21430,21390,Montigny-Saint-Barthélemy,21
21431,21140,Montigny-sur-Armançon,21
21432,21520,Montigny-sur-Aube,21
21433,21610,Montigny-Mornay-Villeneuve-sur-Vingeanne,21
21434,21210,Montlay-en-Auxois,21
21435,21400,Montliot-et-Courcelles,21
21436,21250,Montmain,21
21437,21270,Montmançon,21
21438,21290,Montmoyen,21
21439,21540,Montoillot,21
21440,21170,Montot,21
21442,21220,Morey-Saint-Denis,21
21444,21400,Mosson,21
21445,21210,La Motte-Ternant,21
21446,21500,Moutiers-Saint-Jean,21
21447,21230,Musigny,21
21448,21150,Mussy-la-Fosse,21
21449,21390,Nan-sous-Thil,21
21450,21190,Nantoux,21
21451,21330,Nesle-et-Massoult,21
21452,21800,Neuilly-lès-Dijon,21
21454,21330,Nicey,21
21455,21400,Nod-sur-Seine,21
21456,21500,Nogent-lès-Montbard,21
21457,21390,Noidan,21
21458,21910,Noiron-sous-Gevrey,21
21459,21310,Noiron-sur-Bèze,21
21460,21400,Noiron-sur-Seine,21
21461,21340,Nolay,21
21462,21490,Norges-la-Ville,21
21463,21390,Normier,21
21464,21700,Nuits-Saint-Georges,21
21465,21400,Obtrée,21
21466,21450,Oigny,21
21467,21310,Oisilly,21
21468,21610,Orain,21
21469,21490,Orgeux,21
21470,21510,Origny,21
21471,21450,Orret,21
21472,21260,Orville,21
21473,21600,Ouges,21
21474,21250,Pagny-la-Ville,21
21475,21250,Pagny-le-Château,21
21476,21360,Painblanc,21
21477,21540,Panges,21
21478,21370,Pasques,21
21479,21440,Pellerey,21
21480,21420,Pernand-Vergelesses,21
21481,21160,Perrigny-lès-Dijon,21
21482,21270,Perrigny-sur-l'Ognon,21
21483,21120,Pichanges,21
21484,21500,Planay,21
21485,21370,Plombières-lès-Dijon,21
21486,21110,Pluvault,21
21487,21110,Pluvet,21
21488,21330,Poinçon-lès-Larrey,21
21489,21440,Poiseul-la-Grange,21
21490,21450,Poiseul-la-Ville-et-Laperrière,21
21491,21120,Poiseul-lès-Saulx,21
21492,21630,Pommard,21
21493,21130,Poncey-lès-Athée,21
21494,21440,Poncey-sur-l'Ignon,21
21495,21130,Pont,21
21496,21270,Pontailler-sur-Saône,21
21497,21140,Pont-et-Massène,21
21498,21350,Posanges,21
21499,21400,Pothières,21
21500,21150,Pouillenay,21
21501,21320,Pouilly-en-Auxois,21
21502,21250,Pouilly-sur-Saône,21
21503,21610,Pouilly-sur-Vingeanne,21
21504,21410,Prâlon,21
21505,21390,Précy-sous-Thil,21
21506,21700,Premeaux-Prissey,21
21507,21110,Premières,21
21508,21370,Prenois,21
21510,21400,Prusly-sur-Ource,21
21511,21400,Puits,21
21512,21190,Puligny-Montrachet,21
21513,21220,Quemigny-Poisot,21
21514,21510,Quemigny-sur-Seine,21
21515,21800,Quetigny,21
21516,21500,Quincerot,21
21517,21700,Quincey,21
21518,21500,Quincy-le-Vicomte,21
21519,21290,Recey-sur-Ource,21
21520,21540,Remilly-en-Montagne,21
21521,21560,Remilly-sur-Tille,21
21522,21310,Renève,21
21523,21220,Reulle-Vergy,21
21524,21570,Riel-les-Eaux,21
21525,21530,La Roche-en-Brenil,21
21526,21510,Rochefort-sur-Brévon,21
21527,21340,La Rochepot,21
21528,21150,La Roche-Vanneau,21
21529,21390,Roilly,21
21530,21500,Rougemont,21
21531,21530,Rouvray,21
21532,21110,Rouvres-en-Plaine,21
21533,21320,Rouvres-sous-Meilly,21
21534,21200,Ruffey-lès-Beaune,21
21535,21490,Ruffey-lès-Echirey,21
21536,21260,Sacquenay,21
21537,21350,Saffres,21
21538,21530,Saint-Andeux,21
21539,21540,Saint-Anthot,21
21543,21290,Saint-Broing-les-Moines,21
21544,21350,Sainte-Colombe-en-Auxois,21
21545,21400,Sainte-Colombe-sur-Seine,21
21546,21210,Saint-Didier,21
21547,21140,Saint-Euphrône,21
21548,21530,Saint-Germain-de-Modéon,21
21549,21510,Saint-Germain-le-Rocheux,21
21550,21500,Saint-Germain-lès-Senailly,21
21552,21690,Saint-Hélier,21
21553,21410,Saint-Jean-de-Bœuf,21
21554,21170,Saint-Jean-de-Losne,21
21555,21490,Saint-Julien,21
21556,21270,Saint-Léger-Triey,21
21557,21450,Saint-Marc-sur-Seine,21
21558,21200,Sainte-Marie-la-Blanche,21
21559,21410,Sainte-Marie-sur-Ouche,21
21560,21210,Saint-Martin-de-la-Mer,21
21562,21610,Saint-Maurice-sur-Vingeanne,21
21564,21700,Saint-Nicolas-lès-Cîteaux,21
21565,21220,Saint-Philibert,21
21566,21230,Saint-Pierre-en-Vaux,21
21567,21230,Saint-Prix-lès-Arnay,21
21570,21320,Sainte-Sabine,21
21572,21130,Saint-Seine-en-Bâche,21
21573,21440,Saint-Seine-l'Abbaye,21
21574,21610,Saint-Seine-sur-Vingeanne,21
21575,21170,Saint-Symphorien-sur-Saône,21
21578,21410,Saint-Victor-sur-Ouche,21
21579,21580,Salives,21
21580,21690,Salmaise,21
21581,21170,Samerey,21
21582,21590,Santenay,21
21583,21340,Santosse,21
21584,21210,Saulieu,21
21585,21910,Saulon-la-Chapelle,21
21586,21910,Saulon-la-Rue,21
21587,21120,Saulx-le-Duc,21
21588,21360,Saussey,21
21589,21380,Saussy,21
21590,21420,Savigny-lès-Beaune,21
21591,21380,Savigny-le-Sec,21
21592,21540,Savigny-sous-Mâlain,21
21593,21430,Savilly,21
21594,21500,Savoisy,21
21595,21310,Savolles,21
21596,21910,Savouges,21
21597,21220,Segrois,21
21598,21150,Seigny,21
21599,21260,Selongey,21
21600,21320,Semarey,21
21601,21220,Semezanges,21
21602,21450,Semond,21
21603,21140,Semur-en-Auxois,21
21604,21500,Senailly,21
21605,21800,Sennecey-lès-Dijon,21
21606,21550,Ladoix-Serrigny,21
21607,21250,Seurre,21
21608,21530,Sincey-lès-Rouvray,21
21609,21110,Soirans,21
21610,21270,Soissons-sur-Nacey,21
21611,21540,Sombernon,21
21612,21140,Souhey,21
21613,21350,Soussey-sur-Brionne,21
21615,21430,Sussey,21
21617,21240,Talant,21
21618,21270,Talmay,21
21619,21310,Tanay,21
21620,21120,Tarsul,21
21621,21110,Tart-l'Abbaye,21
21622,21110,Tart-le-Bas,21
21623,21110,Tart-le-Haut,21
21624,21270,Tellecey,21
21626,21290,Terrefondrée,21
21627,21150,Thenissey,21
21628,21570,Thoires,21
21629,21210,Thoisy-la-Berchère,21
21630,21320,Thoisy-le-Désert,21
21631,21360,Thomirey,21
21632,21110,Thorey-en-Plaine,21
21633,21350,Thorey-sous-Charny,21
21634,21360,Thorey-sur-Ouche,21
21635,21460,Thoste,21
21636,21340,Thury,21
21637,21250,Tichey,21
21638,21120,Til-Châtel,21
21639,21130,Tillenay,21
21640,21460,Torcy-et-Pouligny,21
21641,21500,Touillon,21
21642,21460,Toutry,21
21643,21130,Tréclun,21
21644,21310,Trochères,21
21645,21170,Trouhans,21
21646,21440,Trouhaut,21
21647,21250,Trugny,21
21648,21540,Turcey,21
21649,21350,Uncey-le-Franc,21
21650,21220,Urcy,21
21651,21121,Val-Suzon,21
21652,21320,Vandenesse-en-Auxois,21
21653,21400,Vannaire,21
21655,21400,Vanvey,21
21656,21110,Varanges,21
21657,21490,Varois-et-Chaignot,21
21658,21340,Vauchignon,21
21659,21440,Vaux-Saules,21
21660,21360,Veilly,21
21661,21370,Velars-sur-Ouche,21
21662,21350,Velogny,21
21663,21150,Venarey-les-Laumes,21
21664,21330,Verdonnet,21
21665,21260,Vernois-lès-Vesvres,21
21666,21120,Vernot,21
21667,21260,Véronnes,21
21669,21540,Verrey-sous-Drée,21
21670,21690,Verrey-sous-Salmaise,21
21671,21330,Vertault,21
21672,21350,Vesvres,21
21673,21360,Veuvey-sur-Ouche,21
21674,21520,Veuxhaulles-sur-Aube,21
21675,21430,Vianges,21
21676,21140,Vic-de-Chassenay,21
21677,21360,Vic-des-Prés,21
21678,21390,Vic-sous-Thil,21
21679,21540,Vieilmoulin,21
21680,21270,Vielverge,21
21681,21460,Vieux-Château,21
21682,21310,Viévigne,21
21683,21230,Viévy,21
21684,21200,Vignoles,21
21685,21450,Villaines-en-Duesmois,21
21686,21500,Villaines-les-Prévôtes,21
21687,21210,Villargoix,21
21688,21700,Villars-Fontaine,21
21689,21140,Villars-et-Villenotte,21
21690,21350,Villeberny,21
21691,21700,Villebichot,21
21692,21120,Villecomte,21
21694,21350,Villeferry,21
21695,21450,La Villeneuve-les-Convers,21
21696,21140,Villeneuve-sous-Charigny,21
21698,21700,Villers-la-Faye,21
21699,21130,Villers-les-Pots,21
21700,21400,Villers-Patras,21
21701,21130,Villers-Rotin,21
21702,21120,Villey-sur-Tille,21
21703,21430,Villiers-en-Morvan,21
21704,21400,Villiers-le-Duc,21
21705,21690,Villotte-Saint-Seine,21
21706,21400,Villotte-sur-Ource,21
21707,21350,Villy-en-Auxois,21
21708,21250,Villy-le-Moutier,21
21709,21500,Viserny,21
21710,21350,Vitteaux,21
21711,21400,Vix,21
21712,21190,Volnay,21
21713,21270,Vonges,21
21714,21700,Vosne-Romanée,21
21715,21230,Voudenay,21
21716,21640,Vougeot,21
21717,21290,Voulaines-les-Templiers,21
22001,22460,Allineuc,22
22002,22400,Andel,22
22003,22100,Aucaleuc,22
22004,22140,Bégard,22
22005,22810,Belle-Isle-en-Terre,22
22006,22140,Berhet,22
22008,22100,Bobital,22
22009,22320,Le Bodéo,22
22011,22170,Boqueho,22
22012,22240,La Bouillie,22
22013,22390,Bourbriac,22
22014,22130,Bourseul,22
22015,22510,Bréhand,22
22016,22870,Île-de-Bréhat,22
22018,22140,Brélidy,22
22019,22170,Bringolo,22
22020,22250,Broons,22
22021,22100,Brusvily,22
22023,22160,Bulat-Pestivien,22
22024,22160,Calanhel,22
22025,22160,Callac,22
22026,22100,Calorguen,22
22027,22210,Le Cambout,22
22028,22450,Camlez,22
22029,22480,Canihuel,22
22030,22300,Caouënnec-Lanvézéac,22
22031,22160,Carnoët,22
22032,22350,Caulnes,22
22033,22530,Caurel,22
22034,22140,Cavan,22
22035,22630,Les Champs-Géraux,22
22036,22350,La Chapelle-Blanche,22
22037,22160,La Chapelle-Neuve,22
22038,22170,Châtelaudren,22
22039,22210,La Chèze,22
22040,22970,Coadout,22
22041,22140,Coatascorn,22
22042,22450,Coatréven,22
22043,22210,Coëtlogon,22
22044,22400,Coëtmieux,22
22045,22800,Cohiniac,22
22046,22330,Le Mené,22
22047,22320,Corlay,22
22048,22130,Corseul,22
22049,22130,Créhen,22
22050,22100,Dinan,22
22052,22160,Duault,22
22053,22250,Éréac,22
22054,22430,Erquy,22
22055,22520,Binic-Étables-sur-Mer,22
22056,22630,Évran,22
22057,22290,Le Faouët,22
22059,22800,Le Fœil,22
22060,22150,Gausson,22
22061,22110,Glomel,22
22062,22230,Gomené,22
22063,22290,Gommenec'h,22
22064,22570,Gouarec,22
22065,22290,Goudelin,22
22067,22200,Grâces,22
22068,22460,Grâce-Uzel,22
22069,22350,Guenroc,22
22070,22200,Guingamp,22
22071,22350,Guitté,22
22072,22390,Gurunhuel,22
22073,22320,La Harmoye,22
22074,22320,Le Haut-Corlay,22
22075,22600,Hémonstoir,22
22076,22550,Hénanbihen,22
22077,22400,Hénansal,22
22078,22450,Hengoat,22
22079,22150,Hénon,22
22081,22120,Hillion,22
22082,22100,Le Hinglé,22
22083,22230,Illifaut,22
22084,22270,Jugon-les-Lacs - Commune nouvelle,22
22085,22610,Kerbors,22
22086,22500,Kerfot,22
22087,22110,Kergrist-Moëlou,22
22088,22480,Kerien,22
22090,22450,Kermaria-Sulard,22
22091,22140,Kermoroc'h,22
22092,22480,Kerpert,22
22093,22400,Lamballe,22
22094,22770,Lancieux,22
22095,22140,Landebaëron,22
22096,22130,Landébia,22
22097,22980,La Landec,22
22098,22400,Landéhen,22
22099,22800,Lanfains,22
22100,22150,Langast,22
22101,22450,Langoat,22
22103,22490,Langrolay-sur-Rance,22
22104,22980,Languédias,22
22105,22130,Languenan,22
22106,22360,Langueux,22
22107,22570,Bon Repos sur Blavet,22
22108,22290,Lanleff,22
22109,22580,Lanloup,22
22110,22300,Lanmérin,22
22111,22610,Lanmodez,22
22112,22290,Lannebert,22
22113,22300,Lannion,22
22114,22250,Lanrelas,22
22115,22480,Lanrivain,22
22116,22170,Lanrodec,22
22117,22410,Lantic,22
22118,22100,Lanvallay,22
22119,22420,Lanvellec,22
22121,22290,Lanvollon,22
22122,22230,Laurenan,22
22123,22100,Léhon,22
22124,22570,Lescouët-Gouarec,22
22126,22800,Le Leslay,22
22127,22740,Lézardrieux,22
22128,22340,Locarn,22
22129,22810,Loc-Envel,22
22131,22780,Loguivy-Plougras,22
22132,22160,Lohuec,22
22133,22230,Loscouët-sur-Meu,22
22134,22700,Louannec,22
22135,22540,Louargat,22
22136,22600,Loudéac,22
22137,22340,Maël-Carhaix,22
22138,22160,Maël-Pestivien,22
22139,22480,Magoar,22
22140,22640,La Malhoure,22
22141,22450,Mantallot,22
22143,22550,Matignon,22
22144,22440,La Méaugon,22
22145,22270,Mégrit,22
22146,22110,Mellionnec,22
22147,22230,Merdrignac,22
22148,22230,Mérillac,22
22149,22460,Merléac,22
22150,22200,Le Merzer,22
22152,22220,Minihy-Tréguier,22
22153,22510,Moncontour,22
22154,22400,Morieux,22
22155,22600,La Motte,22
22156,22200,Moustéru,22
22157,22340,Le Moustoir,22
22158,22530,Guerlédan,22
22160,22400,Noyal,22
22161,22200,Pabu,22
22162,22500,Paimpol,22
22163,22340,Paule,22
22164,22540,Pédernec,22
22165,22510,Penguily,22
22166,22710,Penvénan,22
22167,22570,Perret,22
22168,22700,Perros-Guirec,22
22169,22480,Peumerit-Quintin,22
22170,22800,Plaine-Haute,22
22171,22940,Plaintel,22
22172,22130,Plancoët,22
22173,22400,Planguenoual,22
22174,22550,Pléboulle,22
22175,22270,Plédéliac,22
22176,22960,Plédran,22
22177,22290,Pléguien,22
22178,22290,Pléhédel,22
22179,22240,Fréhel,22
22180,22980,Plélan-le-Petit,22
22181,22570,Plélauff,22
22182,22170,Plélo,22
22183,22210,Plémet,22
22184,22150,Plémy,22
22185,22640,Plénée-Jugon,22
22186,22370,Pléneuf-Val-André,22
22187,22190,Plérin,22
22188,22170,Plerneuf,22
22189,22720,Plésidy,22
22190,22490,Pleslin-Trigavou,22
22192,22650,Plessix-Balisson,22
22193,22640,Plestan,22
22194,22310,Plestin-les-Grèves,22
22195,22610,Pleubian,22
22196,22740,Pleudaniel,22
22197,22690,Pleudihen-sur-Rance,22
22198,22560,Pleumeur-Bodou,22
22199,22740,Pleumeur-Gautier,22
22200,22130,Pléven,22
22201,22240,Plévenon,22
22202,22340,Plévin,22
22203,22150,Plœuc-L'Hermitage,22
22204,22260,Ploëzal,22
22205,22130,Plorec-sur-Arguenon,22
22206,22170,Plouagat,22
22207,22420,Plouaret,22
22208,22830,Plouasne,22
22209,22650,Beaussais-sur-Mer,22
22210,22620,Ploubazlanec,22
22211,22300,Ploubezre,22
22212,22260,Plouëc-du-Trieux,22
22213,22490,Plouër-sur-Rance,22
22214,22470,Plouézec,22
22215,22440,Ploufragan,22
22216,22810,Plougonver,22
22217,22780,Plougras,22
22218,22820,Plougrescant,22
22219,22150,Plouguenast,22
22220,22110,Plouguernével,22
22221,22220,Plouguiel,22
22222,22580,Plouha,22
22223,22200,Plouisy,22
22224,22300,Ploulec'h,22
22225,22970,Ploumagoar,22
22226,22300,Ploumilliau,22
22227,22780,Plounérin,22
22228,22810,Plounévez-Moëdec,22
22229,22110,Plounévez-Quintin,22
22231,22160,Plourac'h,22
22232,22410,Plourhan,22
22233,22860,Plourivo,22
22234,22170,Plouvara,22
22235,22420,Plouzélambre,22
22236,22290,Pludual,22
22237,22130,Pluduno,22
22238,22310,Plufur,22
22239,22350,Plumaudan,22
22240,22250,Plumaugat,22
22241,22210,Plumieux,22
22242,22240,Plurien,22
22243,22160,Plusquellec,22
22244,22320,Plussulien,22
22245,22140,Pluzunet,22
22246,22120,Pommeret,22
22247,22450,Pommerit-Jaudy,22
22248,22200,Pommerit-le-Vicomte,22
22249,22390,Pont-Melvez,22
22250,22260,Pontrieux,22
22251,22590,Pordic,22
22253,22450,Pouldouran,22
22254,22140,Prat,22
22255,22210,La Prénessaye,22
22256,22260,Quemper-Guézennec,22
22257,22450,Quemperven,22
22258,22120,Quessoy,22
22259,22100,Quévert,22
22260,22460,Le Quillio,22
22261,22400,Quintenic,22
22262,22800,Quintin,22
22263,22630,Le Quiou,22
22264,22450,La Roche-Derrien,22
22265,22300,Rospez,22
22266,22110,Rostrenen,22
22268,22550,Ruca,22
22269,22260,Runan,22
22271,22390,Saint-Adrien,22
22272,22200,Saint-Agathon,22
22274,22630,Saint-André-des-Eaux,22
22275,22600,Saint-Barnabé,22
22276,22800,Saint-Bihy,22
22277,22800,Saint-Brandan,22
22278,22000,Saint-Brieuc,22
22279,22600,Saint-Caradec,22
22280,22100,Saint-Carné,22
22281,22150,Saint-Carreuc,22
22282,22380,Saint-Cast-le-Guildo,22
22283,22260,Saint-Clet,22
22284,22480,Saint-Connan,22
22285,22530,Saint-Connec,22
22286,22400,Saint-Denoual,22
22287,22800,Saint-Donan,22
22288,22210,Saint-Étienne-du-Gué-de-l'Isle,22
22289,22720,Saint-Fiacre,22
22290,22570,Saint-Gelven,22
22291,22800,Saint-Gildas,22
22293,22290,Saint-Gilles-les-Bois,22
22294,22480,Saint-Gilles-Pligeaux,22
22295,22530,Saint-Gilles-Vieux-Marché,22
22296,22510,Saint-Glen,22
22298,22530,Saint-Guen,22
22299,22100,Saint-Hélen,22
22300,22460,Saint-Hervé,22
22302,22750,Saint-Jacut-de-la-Mer,22
22304,22170,Saint-Jean-Kerdaniel,22
22305,22350,Saint-Jouan-de-l'Isle,22
22306,22630,Saint-Judoce,22
22308,22630,Saint-Juvat,22
22309,22230,Saint-Launeuc,22
22311,22130,Saint-Lormel,22
22312,22350,Saint-Maden,22
22313,22320,Saint-Martin-des-Prés,22
22314,22600,Saint-Maudan,22
22315,22980,Saint-Maudez,22
22316,22320,Saint-Mayeux,22
22317,22980,Saint-Méloir-des-Bois,22
22318,22980,Saint-Michel-de-Plélan,22
22319,22300,Saint-Michel-en-Grève,22
22320,22160,Saint-Nicodème,22
22321,22480,Saint-Nicolas-du-Pélem,22
22322,22720,Saint-Péver,22
22323,22550,Saint-Pôtan,22
22324,22700,Saint-Quay-Perros,22
22325,22410,Saint-Quay-Portrieux,22
22326,22270,Saint-Rieul,22
22327,22100,Saint-Samson-sur-Rance,22
22328,22160,Saint-Servais,22
22330,22460,Saint-Thélo,22
22331,22480,Sainte-Tréphine,22
22332,22510,Saint-Trimoël,22
22333,22230,Saint-Vran,22
22334,22570,Saint-Igeaux,22
22335,22720,Senven-Léhart,22
22337,22250,Sévignac,22
22338,22200,Squiffiec,22
22339,22100,Taden,22
22340,22140,Tonquédec,22
22341,22640,Tramain,22
22342,22980,Trébédan,22
22343,22560,Trébeurden,22
22344,22340,Trébrivan,22
22345,22510,Trébry,22
22346,22510,Trédaniel,22
22347,22220,Trédarzec,22
22348,22250,Trédias,22
22349,22300,Trédrez-Locquémeau,22
22350,22310,Tréduder,22
22351,22340,Treffrin,22
22352,22630,Tréfumel,22
22353,22730,Trégastel,22
22354,22540,Tréglamus,22
22356,22590,Trégomeur,22
22357,22650,Trégon,22
22358,22200,Trégonneau,22
22359,22420,Trégrom,22
22360,22950,Trégueux,22
22361,22290,Tréguidel,22
22362,22220,Tréguier,22
22363,22660,Trélévern,22
22364,22100,Trélivan,22
22365,22110,Trémargat,22
22366,22310,Trémel,22
22368,22490,Tréméreuc,22
22369,22250,Trémeur,22
22370,22290,Tréméven,22
22371,22230,Trémorel,22
22372,22440,Trémuson,22
22373,22340,Tréogan,22
22375,22290,Tressignaux,22
22376,22600,Trévé,22
22377,22410,Tréveneuc,22
22378,22290,Trévérec,22
22379,22660,Trévou-Tréguignec,22
22380,22100,Trévron,22
22381,22450,Trézény,22
22383,22450,Troguéry,22
22384,22460,Uzel,22
22385,22690,La Vicomté-sur-Rance,22
22386,22800,Le Vieux-Bourg,22
22387,22420,Le Vieux-Marché,22
22388,22980,Vildé-Guingalan,22
22389,22120,Yffiniac,22
22390,22930,Yvias,22
22391,22350,Yvignac-la-Tour,22
23001,23150,Ahun,23
23002,23380,Ajain,23
23004,23000,Anzême,23
23005,23700,Arfeuille-Châtain,23
23006,23210,Arrènes,23
23008,23200,Aubusson,23
23010,23210,Augères,23
23011,23210,Aulon,23
23012,23400,Auriat,23
23013,23700,Auzances,23
23014,23210,Azat-Châtenet,23
23015,23160,Azerables,23
23016,23120,Banize,23
23017,23260,Basville,23
23018,23160,Bazelat,23
23019,23260,Beissat,23
23020,23190,Bellegarde-en-Marche,23
23021,23210,Bénévent-l'Abbaye,23
23022,23270,Bétête,23
23023,23140,Blaudeix,23
23024,23200,Blessac,23
23025,23220,Bonnat,23
23026,23230,Bord-Saint-Georges,23
23027,23400,Bosmoreau-les-Mines,23
23028,23200,Bosroger,23
23029,23220,Le Bourg-d'Hem,23
23030,23400,Bourganeuf,23
23032,23600,Boussac-Bourg,23
23033,23000,La Brionne,23
23034,23700,Brousse,23
23035,23170,Budelière,23
23036,23320,Bussière-Dunoise,23
23037,23700,Bussière-Nouvelle,23
23038,23600,Bussière-Saint-Georges,23
23039,23800,La Celle-Dunoise,23
23040,23230,La Celle-sous-Gouzon,23
23041,23350,La Cellette,23
23042,23210,Ceyroux,23
23043,23480,Chamberaud,23
23044,23220,Chambon-Sainte-Croix,23
23045,23170,Chambon-sur-Voueize,23
23046,23110,Chambonchard,23
23047,23240,Chamborand,23
23048,23190,Champagnat,23
23049,23220,Champsanglard,23
23050,23160,La Chapelle-Baloue,23
23051,23250,La Chapelle-Saint-Martial,23
23052,23000,La Chapelle-Taillefert,23
23053,23700,Chard,23
23055,23700,Châtelard,23
23056,23430,Châtelus-le-Marcheix,23
23057,23270,Châtelus-Malvaleix,23
23058,23130,Le Chauchet,23
23059,23200,La Chaussade,23
23060,23250,Chavanat,23
23061,23130,Chénérailles,23
23062,23220,Chéniers,23
23063,23500,Clairavaux,23
23064,23270,Clugnat,23
23065,23800,Colondannes,23
23066,23700,Le Compas,23
23067,23100,La Courtine,23
23068,23140,Cressat,23
23069,23260,Crocq,23
23070,23160,Crozant,23
23071,23500,Croze,23
23072,23140,Domeyrot,23
23073,23700,Dontreix,23
23074,23480,Le Donzeil,23
23075,23800,Dun-le-Palestel,23
23076,23110,Évaux-les-Bains,23
23077,23340,Faux-la-Montagne,23
23078,23400,Faux-Mazuras,23
23079,23500,Felletin,23
23080,23100,Féniers,23
23081,23260,Flayat,23
23082,23320,Fleurat,23
23083,23110,Fontanières,23
23084,23360,La Forêt-du-Temple,23
23086,23480,Fransèches,23
23087,23450,Fresselines,23
23088,23320,Gartempe,23
23090,23340,Gentioux-Pigerolles,23
23091,23500,Gioux,23
23092,23380,Glénic,23
23093,23230,Gouzon,23
23095,23240,Le Grand-Bourg,23
23096,23000,Guéret,23
23097,23130,Issoudun-Létrieix,23
23098,23270,Jalesches,23
23099,23250,Janaillat,23
23100,23140,Jarnages,23
23101,23220,Jouillat,23
23102,23270,Ladapeyre,23
23103,23800,Lafat,23
23104,23600,Lavaufranche,23
23105,23150,Lavaveix-les-Mines,23
23106,23170,Lépaud,23
23107,23150,Lépinas,23
23108,23600,Leyrat,23
23109,23220,Linard,23
23110,23700,Lioux-les-Monges,23
23111,23240,Lizières,23
23112,23360,Lourdoueix-Saint-Pierre,23
23113,23190,Lupersat,23
23114,23170,Lussat,23
23115,23260,Magnat-l'Étrange,23
23116,23700,Mainsat,23
23117,23800,Maison-Feyne,23
23118,23150,Maisonnisses,23
23119,23260,Malleret,23
23120,23600,Malleret-Boussac,23
23121,23220,Malval,23
23122,23400,Mansat-la-Courrière,23
23123,23700,Les Mars,23
23125,23100,Le Mas-d'Artige,23
23126,23400,Masbaraud-Mérignat,23
23127,23190,Mautes,23
23128,23150,Mazeirat,23
23129,23260,La Mazière-aux-Bons-Hommes,23
23130,23360,Méasnes,23
23131,23420,Mérinchal,23
23132,23320,Montaigut-le-Blanc,23
23133,23400,Montboucher,23
23134,23460,Le Monteil-au-Vicomte,23
23136,23220,Mortroux,23
23137,23210,Mourioux-Vieilleville,23
23138,23150,Moutier-d'Ahun,23
23139,23220,Moutier-Malcard,23
23140,23200,Moutier-Rozeille,23
23141,23800,Naillat,23
23142,23200,Néoux,23
23143,23300,Noth,23
23144,23500,La Nouaille,23
23145,23170,Nouhant,23
23146,23600,Nouzerines,23
23147,23360,Nouzerolles,23
23148,23350,Nouziers,23
23149,23140,Parsac-Rimondeix,23
23150,23000,Peyrabout,23
23151,23130,Peyrat-la-Nonière,23
23154,23140,Pionnat,23
23155,23250,Pontarion,23
23156,23260,Pontcharraud,23
23157,23250,La Pouge,23
23158,23500,Poussanges,23
23159,23130,Puy-Malsignat,23
23160,23110,Reterre,23
23162,23270,Roches,23
23164,23700,Rougnat,23
23165,23460,Royère-de-Vassivière,23
23166,23800,Sagnat,23
23167,23110,Sannat,23
23168,23250,Sardent,23
23169,23000,La Saunière,23
23170,23000,Savennes,23
23171,23700,Sermur,23
23172,23190,La Serre-Bussière-Vieille,23
23173,23250,Soubrebost,23
23174,23600,Soumans,23
23175,23150,Sous-Parsat,23
23176,23300,La Souterraine,23
23177,23300,Saint-Agnant-de-Versillat,23
23178,23260,Saint-Agnant-près-Crocq,23
23179,23200,Saint-Alpinien,23
23180,23200,Saint-Amand,23
23181,23400,Saint-Amand-Jartoudeix,23
23182,23200,Saint-Avit-de-Tardes,23
23183,23480,Saint-Avit-le-Pauvre,23
23184,23260,Saint-Bard,23
23185,23130,Saint-Chabrais,23
23187,23130,Saint-Dizier-la-Tour,23
23188,23270,Saint-Dizier-les-Domaines,23
23189,23400,Saint-Dizier-Leyrenne,23
23190,23190,Saint-Domet,23
23192,23290,Fursac,23
23193,23000,Sainte-Feyre,23
23194,23500,Sainte-Feyre-la-Montagne,23
23195,23000,Saint-Fiel,23
23196,23500,Saint-Frion,23
23197,23250,Saint-Georges-la-Pouge,23
23198,23500,Saint-Georges-Nigremont,23
23199,23160,Saint-Germain-Beaupré,23
23200,23430,Saint-Goussaud,23
23201,23150,Saint-Hilaire-la-Plaine,23
23202,23250,Saint-Hilaire-le-Château,23
23203,23110,Saint-Julien-la-Genête,23
23204,23130,Saint-Julien-le-Châtel,23
23205,23400,Saint-Junien-la-Bregère,23
23207,23300,Saint-Léger-Bridereix,23
23208,23000,Saint-Léger-le-Guérétois,23
23210,23200,Saint-Maixant,23
23211,23200,Saint-Marc-à-Frongier,23
23212,23460,Saint-Marc-à-Loubaud,23
23213,23600,Saint-Marien,23
23214,23150,Saint-Martial-le-Mont,23
23215,23100,Saint-Martial-le-Vieux,23
23216,23460,Saint-Martin-Château,23
23217,23430,Saint-Martin-Sainte-Catherine,23
23218,23260,Saint-Maurice-près-Crocq,23
23219,23300,Saint-Maurice-la-Souterraine,23
23220,23200,Saint-Médard-la-Rochette,23
23221,23100,Saint-Merd-la-Breuille,23
23222,23480,Saint-Michel-de-Veisse,23
23223,23400,Saint-Moreil,23
23224,23100,Saint-Oradoux-de-Chirouze,23
23225,23260,Saint-Oradoux-près-Crocq,23
23226,23260,Saint-Pardoux-d'Arnet,23
23227,23400,Saint-Pardoux-Morterolles,23
23229,23150,Saint-Pardoux-les-Cards,23
23230,23430,Saint-Pierre-Chérignat,23
23231,23290,Saint-Pierre-de-Fursac,23
23232,23460,Saint-Pierre-Bellevue,23
23233,23600,Saint-Pierre-le-Bost,23
23235,23300,Saint-Priest-la-Feuille,23
23236,23240,Saint-Priest-la-Plaine,23
23237,23400,Saint-Priest-Palus,23
23238,23500,Saint-Quentin-la-Chabanne,23
23239,23160,Saint-Sébastien,23
23240,23600,Saint-Silvain-Bas-le-Roc,23
23241,23190,Saint-Silvain-Bellegarde,23
23242,23320,Saint-Silvain-Montaigut,23
23243,23140,Saint-Silvain-sous-Toulx,23
23244,23800,Saint-Sulpice-le-Dunois,23
23245,23000,Saint-Sulpice-le-Guérétois,23
23246,23480,Saint-Sulpice-les-Champs,23
23247,23320,Saint-Vaury,23
23248,23000,Saint-Victor-en-Marche,23
23249,23460,Saint-Yrieix-la-Montagne,23
23250,23150,Saint-Yrieix-les-Bois,23
23251,23170,Tardes,23
23252,23350,Tercillat,23
23253,23250,Thauron,23
23254,23600,Toulx-Sainte-Croix,23
23255,23230,Trois-Fonds,23
23257,23120,Vallière,23
23258,23300,Vareilles,23
23259,23170,Verneiges,23
23260,23250,Vidaillat,23
23261,23170,Viersat,23
23262,23140,Vigeville,23
23263,23800,Villard,23
23265,23260,La Villeneuve,23
23266,23260,La Villetelle,23
24001,24300,Abjat-sur-Bandiat,24
24002,24460,Agonac,24
24004,24210,Ajat,24
24005,24480,Alles-sur-Dordogne,24
24006,24220,Allas-les-Mines,24
24007,24600,Allemans,24
24008,24270,Angoisse,24
24009,24160,Anlhiac,24
24010,24430,Annesse-et-Beaulieu,24
24011,24420,Antonne-et-Trigonant,24
24012,24590,Archignac,24
24014,24290,Aubas,24
24015,24260,Audrix,24
24016,24300,Augignac,24
24018,24290,Auriac-du-Périgord,24
24019,24210,Azerat,24
24020,24210,La Bachellerie,24
24021,24390,Badefols-d'Ans,24
24022,24150,Badefols-sur-Dordogne,24
24023,24150,Baneuil,24
24024,24560,Bardou,24
24025,24210,Bars,24
24026,24330,Bassillac et Auberoche,24
24027,24150,Bayac,24
24028,24440,Beaumontois en Périgord,24
24029,24400,Beaupouyet,24
24030,24120,Beauregard-de-Terrasson,24
24031,24140,Beauregard-et-Bassac,24
24032,24400,Beauronne,24
24033,24340,Beaussac,24
24034,24140,Beleymas,24
24035,24170,Pays de Belvès,24
24036,24220,Berbiguières,24
24037,24100,Bergerac,24
24038,24320,Bertric-Burée,24
24040,24220,Beynac-et-Cazenac,24
24041,24220,Bézenac,24
24042,24310,Biras,24
24044,24330,Blis-et-Born,24
24045,24560,Boisse,24
24046,24390,Boisseuilh,24
24047,24640,La Boissière-d'Ans,24
24048,24230,Bonneville-et-Saint-Avit-de-Fumadières,24
24050,24590,Borrèze,24
24051,24130,Bosset,24
24053,24330,Boulazac Isle Manoire,24
24054,24560,Bouniagues,24
24055,24310,Bourdeilles,24
24056,24300,Le Bourdeix,24
24057,24320,Bourg-des-Maisons,24
24058,24600,Bourg-du-Bost,24
24059,24400,Bourgnac,24
24060,24150,Bourniquel,24
24061,24110,Bourrou,24
24062,24320,Bouteilles-Saint-Sébastien,24
24063,24250,Bouzic,24
24064,24310,Brantôme en Périgord,24
24065,24380,Breuilh,24
24066,24210,Brouchaud,24
24067,24260,Le Bugue,24
24068,24480,Le Buisson-de-Cadouin,24
24069,24350,Bussac,24
24070,24360,Busserolles,24
24071,24360,Bussière-Badil,24
24073,24150,Calès,24
24074,24370,Calviac-en-Périgord,24
24075,24550,Campagnac-lès-Quercy,24
24076,24260,Campagne,24
24077,24140,Campsegret,24
24079,24530,Cantillac,24
24080,24540,Capdrot,24
24081,24370,Carlux,24
24082,24200,Carsac-Aillac,24
24083,24610,Carsac-de-Gurson,24
24084,24170,Carves,24
24085,24120,La Cassagne,24
24086,24250,Castelnaud-la-Chapelle,24
24087,24220,Castels et Bézenac,24
24088,24150,Cause-de-Clérans,24
24089,24370,Cazoulès,24
24091,24250,Cénac-et-Saint-Julien,24
24092,24380,Cendrieux,24
24093,24320,Cercles,24
24094,24380,Chalagnac,24
24096,24530,Champagnac-de-Belair,24
24097,24320,Champagne-et-Fontaine,24
24098,24750,Champcevinel,24
24099,24340,Champeaux-et-la-Chapelle-Pommier,24
24100,24360,Champniers-et-Reilhac,24
24101,24470,Champs-Romain,24
24102,24650,Chancelade,24
24103,24640,Le Change,24
24104,24190,Chantérac,24
24105,24320,Chapdeuil,24
24106,24290,La Chapelle-Aubareil,24
24107,24530,La Chapelle-Faucher,24
24108,24350,La Chapelle-Gonaguet,24
24109,24320,La Chapelle-Grésignac,24
24110,24320,La Chapelle-Montabourlet,24
24111,24300,La Chapelle-Montmoreau,24
24113,24390,La Chapelle-Saint-Jean,24
24114,24600,Chassaignes,24
24115,24460,Château-l'Évêque,24
24117,24120,Les Coteaux Périgourdins,24
24119,24320,Cherval,24
24120,24390,Cherveix-Cubas,24
24121,24640,Chourgnac,24
24122,24170,Cladech,24
24123,24140,Clermont-de-Beauregard,24
24124,24160,Clermont-d'Excideuil,24
24127,24120,Coly,24
24128,24600,Comberanche-et-Épeluche,24
24129,24530,Condat-sur-Trincou,24
24130,24570,Condat-sur-Vézère,24
24131,24300,Connezac,24
24132,24560,Conne-de-Labarde,24
24133,24450,La Coquille,24
24134,24800,Corgnac-sur-l'Isle,24
24135,24750,Cornille,24
24136,24390,Coubjours,24
24137,24420,Coulaures,24
24138,24660,Coulounieix-Chamiers,24
24139,24430,Coursac,24
24140,24520,Cours-de-Pile,24
24141,24320,Coutures,24
24142,24220,Coux et Bigaroque-Mouzens,24
24143,24150,Couze-et-Saint-Front,24
24144,24350,Creyssac,24
24145,24100,Creysse,24
24146,24380,Creyssensac-et-Pissot,24
24147,24640,Cubjac-Auvézère-Val d'Ans,24
24148,24240,Cunèges,24
24150,24250,Daglan,24
24151,24170,Doissat,24
24152,24250,Domme,24
24153,24120,La Dornac,24
24154,24350,Douchapt,24
24155,24140,Douville,24
24156,24330,La Douze,24
24157,24190,Douzillac,24
24158,24270,Dussac,24
24159,24410,Échourgnac,24
24160,24380,Église-Neuve-de-Vergt,24
24161,24400,Église-Neuve-d'Issac,24
24162,24420,Escoire,24
24163,24360,Étouars,24
24164,24160,Excideuil,24
24165,24700,Eygurande-et-Gardedeuil,24
24166,24330,Eyliac,24
24167,24500,Eymet,24
24170,24460,Eyvirat,24
24171,24800,Eyzerac,24
24172,24620,Les Eyzies-de-Tayac-Sireuil,24
24174,24290,Fanlac,24
24175,24290,Les Farges,24
24176,24560,Faurilles,24
24178,24410,Festalemps,24
24179,24120,La Feuillade,24
24180,24450,Firbeix,24
24181,24240,Flaugeac,24
24182,24130,Le Fleix,24
24184,24250,Florimont-Gaumier,24
24186,24500,Fonroque,24
24188,24210,Fossemagne,24
24189,33220,Fougueyrolles,24
24190,24380,Fouleix,24
24191,24130,Fraisse,24
24192,24210,Gabillou,24
24193,24240,Gageac-et-Rouillac,24
24194,24680,Gardonne,24
24195,24540,Gaugeac,24
24196,24160,Génis,24
24197,24130,Ginestet,24
24198,24310,La Gonterie-Boulouneix,24
24199,24320,Gout-Rossignol,24
24200,24350,Grand-Brassac,24
24202,24390,Granges-d'Ans,24
24203,24340,Les Graulges,24
24204,24120,Grèzes,24
24205,24110,Grignols,24
24206,24170,Grives,24
24207,24250,Groléjac,24
24208,24380,Grun-Bordas,24
24209,24300,Hautefaye,24
24210,24390,Hautefort,24
24211,24400,Issac,24
24212,24560,Issigeac,24
24213,24140,Jaure,24
24214,24300,Javerlhac-et-la-Chapelle-Saint-Robert,24
24215,24590,Jayac,24
24216,24410,La Jemaye-Ponteyraud,24
24217,24260,Journiac,24
24218,24630,Jumilhac-le-Grand,24
24220,24380,Lacropte,24
24221,24340,Rudeau-Ladosse,24
24223,24150,Lalinde,24
24224,24520,Lamonzie-Montastruc,24
24225,24680,Lamonzie-Saint-Martin,24
24226,24230,Lamothe-Montravel,24
24227,24270,Lanouaille,24
24228,24150,Lanquais,24
24229,24570,Le Lardin-Saint-Lazare,24
24230,24170,Larzac,24
24231,24540,Lavalade,24
24232,24550,Lavaur,24
24233,24130,Laveyssière,24
24234,24400,Les Lèches,24
24235,24340,Léguillac-de-Cercles,24
24236,24110,Léguillac-de-l'Auche,24
24237,24100,Lembras,24
24238,24800,Lempzours,24
24240,24510,Limeuil,24
24241,24210,Limeyrat,24
24242,24520,Liorac-sur-Louyre,24
24243,24350,Lisle,24
24244,24540,Lolme,24
24245,24550,Loubejac,24
24246,24130,Lunas,24
24247,24320,Lusignac,24
24248,24300,Lussas-et-Nontronneau,24
24249,24620,Manaurie,24
24251,24110,Manzac-sur-Vern,24
24252,24200,Marcillac-Saint-Quentin,24
24253,24340,Mareuil en Périgord,24
24254,24220,Marnac,24
24255,24620,Marquay,24
24256,24430,Marsac-sur-l'Isle,24
24257,24540,Marsalès,24
24258,24750,Marsaneix,24
24259,24140,Maurens,24
24260,24150,Mauzac-et-Grand-Castang,24
24261,24260,Mauzens-et-Miremont,24
24262,24420,Mayac,24
24263,24550,Mazeyrolles,24
24264,24700,Ménesplet,24
24266,24350,Mensignac,24
24267,24240,Mescoules,24
24268,24220,Meyrals,24
24269,24450,Mialet,24
24270,24330,Milhac-d'Auberoche,24
24271,24470,Milhac-de-Nontron,24
24272,24610,Minzac,24
24273,24480,Molières,24
24274,24240,Monbazillac,24
24277,24130,Monfaucon,24
24278,24560,Monmadalès,24
24279,24560,Monmarvès,24
24280,24540,Monpazier,24
24281,24440,Monsac,24
24282,24560,Monsaguel,24
24283,24340,Monsec,24
24284,24210,Montagnac-d'Auberoche,24
24285,24140,Montagnac-la-Crempse,24
24286,24350,Montagrier,24
24288,24230,Montazeau,24
24289,24230,Montcaret,24
24290,24440,Montferrand-du-Périgord,24
24291,24290,Montignac,24
24293,24170,Monplaisant,24
24294,24700,Montpon-Ménestérol,24
24295,24110,Montrem,24
24296,24520,Mouleydier,24
24299,24400,Mussidan,24
24300,24250,Nabirat,24
24301,24590,Nadaillac,24
24302,24390,Nailhac,24
24303,24320,Nanteuil-Auriac-de-Bourzac,24
24304,24800,Nantheuil,24
24305,24800,Nanthiat,24
24306,24230,Nastringues,24
24307,24440,Naussannes,24
24308,24460,Négrondes,24
24311,24300,Nontron,24
24313,24170,Orliac,24
24314,24370,Orliaguet,24
24316,24410,Parcoul-Chenaud,24
24317,24590,Paulin,24
24318,24510,Paunat,24
24319,24310,Paussac-et-Saint-Vivien,24
24321,24120,Pazayac,24
24322,24000,Périgueux,24
24323,24600,Petit-Bersac,24
24324,24210,Peyrignac,24
24325,24370,Peyrillac-et-Millac,24
24326,24620,Peyzac-le-Moustier,24
24327,24510,Pezuls,24
24328,24360,Piégut-Pluviers,24
24329,24700,Le Pizou,24
24330,24580,Plazac,24
24331,24240,Pomport,24
24333,24410,Ponteyraud,24
24334,24150,Pontours,24
24335,33220,Port-Sainte-Foy-et-Ponchapt,24
24336,24370,Prats-de-Carlux,24
24337,24550,Prats-du-Périgord,24
24338,24150,Pressignac-Vicq,24
24339,24160,Preyssac-d'Excideuil,24
24340,24130,Prigonrieux,24
24341,24200,Proissans,24
24344,24340,Puyrenier,24
24345,24140,Queyssac,24
24346,24530,Quinsac,24
24347,24440,Rampieux,24
24348,24500,Razac-d'Eymet,24
24349,24240,Razac-de-Saussignac,24
24350,24430,Razac-sur-l'Isle,24
24351,24240,Ribagnac,24
24352,24600,Ribérac,24
24353,24340,La Rochebeaucourt-et-Argentine,24
24354,24490,La Roche-Chalais,24
24355,24250,La Roque-Gageac,24
24356,24580,Rouffignac-Saint-Cernin-de-Reilhac,24
24357,24240,Rouffignac-de-Sigoulès,24
24359,24500,Sadillac,24
24360,24170,Sagelat,24
24361,24520,Saint-Agne,24
24362,24510,Val de Louyre et Caudeau,24
24364,24290,Saint-Amand-de-Coly,24
24365,24380,Saint-Amand-de-Vergt,24
24366,24200,Saint-André-d'Allas,24
24367,24190,Saint-André-de-Double,24
24368,24410,Saint-Antoine-Cumond,24
24369,24330,Saint-Antoine-d'Auberoche,24
24370,24230,Saint-Antoine-de-Breuilh,24
24371,24110,Saint-Aquilin,24
24372,24110,Saint-Astier,24
24373,24500,Saint-Aubin-de-Cadelech,24
24374,24560,Saint-Aubin-de-Lanquais,24
24375,24250,Saint-Aubin-de-Nabirat,24
24376,24410,Saint Aulaye-Puymangou,24
24377,24260,Saint-Avit-de-Vialard,24
24378,24540,Saint-Avit-Rivière,24
24379,24440,Saint-Avit-Sénieur,24
24380,24700,Saint-Barthélemy-de-Bellegarde,24
24381,24360,Saint-Barthélemy-de-Bussière,24
24382,24150,Saint-Capraise-de-Lalinde,24
24383,24500,Saint-Capraise-d'Eymet,24
24384,24540,Saint-Cassien,24
24385,24560,Saint-Cernin-de-Labarde,24
24386,24550,Saint-Cernin-de-l'Herm,24
24388,24260,Saint-Chamassy,24
24389,24260,Saint-Cirq,24
24390,24330,Saint-Crépin-d'Auberoche,24
24391,24310,Saint-Crépin-de-Richemont,24
24392,24590,Saint-Crépin-et-Carlucet,24
24394,24340,Sainte-Croix-de-Mareuil,24
24395,24250,Saint-Cybranet,24
24397,24270,Saint-Cyr-les-Champagnes,24
24398,24360,Saint-Estèphe,24
24399,24400,Saint-Étienne-de-Puycorbier,24
24401,24640,Sainte-Eulalie-d'Ans,24
24402,24500,Sainte-Eulalie-d'Eymet,24
24403,24340,Saint-Félix-de-Bourdeilles,24
24404,24260,Saint-Félix-de-Reillac-et-Mortemart,24
24405,24510,Saint-Félix-de-Villadeix,24
24406,24170,Sainte-Foy-de-Belvès,24
24407,24510,Sainte-Foy-de-Longas,24
24408,24460,Saint-Front-d'Alemps,24
24409,24400,Saint-Front-de-Pradoux,24
24410,24300,Saint-Front-la-Rivière,24
24411,24300,Saint-Front-sur-Nizonne,24
24412,24590,Saint-Geniès,24
24413,24130,Saint-Georges-Blancaneix,24
24414,24140,Saint-Georges-de-Montclard,24
24415,24700,Saint-Géraud-de-Corps,24
24416,24170,Saint-Germain-de-Belvès,24
24417,24160,Saint-Germain-des-Prés,24
24418,24190,Saint-Germain-du-Salembre,24
24419,24520,Saint-Germain-et-Mons,24
24420,24400,Saint-Géry,24
24421,24330,Saint-Geyrac,24
24422,24140,Saint-Hilaire-d'Estissac,24
24423,24500,Sainte-Innocence,24
24424,24190,Saint-Jean-d'Ataux,24
24425,24800,Saint-Jean-de-Côle,24
24426,24140,Saint-Jean-d'Estissac,24
24427,24140,Saint-Jean-d'Eyraud,24
24428,24800,Saint-Jory-de-Chalais,24
24429,24160,Saint-Jory-las-Bloux,24
24431,24140,Saint-Julien-de-Crempse,24
24432,24370,Saint-Julien-de-Lampon,24
24433,24500,Saint-Julien-d'Eymet,24
24436,24400,Saint-Laurent-des-Hommes,24
24437,24100,Saint-Laurent-des-Vignes,24
24438,24170,Saint-Laurent-la-Vallée,24
24441,24560,Saint-Léon-d'Issigeac,24
24442,24110,Saint-Léon-sur-l'Isle,24
24443,24290,Saint-Léon-sur-Vézère,24
24444,24400,Saint-Louis-en-l'Isle,24
24445,24510,Saint-Marcel-du-Périgord,24
24446,24540,Saint-Marcory,24
24447,24330,Sainte-Marie-de-Chignac,24
24448,24160,Saint-Martial-d'Albarède,24
24449,24700,Saint-Martial-d'Artenset,24
24450,24250,Saint-Martial-de-Nabirat,24
24451,24300,Saint-Martial-de-Valette,24
24452,24320,Saint-Martial-Viveyrol,24
24453,24800,Saint-Martin-de-Fressengeas,24
24454,24610,Saint-Martin-de-Gurson,24
24455,24600,Saint-Martin-de-Ribérac,24
24456,24140,Saint-Martin-des-Combes,24
24457,24400,Saint-Martin-l'Astier,24
24458,24300,Saint-Martin-le-Pin,24
24459,24380,Saint-Maime-de-Péreyrol,24
24460,24600,Saint-Méard-de-Drône,24
24461,24610,Saint-Méard-de-Gurçon,24
24462,24400,Saint-Médard-de-Mussidan,24
24463,24160,Saint-Médard-d'Excideuil,24
24465,24400,Saint-Michel-de-Double,24
24466,24230,Saint-Michel-de-Montaigne,24
24468,24380,Saint-Michel-de-Villadeix,24
24470,24370,Sainte-Mondane,24
24471,24200,Sainte-Nathalène,24
24472,24520,Saint-Nexans,24
24473,24210,Sainte-Orse,24
24474,24530,Saint-Pancrace,24
24475,24640,Saint-Pantaly-d'Ans,24
24476,24160,Saint-Pantaly-d'Excideuil,24
24477,24600,Saint-Pardoux-de-Drône,24
24478,24170,Saint-Pardoux-et-Vielvic,24
24479,24470,Saint-Pardoux-la-Rivière,24
24480,24380,Saint-Paul-de-Serre,24
24481,24800,Saint-Paul-la-Roche,24
24482,24320,Saint-Paul-Lizonne,24
24483,24560,Saint-Perdoux,24
24484,24330,Saint-Pierre-de-Chignac,24
24485,24800,Saint-Pierre-de-Côle,24
24486,24450,Saint-Pierre-de-Frugie,24
24487,24130,Saint-Pierre-d'Eyraud,24
24488,24170,Saint-Pompont,24
24489,24450,Saint-Priest-les-Fougères,24
24490,24410,Saint Privat en Périgord,24
24491,24210,Saint-Rabier,24
24493,24160,Saint-Raphaël,24
24495,24540,Saint-Romain-de-Monpazier,24
24496,24800,Saint-Romain-et-Saint-Clément,24
24498,24470,Saint-Saud-Lacoussière,24
24500,24700,Saint-Sauveur-Lalande,24
24501,24230,Saint-Seurin-de-Prats,24
24502,24190,Saint-Séverin-d'Estissac,24
24503,24340,Saint-Sulpice-de-Mareuil,24
24504,24600,Saint-Sulpice-de-Roumagnac,24
24505,24800,Saint-Sulpice-d'Excideuil,24
24507,24160,Sainte-Trie,24
24509,24190,Saint-Vincent-de-Connezac,24
24510,24220,Saint-Vincent-de-Cosse,24
24511,24410,Saint-Vincent-Jalmoutiers,24
24512,24200,Saint-Vincent-le-Paluel,24
24513,24420,Saint-Vincent-sur-l'Isle,24
24515,24160,Salagnac,24
24516,24590,Salignac-Eyvigues,24
24517,24170,Salles-de-Belvès,24
24519,24270,Sarlande,24
24520,24200,Sarlat-la-Canéda,24
24521,24420,Sarliac-sur-l'Isle,24
24522,24800,Sarrazac,24
24523,24240,Saussignac,24
24524,24260,Savignac-de-Miremont,24
24525,24300,Savignac-de-Nontron,24
24526,24270,Savignac-Lédrier,24
24527,24420,Savignac-les-Églises,24
24528,24300,Sceau-Saint-Angel,24
24530,24310,Sencenac-Puy-de-Fourches,24
24531,24290,Sergeac,24
24532,24500,Serres-et-Montguyard,24
24533,24410,Servanches,24
24534,24240,Sigoulès,24
24535,24370,Simeyrols,24
24536,24500,Singleyrac,24
24537,24600,Siorac-de-Ribérac,24
24538,24170,Siorac-en-Périgord,24
24540,24420,Sorges et Ligueux en Périgord,24
24541,24360,Soudat,24
24542,24540,Soulaures,24
24543,24400,Sourzac,24
24544,24620,Tamniès,24
24545,24390,Teillots,24
24546,24390,Temple-Laguyon,24
24547,24120,Terrasson-Lavilledieu,24
24548,24300,Teyjat,24
24550,24210,Thenon,24
24551,24800,Thiviers,24
24552,24290,Thonac,24
24553,24350,Tocane-Saint-Apre,24
24554,24320,La Tour-Blanche-Cercles,24
24555,24390,Tourtoirac,24
24557,24750,Trélissac,24
24558,24510,Trémolat,24
24559,24620,Tursac,24
24560,24480,Urval,24
24561,24310,Valeuil,24
24562,24190,Vallereuil,24
24563,24290,Valojoulx,24
24564,24600,Vanxains,24
24565,24360,Varaignes,24
24566,24150,Varennes,24
24567,24800,Vaunac,24
24568,24230,Vélines,24
24569,24320,Vendoire,24
24570,24520,Verdon,24
24571,24380,Vergt,24
24572,24540,Vergt-de-Biron,24
24573,24320,Verteillac,24
24574,24370,Veyrignac,24
24575,24250,Veyrines-de-Domme,24
24576,24380,Veyrines-de-Vergt,24
24579,24340,Vieux-Mareuil,24
24580,24120,Villac,24
24581,24140,Villamblard,24
24582,24530,Villars,24
24584,24610,Villefranche-de-Lonchat,24
24585,24550,Villefranche-du-Périgord,24
24586,24600,Villetoureix,24
25001,25320,Abbans-Dessous,25
25002,25440,Abbans-Dessus,25
25003,25340,Abbenans,25
25004,25310,Abbévillers,25
25005,25250,Accolans,25
25006,25360,Adam-lès-Passavant,25
25007,25530,Adam-lès-Vercel,25
25008,25750,Aibre,25
25009,25360,Aïssey,25
25011,25490,Allenjoie,25
25012,25300,Les Alliés,25
25013,25550,Allondans,25
25014,25220,Amagney,25
25015,25330,Amancey,25
25016,25330,Amathay-Vésigneux,25
25017,25330,Amondans,25
25018,25340,Anteuil,25
25019,25250,Appenans,25
25020,25400,Arbouans,25
25021,25610,Arc-et-Senans,25
25024,25300,Arçon,25
25025,25520,Arc-sous-Cicon,25
25026,25270,Arc-sous-Montenot,25
25027,25720,Arguel,25
25029,25520,Aubonne,25
25030,25170,Audeux,25
25031,25400,Audincourt,25
25032,25110,Autechaux,25
25033,25150,Autechaux-Roide,25
25035,25870,Les Auxons,25
25036,25720,Avanne-Aveney,25
25038,25680,Avilley,25
25039,25690,Avoudrey,25
25040,25490,Badevel,25
25041,25560,Bannans,25
25042,25210,Le Barboux,25
25043,25420,Bart,25
25044,25440,Bartherans,25
25045,25640,Battenans-les-Mines,25
25046,25380,Battenans-Varin,25
25047,25110,Baume-les-Dames,25
25048,25550,Bavans,25
25049,25470,Belfays,25
25050,25500,Le Bélieu,25
25051,25380,Belleherbe,25
25052,25530,Belmont,25
25053,25430,Belvoir,25
25054,25420,Berche,25
25055,25410,Berthelange,25
25056,25000,Besançon,25
25057,25200,Bethoncourt,25
25058,25720,Beure,25
25059,25250,Beutal,25
25060,25520,Bians-les-Usiers,25
25061,25190,Bief,25
25062,25210,Le Bizot,25
25063,25310,Blamont,25
25065,25640,Blarians,25
25066,25250,Blussangeaux,25
25067,25250,Blussans,25
25070,25330,Bolandoz,25
25071,25230,Bondeval,25
25072,25680,Bonnal,25
25073,25870,Bonnay,25
25074,25210,Bonnétage,25
25075,25560,Bonnevaux,25
25077,25210,La Bosse,25
25078,25360,Bouclans,25
25079,25560,Boujailles,25
25082,25150,Bourguignon,25
25083,25250,Bournois,25
25084,25320,Boussières,25
25085,25560,Bouverans,25
25086,25640,Braillans,25
25087,25340,Branne,25
25088,25640,Breconchaux,25
25089,25530,Bremondans,25
25090,25440,Brères,25
25091,25120,Les Bréseux,25
25092,25640,La Bretenière,25
25093,25250,Bretigney,25
25094,25110,Bretigney-Notre-Dame,25
25095,25380,Bretonvillers,25
25096,25240,Brey-et-Maison-du-Bois,25
25097,25600,Brognard,25
25098,25440,Buffard,25
25099,25520,Bugny,25
25100,25560,Bulle,25
25101,25170,Burgille,25
25102,25470,Burnevillers,25
25103,25320,Busy,25
25104,25440,By,25
25105,25320,Byans-sur-Doubs,25
25106,25290,Cademène,25
25107,25640,Cendrey,25
25108,25120,Cernay-l'Église,25
25109,25440,Cessey,25
25110,25300,Chaffois,25
25111,25220,Chalèze,25
25112,25220,Chalezeule,25
25113,25380,Chamesey,25
25114,25190,Chamesol,25
25115,25170,Champagney,25
25116,25360,Champlive,25
25117,25640,Champoux,25
25119,25170,Champvans-les-Moulins,25
25120,25330,Chantrans,25
25121,25240,Chapelle-des-Bois,25
25122,25270,Chapelle-d'Huin,25
25123,25620,Charbonnières-les-Sapins,25
25124,25470,Charmauvillers,25
25125,25380,Charmoille,25
25126,25440,Charnay,25
25127,25140,Charquemont,25
25129,25290,Chassagne-Saint-Denis,25
25130,25840,Châteauvieux-les-Fossés,25
25131,25240,Châtelblanc,25
25132,25640,Châtillon-Guyotte,25
25133,25870,Châtillon-le-Duc,25
25134,25440,Châtillon-sur-Lison,25
25136,25170,Chaucenne,25
25137,25640,Chaudefontaine,25
25138,25190,Les Terres-de-Chaux,25
25139,25650,La Chaux,25
25140,25340,Chaux-lès-Clerval,25
25141,25530,Chaux-lès-Passavant,25
25142,25240,Chaux-Neuve,25
25143,25440,Chay,25
25145,25430,Chazot,25
25147,25320,Chemaudin et Vaux,25
25148,25500,La Chenalotte,25
25149,25440,Chenecey-Buillon,25
25150,25170,Chevigney-sur-l'Ognon,25
25151,25530,Chevigney-lès-Vercel,25
25152,25620,La Chevillotte,25
25153,25870,Chevroz,25
25154,25440,Chouzelot,25
25155,25330,Cléron,25
25156,25340,Pays de Clerval,25
25157,25300,La Cluse-et-Mijoux,25
25159,25260,Colombier-Fontaine,25
25160,25500,Les Combes,25
25161,25390,Consolation-Maisonnettes,25
25162,25410,Corcelles-Ferrières,25
25163,25640,Corcelle-Mieslot,25
25164,25410,Corcondray,25
25166,25360,Côtebrune,25
25170,25420,Courcelles-lès-Montbéliard,25
25172,25170,Courchapon,25
25173,25380,Cour-Saint-Maurice,25
25174,25470,Courtefontaine,25
25175,25530,Courtetain-et-Salans,25
25176,25560,Courvières,25
25177,25340,Crosey-le-Grand,25
25178,25340,Crosey-le-Petit,25
25179,25240,Le Crouzet,25
25180,25270,Crouzet-Migette,25
25181,25680,Cubrial,25
25182,25680,Cubry,25
25183,25110,Cusance,25
25184,25680,Cuse-et-Adrisans,25
25185,25440,Cussey-sur-Lison,25
25186,25870,Cussey-sur-l'Ognon,25
25187,25150,Dambelin,25
25188,25600,Dambenois,25
25189,25110,Dammartin-les-Templiers,25
25190,25490,Dampierre-les-Bois,25
25191,25420,Dampierre-sur-le-Doubs,25
25192,25190,Dampjoux,25
25193,25450,Damprichard,25
25194,25310,Dannemarie,25
25195,25410,Dannemarie-sur-Crète,25
25196,25230,Dasle,25
25197,25960,Deluz,25
25198,25750,Désandans,25
25199,25330,Déservillers,25
25200,25870,Devecey,25
25202,25560,Dompierre-les-Tilleuls,25
25203,25510,Domprel,25
25204,25300,Doubs,25
25207,25550,Dung,25
25208,25580,Durnes,25
25209,25440,Échay,25
25210,25550,Échenans,25
25212,25480,École-Valentin,25
25213,25140,Les Écorces,25
25214,25150,Écot,25
25215,25640,L'Écouvotte,25
25216,25150,Écurcey,25
25217,25170,Émagny,25
25218,25530,Épenouse,25
25219,25800,Épenoy,25
25220,25290,Épeugney,25
25221,25110,Esnans,25
25222,25580,Étalans,25
25223,25330,Éternoz,25
25224,25260,Étouvans,25
25225,25170,Étrabonne,25
25226,25250,Étrappe,25
25227,25800,Étray,25
25228,25460,Étupes,25
25229,25520,Évillers,25
25230,25400,Exincourt,25
25231,25530,Eysson,25
25232,25250,Faimbe,25
25233,25580,Fallerans,25
25234,25470,Ferrières-le-Lac,25
25235,25410,Ferrières-les-Bois,25
25236,25330,Fertans,25
25237,25490,Fesches-le-Châtel,25
25238,25470,Fessevillers,25
25239,25190,Feule,25
25240,25500,Les Fins,25
25241,25330,Flagey,25
25242,25640,Flagey-Rigney,25
25243,25390,Flangebouche,25
25244,25190,Fleurey,25
25245,25660,Fontain,25
25246,25340,Fontaine-lès-Clerval,25
25247,25340,Fontenelle-Montby,25
25248,25210,Les Fontenelles,25
25249,25110,Fontenotte,25
25250,25620,Foucherans,25
25251,25110,Fourbanne,25
25252,25370,Fourcatier-et-Maison-Neuve,25
25253,25440,Fourg,25
25254,25300,Les Fourgs,25
25255,25140,Fournet-Blancheroche,25
25256,25140,Frambouhans,25
25257,25170,Franey,25
25258,25770,Franois,25
25259,25560,Frasne,25
25261,25190,Froidevaux,25
25262,25390,Fuans,25
25263,25240,Gellin,25
25264,25250,Gémonval,25
25265,25870,Geneuille,25
25266,25250,Geney,25
25267,25660,Gennes,25
25268,25510,Germéfontaine,25
25269,25640,Germondans,25
25270,25270,Gevresin,25
25271,25650,Gilley,25
25273,25360,Glamondans,25
25274,25310,Glay,25
25275,25190,Glère,25
25276,25340,Gondenans-Montby,25
25277,25680,Gondenans-les-Moulins,25
25278,25360,Gonsans,25
25279,25680,Gouhelans,25
25280,25470,Goumois,25
25281,25150,Goux-lès-Dambelin,25
25282,25520,Goux-les-Usiers,25
25283,25440,Goux-sous-Landet,25
25284,25200,Grand-Charmont,25
25285,25570,Grand'Combe-Châteleu,25
25286,25210,Grand'Combe-des-Bois,25
25287,25320,Grandfontaine,25
25288,25390,Fournets-Luisans,25
25289,25510,Grandfontaine-sur-Creuse,25
25290,25380,La Grange,25
25293,25300,Granges-Narboz,25
25295,25160,Les Grangettes,25
25296,25790,Les Gras,25
25297,25620,Le Gratteris,25
25298,25110,Grosbois,25
25299,25110,Guillon-les-Bains,25
25300,25580,Guyans-Durnes,25
25301,25390,Guyans-Vennes,25
25303,25650,Hauterive-la-Fresse,25
25304,25310,Hérimoncourt,25
25305,25620,L'Hôpital-du-Grosbois,25
25306,25340,L'Hôpital-Saint-Lieffroy,25
25307,25370,Les Hôpitaux-Neufs,25
25308,25370,Les Hôpitaux-Vieux,25
25309,25300,Houtaud,25
25310,25680,Huanne-Montmartin,25
25311,25250,Hyémondans,25
25312,25110,Hyèvre-Magny,25
25313,25110,Hyèvre-Paroisse,25
25314,25470,Indevillers,25
25315,25250,L'Isle-sur-le-Doubs,25
25316,25550,Issans,25
25317,25170,Jallerange,25
25318,25370,Jougne,25
25319,25270,Labergement-du-Navois,25
25320,25160,Labergement-Sainte-Marie,25
25321,25130,Villers-le-Lac,25
25322,25550,Laire,25
25323,25820,Laissey,25
25324,25360,Lanans,25
25325,25530,Landresse,25
25326,25170,Lantenne-Vertière,25
25327,25250,Lanthenans,25
25328,25720,Larnod,25
25329,25210,Laval-le-Prieuré,25
25330,25440,Lavans-Quingey,25
25331,25580,Lavans-Vuillafans,25
25332,25170,Lavernay,25
25333,25510,Laviron,25
25334,25270,Levier,25
25335,25190,Liebvillers,25
25336,25440,Liesle,25
25338,25330,Lizine,25
25339,25930,Lods,25
25340,25440,Lombard,25
25341,25110,Lomont-sur-Crête,25
25342,25690,Longechaux,25
25343,25690,Longemaison,25
25344,25380,Longevelle-lès-Russey,25
25345,25260,Longevelle-sur-Doubs,25
25346,25330,Longeville,25
25347,25650,La Longeville,25
25348,25370,Longevilles-Mont-d'Or,25
25349,25390,Loray,25
25350,25260,Lougres,25
25351,25210,Le Luhier,25
25354,25110,Luxiol,25
25355,25360,Magny-Châtelard,25
25356,25120,Maîche,25
25357,25650,Maisons-du-Bois-Lièvremont,25
25359,25330,Malans,25
25360,25620,Malbrans,25
25361,25160,Malbuisson,25
25362,25160,Malpas,25
25364,25620,Mamirolle,25
25365,25250,Mancenans,25
25366,25120,Mancenans-Lizerne,25
25367,25350,Mandeure,25
25368,25640,Marchaux-Chaudefontaine,25
25369,25250,Marvelise,25
25370,25700,Mathay,25
25371,25170,Mazerolles-le-Salin,25
25372,25250,Médière,25
25373,25210,Le Mémont,25
25374,25410,Mercey-le-Grand,25
25375,25660,Mérey-sous-Montrond,25
25376,25870,Mérey-Vieilley,25
25377,25680,Mésandans,25
25378,25310,Meslières,25
25379,25440,Mesmay,25
25380,25370,Métabief,25
25381,25480,Miserey-Salines,25
25382,25870,Moncey,25
25383,25170,Moncley,25
25384,25680,Mondon,25
25385,25680,Montagney-Servigney,25
25386,25190,Montancy,25
25387,25190,Montandon,25
25388,25200,Montbéliard,25
25389,25210,Montbéliardot,25
25390,25650,Montbenoît,25
25391,25210,Mont-de-Laval,25
25392,25120,Mont-de-Vougney,25
25393,25190,Montécheroux,25
25394,25260,Montenois,25
25397,25320,Montferrand-le-Château,25
25398,25650,Montflovin,25
25400,25111,Montgesoye,25
25401,25110,Montivernage,25
25402,25190,Montjoie-le-Château,25
25403,25500,Montlebon,25
25404,25270,Montmahoux,25
25405,25160,Montperreux,25
25406,25660,Montrond-le-Château,25
25408,25680,Montussaint,25
25410,25660,Morre,25
25411,25500,Morteau,25
25413,25240,Mouthe,25
25414,25170,Le Moutherot,25
25415,25920,Mouthier-Haute-Pierre,25
25416,25440,Myon,25
25417,25360,Naisey-les-Granges,25
25418,25360,Nancray,25
25419,25680,Nans,25
25420,25330,Nans-sous-Sainte-Anne,25
25421,25210,Narbief,25
25422,25150,Neuchâtel-Urtière,25
25424,25580,Les Premiers Sapins,25
25425,25500,Noël-Cerneux,25
25426,25190,Noirefontaine,25
25427,25170,Noironte,25
25428,25600,Nommay,25
25429,25220,Novillars,25
25430,25640,Ollans,25
25431,25250,Onans,25
25432,25390,Orchamps-Vennes,25
25433,25120,Orgeans-Blanchefontaine,25
25434,25290,Ornans,25
25436,25430,Orve,25
25437,25360,Osse,25
25438,25320,Osselle-Routelle,25
25439,25640,Ougney-Douvot,25
25440,25520,Ouhans,25
25441,25530,Ouvans,25
25442,25160,Oye-et-Pallet,25
25443,25440,Palantine,25
25444,25870,Palise,25
25445,25440,Paroy,25
25446,25360,Passavant,25
25447,25690,Passonfontaine,25
25448,25170,Pelousey,25
25449,25190,Péseux,25
25450,25440,Pessans,25
25451,25240,Petite-Chaux,25
25452,25310,Pierrefontaine-lès-Blamont,25
25453,25510,Pierrefontaine-les-Varans,25
25454,25480,Pirey,25
25455,25170,Placey,25
25456,25210,Plaimbois-du-Miroir,25
25457,25390,Plaimbois-Vennes,25
25458,25470,Les Plains-et-Grands-Essarts,25
25459,25160,La Planée,25
25460,25440,Le Val,25
25461,25340,Pompierre-sur-Doubs,25
25462,25300,Pontarlier,25
25463,25150,Pont-de-Roide-Vermondans,25
25464,25240,Les Pontets,25
25465,25110,Pont-les-Moulins,25
25466,25410,Pouilley-Français,25
25467,25115,Pouilley-les-Vignes,25
25468,25640,Pouligney-Lusans,25
25469,25550,Présentevillers,25
25470,25250,La Prétière,25
25471,25380,Provenchère,25
25472,25680,Puessans,25
25473,25720,Pugey,25
25474,25640,Le Puy,25
25475,25440,Quingey,25
25476,25430,Rahon,25
25477,25320,Rancenay,25
25478,25430,Randevillers,25
25479,25250,Rang,25
25481,25550,Raynans,25
25482,25170,Recologne,25
25483,25240,Reculfoz,25
25485,25150,Rémondans-Vaivre,25
25486,25160,Remoray-Boujeons,25
25487,25520,Renédale,25
25488,25440,Rennes-sur-Loue,25
25489,25330,Reugney,25
25490,25640,Rigney,25
25491,25640,Rignosot,25
25492,25110,Rillans,25
25493,25560,La Rivière-Drugeon,25
25494,25370,Rochejean,25
25495,25220,Roche-lez-Beaupré,25
25496,25340,Roche-lès-Clerval,25
25497,25310,Roches-lès-Blamont,25
25498,25680,Rognon,25
25499,25680,Romain,25
25500,25440,Ronchaux,25
25501,25240,Rondefontaine,25
25502,25410,Roset-Fluans,25
25503,25190,Rosières-sur-Barbèche,25
25504,25380,Rosureux,25
25506,25640,Rougemontot,25
25507,25440,Rouhe,25
25508,25640,Roulans,25
25510,25170,Ruffey-le-Château,25
25511,25290,Rurey,25
25512,25210,Le Russey,25
25513,25270,Sainte-Anne,25
25516,25340,Saint-Georges-Armont,25
25517,25520,Saint-Gorgon-Main,25
25520,25360,Saint-Juan,25
25521,25550,Saint-Julien-lès-Montbéliard,25
25522,25210,Saint-Julien-lès-Russey,25
25524,25260,Saint-Maurice-Colombier,25
25525,25160,Saint-Point-Lac,25
25527,25410,Saint-Vit,25
25528,25440,Samson,25
25529,25430,Sancey,25
25531,25340,Santoche,25
25532,25660,Saône,25
25533,25330,Saraz,25
25534,25240,Sarrageois,25
25535,25580,Saules,25
25536,25170,Sauvagney,25
25537,25290,Scey-Maisières,25
25538,25110,Séchin,25
25539,25230,Seloncourt,25
25540,25750,Semondans,25
25541,25270,Septfontaines,25
25542,25770,Serre-les-Sapins,25
25544,25430,Servin,25
25545,25330,Silley-Amancey,25
25546,25110,Silley-Bléfond,25
25547,25600,Sochaux,25
25548,25190,Solemont,25
25549,25520,Sombacour,25
25550,25510,La Sommette,25
25551,25190,Soulce-Cernay,25
25552,25250,Sourans,25
25553,25250,Soye,25
25554,25380,Surmont,25
25555,25400,Taillecourt,25
25556,25680,Tallans,25
25557,25870,Tallenay,25
25558,25620,Tarcenay,25
25559,25470,Thiébouhans,25
25560,25220,Thise,25
25561,25320,Thoraise,25
25562,25310,Thulay,25
25563,25870,Thurey-le-Mont,25
25564,25320,Torpes,25
25565,25370,Touillon-et-Loutelet,25
25566,25640,La Tour-de-Sçay,25
25567,25680,Tournans,25
25569,25620,Trépot,25
25570,25680,Tressandans,25
25571,25470,Trévillers,25
25572,25680,Trouvans,25
25573,25470,Urtière,25
25574,25340,Uzelle,25
25575,25220,Vaire,25
25576,25220,Vaire-le-Petit,25
25578,25800,Valdahon,25
25579,25640,Val-de-Roulans,25
25580,25700,Valentigney,25
25582,25870,Valleroy,25
25583,25190,Valonne,25
25584,25190,Valoreille,25
25586,25230,Vandoncourt,25
25587,25360,Vauchamps,25
25588,25380,Vaucluse,25
25589,25380,Vauclusotte,25
25590,25360,Vaudrivillers,25
25591,25190,Vaufrey,25
25592,25160,Vaux-et-Chantegrue,25
25593,25770,Vaux-les-Prés,25
25594,25410,Velesmes-Essarts,25
25595,25430,Vellerot-lès-Belvoir,25
25596,25530,Vellerot-lès-Vercel,25
25597,25430,Vellevans,25
25598,25870,Venise,25
25599,25640,Vennans,25
25600,25390,Vennes,25
25601,25530,Vercel-Villedieu-le-Camp,25
25602,25110,Vergranne,25
25604,25110,Verne,25
25605,25580,Vernierfontaine,25
25607,25430,Vernois-lès-Belvoir,25
25608,25750,Le Vernoy,25
25609,25300,Verrières-de-Joux,25
25610,25580,Verrières-du-Grosbois,25
25611,25660,La Vèze,25
25612,25870,Vieilley,25
25613,25340,Viéthorey,25
25614,25600,Vieux-Charmont,25
25615,25310,Villars-lès-Blamont,25
25616,25410,Villars-Saint-Georges,25
25617,25190,Villars-sous-Dampjoux,25
25618,25150,Villars-sous-Écot,25
25619,25240,Les Villedieu,25
25620,25650,Ville-du-Pont,25
25621,25270,Villeneuve-d'Amont,25
25622,25170,Villers-Buzon,25
25623,25530,Villers-Chief,25
25624,25640,Villers-Grélot,25
25625,25510,Villers-la-Combe,25
25626,25110,Villers-Saint-Martin,25
25627,25270,Villers-sous-Chalamont,25
25628,25620,Villers-sous-Montrond,25
25629,25110,Voillans,25
25630,25580,Voires,25
25631,25320,Vorges-les-Pins,25
25632,25420,Voujeaucourt,25
25633,25840,Vuillafans,25
25634,25300,Vuillecin,25
25635,25430,Vyt-lès-Belvoir,25
26001,26150,Solaure en Diois,26
26002,26140,Albon,26
26003,26770,Aleyrac,26
26004,26300,Alixan,26
26005,26780,Allan,26
26006,26400,Allex,26
26007,26800,Ambonil,26
26008,26200,Ancône,26
26009,26140,Andancette,26
26010,26140,Anneyron,26
26011,26400,Aouste-sur-Sye,26
26012,26470,Arnayon,26
26013,26110,Arpavon,26
26014,26260,Arthémonay,26
26015,26340,Aubenasson,26
26016,26110,Aubres,26
26017,26340,Aucelon,26
26018,26570,Aulan,26
26019,26340,Aurel,26
26020,26400,La Répara-Auriples,26
26021,26400,Autichamp,26
26022,26560,Ballons,26
26023,26300,Barbières,26
26024,26120,Barcelonne,26
26025,26310,Barnave,26
26026,26570,Barret-de-Lioure,26
26027,26150,Barsac,26
26028,26260,Bathernay,26
26030,26310,La Bâtie-des-Fonds,26
26031,26160,La Bâtie-Rolland,26
26032,26120,La Baume-Cornillane,26
26033,26790,La Baume-de-Transit,26
26034,26730,La Baume-d'Hostun,26
26035,26400,Beaufort-sur-Gervanne,26
26036,26310,Beaumont-en-Diois,26
26037,26760,Beaumont-lès-Valence,26
26038,26600,Beaumont-Monteux,26
26039,26300,Beauregard-Baret,26
26040,26310,Beaurières,26
26041,26240,Beausemblant,26
26042,26800,Beauvallon,26
26043,26170,Beauvoisin,26
26045,26160,La Bégude-de-Mazenc,26
26046,26110,Bellecombe-Tarendol,26
26047,26470,Bellegarde-en-Diois,26
26048,26170,Bénivay-Ollon,26
26049,26300,Bésayes,26
26050,26110,Bésignan,26
26051,26460,Bézaudun-sur-Bîne,26
26052,26160,Bonlieu-sur-Roubion,26
26054,26790,Bouchet,26
26055,26410,Boulc,26
26056,26460,Bourdeaux,26
26057,26300,Bourg-de-Péage,26
26058,26500,Bourg-lès-Valence,26
26059,26190,Bouvante,26
26060,26460,Bouvières,26
26061,26260,Bren,26
26062,26340,Brette,26
26063,26170,Buis-les-Baronnies,26
26064,26120,Chabeuil,26
26065,26400,Chabrillan,26
26066,26190,Le Chaffal,26
26067,26470,Chalancon,26
26068,26350,Le Chalon,26
26069,26150,Chamaloc,26
26070,26230,Chamaret,26
26071,26600,Chanos-Curson,26
26072,26600,Chantemerle-les-Blés,26
26073,26230,Chantemerle-lès-Grignan,26
26074,26420,La Chapelle-en-Vercors,26
26075,26470,La Charce,26
26076,26310,Charens,26
26077,26260,Charmes-sur-l'Herbasse,26
26078,26450,Charols,26
26079,26300,Charpey,26
26080,26340,Chastel-Arnaud,26
26081,26120,Châteaudouble,26
26082,26110,Châteauneuf-de-Bordette,26
26083,26330,Châteauneuf-de-Galaure,26
26084,26300,Châteauneuf-sur-Isère,26
26085,26780,Châteauneuf-du-Rhône,26
26086,26410,Châtillon-en-Diois,26
26087,26750,Châtillon-Saint-Jean,26
26088,26300,Chatuzange-le-Goubet,26
26089,26110,Chaudebonne,26
26090,26340,La Chaudière,26
26091,26510,Chauvac-Laux-Montaux,26
26093,26130,Clansayes,26
26094,26240,Claveyson,26
26095,26450,Cléon-d'Andran,26
26096,26260,Clérieux,26
26097,26270,Cliousclat,26
26098,26400,Cobonne,26
26099,26230,Colonzelle,26
26100,26120,Combovin,26
26101,26220,Comps,26
26102,26740,Condillac,26
26103,26110,Condorcet,26
26104,26510,Cornillac,26
26105,26510,Cornillon-sur-l'Oule,26
26106,26740,La Coucourde,26
26107,26350,Crépol,26
26108,26400,Crest,26
26110,26600,Crozes-Hermitage,26
26111,26460,Crupies,26
26112,26110,Curnier,26
26113,26150,Die,26
26114,26220,Dieulefit,26
26115,26400,Divajeu,26
26116,26290,Donzère,26
26117,26190,Échevis,26
26118,26210,Épinouze,26
26119,26600,Érôme,26
26121,26780,Espeluche,26
26122,26340,Espenel,26
26123,26470,Establet,26
26124,26800,Étoile-sur-Rhône,26
26125,26400,Eurre,26
26126,26560,Eygalayes,26
26127,26170,Eygaliers,26
26128,26400,Eygluy-Escoulin,26
26129,26730,Eymeux,26
26130,26110,Eyroles,26
26131,26160,Eyzahut,26
26133,26240,Fay-le-Clos,26
26134,26160,Félines-sur-Rimandoule,26
26135,26570,Ferrassières,26
26136,26310,Val-Maravel,26
26137,26400,Francillon-sur-Roubion,26
26138,26700,La Garde-Adhémar,26
26139,26750,Génissieux,26
26140,26750,Geyssans,26
26141,26400,Gigors-et-Lozeron,26
26142,26410,Glandage,26
26143,26530,Le Grand-Serre,26
26144,26400,Grane,26
26145,26290,Les Granges-Gontardes,26
26146,26230,Grignan,26
26147,26470,Gumiane,26
26148,26390,Hauterives,26
26149,26730,Hostun,26
26150,26560,Izon-la-Bruisse,26
26152,26310,Jonchères,26
26153,26560,Laborel,26
26154,26560,Lachau,26
26155,26210,Lapeyrouse-Mornay,26
26156,26600,Larnage,26
26157,26740,La Laupie,26
26159,26150,Laval-d'Aix,26
26160,26240,Laveyron,26
26162,26210,Lens-Lestang,26
26163,26190,Léoncel,26
26164,26310,Lesches-en-Diois,26
26165,26250,Livron-sur-Drôme,26
26166,26270,Loriol-sur-Drôme,26
26167,26310,Luc-en-Diois,26
26168,26620,Lus-la-Croix-Haute,26
26169,26780,Malataverne,26
26170,26120,Malissard,26
26171,26160,Manas,26
26172,26210,Manthes,26
26173,26300,Marches,26
26174,26260,Margès,26
26175,26150,Marignac-en-Diois,26
26176,26740,Marsanne,26
26177,26260,Marsaz,26
26178,26410,Menglon,26
26179,26600,Mercurol-Veaunes,26
26180,26170,Mérindol-les-Oliviers,26
26181,26560,Mévouillon,26
26182,26110,Mirabel-aux-Baronnies,26
26183,26400,Mirabel-et-Blacons,26
26185,26270,Mirmande,26
26186,26310,Miscon,26
26188,26170,Mollans-sur-Ouvèze,26
26189,26170,Montauban-sur-l'Ouvèze,26
26190,26110,Montaulieu,26
26191,26740,Montboucher-sur-Jabron,26
26192,26770,Montbrison-sur-Lez,26
26193,26570,Montbrun-les-Bains,26
26194,26350,Montchenu,26
26195,26400,Montclar-sur-Gervanne,26
26196,26760,Montéléger,26
26197,26120,Montélier,26
26198,26200,Montélimar,26
26199,26510,Montferrand-la-Fare,26
26200,26560,Montfroc,26
26201,26170,Montguers,26
26202,26220,Montjoux,26
26203,26230,Montjoyer,26
26204,26310,Montlaur-en-Diois,26
26205,26150,Montmaur-en-Diois,26
26206,26120,Montmeyran,26
26207,26750,Montmiral,26
26208,26800,Montoison,26
26209,26510,Montréal-les-Sources,26
26210,26350,Montrigaud,26
26211,26130,Montségur-sur-Lauzon,26
26212,26120,Montvendre,26
26213,26210,Moras-en-Valloire,26
26214,26460,Mornans,26
26215,26470,La Motte-Chalancon,26
26216,26240,La Motte-de-Galaure,26
26217,26190,La Motte-Fanjas,26
26218,26540,Mours-Saint-Eusèbe,26
26219,26240,Mureils,26
26220,26110,Nyons,26
26221,26400,Omblèze,26
26222,26220,Orcinas,26
26223,26190,Oriol-en-Royans,26
26224,26120,Ourches,26
26225,26750,Parnans,26
26226,26770,Le Pègue,26
26227,26510,Pelonne,26
26228,26340,Pennes-le-Sec,26
26229,26170,La Penne-sur-l'Ouvèze,26
26231,26380,Peyrins,26
26232,26120,Peyrus,26
26233,26110,Piégon,26
26234,26400,Piégros-la-Clastre,26
26235,26700,Pierrelatte,26
26236,26170,Pierrelongue,26
26238,26110,Les Pilles,26
26239,26170,Plaisians,26
26240,26400,Plan-de-Baix,26
26241,26460,Le Poët-Célard,26
26242,26170,Le Poët-en-Percip,26
26243,26160,Le Poët-Laval,26
26244,26110,Le Poët-Sigillat,26
26245,26470,Pommerol,26
26246,26150,Ponet-et-Saint-Auban,26
26247,26240,Ponsas,26
26248,26150,Pontaix,26
26249,26160,Pont-de-Barret,26
26250,26600,Pont-de-l'Isère,26
26251,26160,Portes-en-Valdaine,26
26252,26800,Portes-lès-Valence,26
26253,26310,Poyols,26
26254,26340,Pradelle,26
26255,26310,Les Prés,26
26256,26170,Propiac,26
26257,26160,Puygiron,26
26258,26450,Puy-Saint-Martin,26
26259,26330,Ratières,26
26261,26230,Réauville,26
26262,26310,Recoubeau-Jansac,26
26263,26570,Reilhanette,26
26264,26510,Rémuzat,26
26266,26340,Rimon-et-Savel,26
26267,26170,Rioms,26
26268,26160,Rochebaudin,26
26270,26190,Rochechinard,26
26271,26600,La Roche-de-Glun,26
26272,26160,Rochefort-en-Valdaine,26
26273,26300,Rochefort-Samson,26
26274,26340,Rochefourchat,26
26275,26790,Rochegude,26
26276,26770,Roche-Saint-Secret-Béconne,26
26277,26400,La Roche-sur-Grane,26
26278,26170,La Roche-sur-le-Buis,26
26279,26170,La Rochette-du-Buis,26
26281,26100,Romans-sur-Isère,26
26282,26150,Romeyer,26
26283,26470,Rottier,26
26284,26230,Roussas,26
26285,26770,Rousset-les-Vignes,26
26286,26510,Roussieux,26
26287,26450,Roynac,26
26288,26510,Sahune,26
26289,26340,Saillans,26
26290,26420,Saint-Agnan-en-Vercors,26
26291,26150,Saint-Andéol,26
26292,26170,Saint-Auban-sur-l'Ouvèze,26
26294,26260,Saint-Bardoux,26
26295,26240,Saint-Barthélemy-de-Vals,26
26296,26340,Saint-Benoit-en-Diois,26
26297,26350,Saint-Bonnet-de-Valclérieux,26
26298,26350,Saint-Christophe-et-le-Laris,26
26300,26310,Saint-Dizier-en-Diois,26
26301,26260,Saint-Donat-sur-l'Herbasse,26
26302,26190,Sainte-Eulalie-en-Royans,26
26303,26170,Sainte-Euphémie-sur-Ouvèze,26
26304,26110,Saint-Ferréol-Trente-Pas,26
26305,26160,Saint-Gervais-sur-Roubion,26
26306,26110,Sainte-Jalle,26
26307,26190,Saint-Jean-en-Royans,26
26308,26150,Saint-Julien-en-Quint,26
26309,26420,Saint-Julien-en-Vercors,26
26310,26350,Saint-Laurent-d'Onay,26
26311,26190,Saint-Laurent-en-Royans,26
26312,26740,Saint-Marcel-lès-Sauzet,26
26313,26320,Saint-Marcel-lès-Valence,26
26314,26330,Saint-Martin-d'Août,26
26315,26420,Saint-Martin-en-Vercors,26
26316,26190,Saint-Martin-le-Colonel,26
26317,26110,Saint-Maurice-sur-Eygues,26
26318,26510,Saint-May,26
26319,26750,Saint-Michel-sur-Savasse,26
26320,26190,Saint-Nazaire-en-Royans,26
26321,26340,Saint-Nazaire-le-Désert,26
26322,26770,Saint-Pantaléon-les-Vignes,26
26323,26750,Saint-Paul-lès-Romans,26
26324,26130,Saint-Paul-Trois-Châteaux,26
26325,26140,Saint-Rambert-d'Albon,26
26326,26130,Saint-Restitut,26
26327,26410,Saint-Roman,26
26328,26340,Saint-Sauveur-en-Diois,26
26329,26110,Saint-Sauveur-Gouvernet,26
26330,26210,Saint-Sorlin-en-Valloire,26
26331,26190,Saint-Thomas-en-Royans,26
26332,26240,Saint-Uze,26
26334,26160,Salettes,26
26335,26770,Salles-sous-Bois,26
26336,26400,Saou,26
26337,26270,Saulce-sur-Rhône,26
26338,26740,Sauzet,26
26339,26740,Savasse,26
26340,26560,Séderon,26
26341,26600,Serves-sur-Rhône,26
26342,26130,Solérieux,26
26343,26160,Souspierre,26
26344,26400,Soyans,26
26345,26790,Suze-la-Rousse,26
26346,26400,Suze,26
26347,26600,Tain-l'Hermitage,26
26348,26770,Taulignan,26
26349,26390,Tersanne,26
26350,26220,Teyssières,26
26351,26460,Les Tonils,26
26352,26160,La Touche,26
26353,26740,Les Tourrettes,26
26354,26410,Treschenu-Creyers,26
26355,26750,Triors,26
26356,26460,Truinas,26
26357,26790,Tulette,26
26358,26120,Upie,26
26359,26150,Vachères-en-Quint,26
26360,26230,Valaurie,26
26361,26310,Valdrôme,26
26363,26110,Valouse,26
26364,26420,Vassieux-en-Vercors,26
26365,26400,Vaunaveys-la-Rochette,26
26368,26340,Vercheny,26
26369,26510,Verclause,26
26370,26170,Vercoiran,26
26371,26340,Véronne,26
26372,26560,Vers-sur-Méouge,26
26373,26220,Vesc,26
26374,5700,Villebois-les-Pins,26
26375,26560,Villefranche-le-Château,26
26376,26510,Villeperdrix,26
26377,26110,Vinsobres,26
26378,26470,Volvent,26
26379,26600,Granges-les-Beaumont,26
26380,26600,Gervans,26
26381,26300,Jaillans,26
26382,26300,Saint-Vincent-la-Commanderie,26
27001,27800,Aclou,27
27002,27570,Acon,27
27003,27400,Acquigny,27
27004,27120,Aigleville,27
27005,27600,Ailly,27
27006,27500,Aizier,27
27008,27460,Alizay,27
27009,27250,Ambenay,27
27010,27140,Amécourt,27
27011,27370,Amfreville-Saint-Amand,27
27012,27380,Amfreville-les-Champs,27
27013,27380,Amfreville-sous-les-Monts,27
27014,27400,Amfreville-sur-Iton,27
27015,27430,Andé,27
27016,27700,Les Andelys,27
27017,27930,Angerville-la-Campagne,27
27018,27290,Appeville-Annebault,27
27019,27820,Armentières-sur-Avre,27
27020,27180,Arnières-sur-Iton,27
27021,27260,Asnières,27
27022,27600,Le Val d'Hazey,27
27023,27180,Aulnay-sur-Iton,27
27025,27490,Autheuil-Authouillet,27
27026,27420,Authevernes,27
27027,27220,Les Authieux,27
27028,27290,Authou,27
27031,27930,Aviron,27
27032,27240,Chambois,27
27033,27930,Bacquepuis,27
27034,27440,Bacqueville,27
27035,27260,Bailleul-la-Vallée,27
27036,27130,Bâlines,27
27037,27170,Barc,27
27038,27130,Les Barils,27
27039,27310,Barneville-sur-Seine,27
27040,27170,Barquet,27
27042,27230,Barville,27
27043,27160,Les Baux-de-Breteuil,27
27044,27180,Les Baux-Sainte-Croix,27
27045,27140,Bazincourt-sur-Epte,27
27046,27230,Bazoques,27
27047,27190,Beaubray,27
27048,27480,Beauficel-en-Lyons,27
27049,27270,Mesnil-en-Ouche,27
27050,27170,Beaumontel,27
27051,27170,Beaumont-le-Roger,27
27052,27800,Le Bec-Hellouin,27
27053,27370,Le Bec-Thomas,27
27054,27160,Bémécourt,27
27055,27110,Bérengeville-la-Campagne,27
27056,27300,Bernay,27
27057,27180,Bernienville,27
27058,27700,Bernières-sur-Seine,27
27059,27660,Bernouville,27
27061,27800,Berthouville,27
27062,27520,Les Monts du Roumois,27
27063,27170,Berville-la-Campagne,27
27064,27210,Berville-sur-Mer,27
27065,27210,Beuzeville,27
27066,27480,Bézu-la-Forêt,27
27067,27660,Bézu-Saint-Éloi,27
27068,27330,Bois-Anzeray,27
27069,27250,Bois-Arnault,27
27070,27150,Boisemont,27
27071,27260,Le Bois-Hellain,27
27072,27620,Bois-Jérôme-Saint-Ouen,27
27073,27220,Bois-le-Roi,27
27074,27800,Boisney,27
27075,27330,Bois-Normand-près-Lyre,27
27076,27120,Boisset-les-Prévanches,27
27077,27520,Boissey-le-Châtel,27
27079,27300,Boissy-Lamberville,27
27082,27190,La Bonneville-sur-Iton,27
27083,27290,Bonneville-Aptot,27
27085,27310,Flancourt-Crescy-en-Roumois,27
27089,27520,Thénouville,27
27090,27670,Bosroumois,27
27091,27310,Bosgouet,27
27092,27520,Bosguérard-de-Marcouville,27
27093,27670,Bosnormand,27
27094,27480,Bosquentin,27
27095,27800,Bosrobert,27
27096,27250,Les Bottereaux,27
27097,27700,Bouafles,27
27098,27150,Bouchevilliers,27
27099,27930,Le Boulay-Morin,27
27100,27210,Boulleville,27
27101,27500,Bouquelon,27
27102,27310,Bouquetot,27
27103,27310,Bourg-Achard,27
27104,27380,Bourg-Beaudouin,27
27105,27520,Grand Bourgtheroulde,27
27106,27230,Bournainville-Faverolles,27
27107,27500,Bourneville-Sainte-Croix,27
27108,27580,Bourth,27
27109,27170,Bray,27
27110,27350,Brestot,27
27111,27220,Bretagnolles,27
27112,27160,Breteuil,27
27113,27800,Brétigny,27
27114,27640,Breuilpont,27
27115,27570,Breux-sur-Avre,27
27116,27800,Brionne,27
27117,27270,Broglie,27
27118,27930,Brosville,27
27119,27730,Bueil,27
27120,27190,Burey,27
27123,27120,Caillouet-Orgeville,27
27124,27490,Cailly-sur-Eure,27
27125,27800,Calleville,27
27127,27400,Canappeville,27
27129,27300,Caorches-Saint-Nicolas,27
27130,27270,Capelle-les-Grands,27
27131,27300,Carsix,27
27132,27180,Caugé,27
27134,27350,Cauverville-en-Roumois,27
27135,27110,Cesseville,27
27136,27120,Chaignes,27
27137,27580,Chaise-Dieu-du-Theil,27
27138,27270,Chamblac,27
27139,27250,Chambord,27
27140,27120,Chambray,27
27141,27190,Champ-Dolent,27
27142,27600,Champenard,27
27144,27220,Champigny-la-Futelaye,27
27146,27260,La Chapelle-Bayvel,27
27147,27930,La Chapelle-du-Bois-des-Faulx,27
27148,27270,La Chapelle-Gauthier,27
27149,27230,La Chapelle-Hareng,27
27150,27950,La Chapelle-Réanville,27
27152,27420,Château-sur-Epte,27
27153,27150,Chauvincourt-Provemont,27
27154,27220,Chavigny-Bailleul,27
27155,27820,Chennebrun,27
27156,27250,Chéronvilliers,27
27157,27160,Marbois,27
27158,27930,Cierrey,27
27161,27180,Claville,27
27162,27190,Collandres-Quincarnon,27
27163,27500,Colletot,27
27164,27170,Combon,27
27165,27190,Conches-en-Ouche,27
27167,27290,Condé-sur-Risle,27
27168,27430,Connelles,27
27170,27260,Cormeilles,27
27171,27120,Le Cormier,27
27173,27300,Corneville-la-Fouquetière,27
27174,27500,Corneville-sur-Risle,27
27175,27700,Corny,27
27176,27150,Coudray,27
27177,27220,Coudres,27
27179,27300,Courbépine,27
27180,27940,Courcelles-sur-Seine,27
27181,27320,Courdemanche,27
27182,27130,Courteilles,27
27183,27750,La Couture-Boussey,27
27184,27400,Crasville,27
27185,27110,Crestot,27
27187,27110,Criquebeuf-la-Campagne,27
27188,27340,Criquebeuf-sur-Seine,27
27189,27190,La Croisille,27
27190,27120,Croisy-sur-Eure,27
27191,27490,Clef Vallée d'Eure,27
27192,27110,Crosville-la-Vieille,27
27193,27530,Croth,27
27196,27340,Les Damps,27
27198,27160,Mesnils-sur-Iton,27
27199,27720,Dangu,27
27200,27930,Dardez,27
27201,27110,Daubeuf-la-Campagne,27
27202,27430,Daubeuf-près-Vatteville,27
27203,27120,Douains,27
27204,27150,Doudeauville-en-Vexin,27
27205,27380,Douville-sur-Andelle,27
27206,27320,Droisy,27
27207,27230,Drucourt,27
27208,27230,Duranville,27
27209,27290,Écaquelon,27
27210,27170,Écardenville-la-Campagne,27
27212,27110,Écauville,27
27213,27420,Vexin-sur-Epte,27
27214,27440,Écouis,27
27215,27110,Ecquetot,27
27216,27930,Émalleville,27
27217,27190,Émanville,27
27218,27260,Épaignes,27
27219,27110,Épégard,27
27222,27560,Épreville-en-Lieuvin,27
27224,27110,Épreville-près-le-Neubourg,27
27226,27150,Étrépagny,27
27227,27350,Étréville,27
27228,27350,Éturqueraye,27
27229,27000,Évreux,27
27230,27530,Ézy-sur-Eure,27
27231,27120,Fains,27
27232,27150,Farceaux,27
27233,27210,Fatouville-Grestain,27
27234,27930,Fauville,27
27235,27190,Faverolles-la-Campagne,27
27237,27230,Le Favril,27
27238,27190,Ferrières-Haut-Clocher,27
27239,27270,Ferrières-Saint-Hilaire,27
27240,27760,La Ferrière-sur-Risle,27
27241,27110,Feuguerolles,27
27242,27190,Le Fidelaire,27
27243,27210,Fiquefleur-Équainville,27
27245,27480,Fleury-la-Forêt,27
27246,27380,Fleury-sur-Andelle,27
27247,27380,Flipou,27
27248,27230,Folleville,27
27249,27600,Fontaine-Bellenger,27
27251,27470,Fontaine-l'Abbé,27
27252,27230,Fontaine-la-Louvet,27
27253,27550,Fontaine-la-Soret,27
27254,27120,Fontaine-sous-Jouy,27
27256,27220,La Forêt-du-Parc,27
27258,27210,Fort-Moville,27
27259,27220,Foucrainville,27
27260,27210,Foulbec,27
27261,27370,Fouqueville,27
27263,27500,Fourmetot,27
27267,27290,Freneuse-sur-Risle,27
27268,27190,Le Fresne,27
27269,27260,Fresne-Cauverville,27
27270,27700,Fresne-l'Archevêque,27
27271,27220,Fresney,27
27273,27120,Gadencourt,27
27274,27440,Gaillardbois-Cressenville,27
27275,27600,Gaillon,27
27276,27150,Gamaches-en-Vexin,27
27277,27220,La Baronnie,27
27278,27780,Garennes-sur-Eure,27
27279,27620,Gasny,27
27280,27930,Gauciel,27
27281,27190,Gaudreville-la-Rivière,27
27282,27930,Gauville-la-Campagne,27
27284,27140,Gisors,27
27285,27620,Giverny,27
27286,27560,Giverville,27
27287,27190,Glisolles,27
27288,27290,Glos-sur-Risle,27
27289,27390,La Goulafrière,27
27290,27170,Goupil-Othon,27
27291,27580,Gournay-le-Guérin,27
27294,27380,Val d'Orger,27
27295,27270,Grand-Camp,27
27297,27240,Grandvilliers,27
27298,27110,Graveron-Sémerville,27
27299,27930,Gravigny,27
27300,27170,Grosley-sur-Risle,27
27301,27220,Grossœuvre,27
27302,27370,Le Bosc du Theil,27
27304,27720,Guerny,27
27306,27930,Guichainville,27
27307,27700,Guiseniers,27
27309,27220,L'Habit,27
27310,27150,Hacqueville,27
27311,27800,Harcourt,27
27312,27120,Hardencourt-Cocherel,27
27313,27370,La Harengère,27
27315,27700,Harquency,27
27316,27350,Hauville,27
27317,27350,La Haye-Aubrée,27
27318,27800,La Haye-de-Calleville,27
27319,27350,La Haye-de-Routot,27
27320,27370,La Haye-du-Theil,27
27321,27400,La Haye-le-Comte,27
27322,27400,La Haye-Malherbe,27
27323,27330,La Haye-Saint-Sylvestre,27
27324,27150,Hébécourt,27
27325,27800,Hecmanville,27
27326,27120,Hécourt,27
27327,27110,Hectomare,27
27329,27700,Hennezis,27
27330,27430,Herqueville,27
27331,27630,Heubécourt-Haricourt,27
27332,27400,Heudebouville,27
27333,27860,Heudicourt,27
27334,27230,Heudreville-en-Lieuvin,27
27335,27400,Heudreville-sur-Eure,27
27336,27950,La Heunière,27
27337,27700,Heuqueville,27
27338,27910,Les Hogues,27
27339,27400,Hondouville,27
27340,27310,Honguemare-Guenouville,27
27341,27570,L'Hosmes,27
27342,27400,Houetteville,27
27343,27120,Houlbec-Cocherel,27
27344,27370,Houlbec-près-le-Gros-Theil,27
27345,27410,La Houssaye,27
27346,27440,Houville-en-Vexin,27
27347,27930,Huest,27
27348,27460,Igoville,27
27349,27290,Illeville-sur-Montfort,27
27350,27770,Illiers-l'Évêque,27
27351,27400,Incarville,27
27353,27930,Irreville,27
27354,27110,Iville,27
27355,27540,Ivry-la-Bataille,27
27358,27120,Jouy-sur-Eure,27
27359,27250,Juignettes,27
27360,27220,Jumelles,27
27361,27210,La Lande-Saint-Léger,27
27363,27350,Le Landin,27
27364,27470,Launay,27
27366,27910,Letteguives,27
27367,27560,Lieurey,27
27369,27480,Lilly,27
27370,27440,Lisors,27
27371,27800,Livet-sur-Authou,27
27372,27150,Longchamps,27
27373,27480,Lorleau,27
27374,27190,Louversey,27
27375,27400,Louviers,27
27376,27650,Louye,27
27377,27480,Lyons-la-Forêt,27
27378,27320,La Madeleine-de-Nonancourt,27
27379,27150,Mainneville,27
27380,27800,Malleville-sur-le-Bec,27
27381,27300,Malouy,27
27382,27370,Mandeville,27
27383,27130,Mandres,27
27384,27210,Manneville-la-Raoult,27
27385,27500,Manneville-sur-Risle,27
27388,27680,Marais-Vernier,27
27389,27110,Marbeuf,27
27390,27320,Marcilly-la-Campagne,27
27391,27810,Marcilly-sur-Eure,27
27392,27150,Martagny,27
27394,27340,Martot,27
27395,27390,Mélicourt,27
27396,27850,Ménesqueville,27
27397,27120,Ménilles,27
27398,27300,Menneval,27
27399,27950,Mercey,27
27400,27640,Merey,27
27401,27930,Le Mesnil-Fuguet,27
27402,27190,Le Mesnil-Hardray,27
27403,27400,Le Mesnil-Jourdain,27
27404,27390,Mesnil-Rousset,27
27405,27150,Mesnil-sous-Vienne,27
27406,27650,Mesnil-sur-l'Estrée,27
27407,27440,Mesnil-Verclives,27
27408,27510,Mézières-en-Vexin,27
27410,27930,Miserey,27
27411,27320,Moisville,27
27412,27400,Terres de Bord,27
27413,27290,Montfort-sur-Risle,27
27414,27390,Montreuil-l'Argillé,27
27415,27260,Morainville-Jouveaux,27
27416,27240,Buis-sur-Damville,27
27417,27150,Morgny,27
27418,27800,Morsan,27
27419,27220,Mouettes,27
27420,27420,Mouflaines,27
27421,27220,Mousseaux-Neuville,27
27422,27430,Muids,27
27423,27650,Muzy,27
27424,27190,Nagel-Séez-Mesnil,27
27425,27550,Nassandres sur Risle,27
27426,27830,Neaufles-Saint-Martin,27
27427,27250,Neaufles-Auvergny,27
27428,27110,Le Neubourg,27
27429,27730,Neuilly,27
27430,27150,La Neuve-Grange,27
27431,27330,La Neuve-Lyre,27
27432,27890,La Neuville-du-Bosc,27
27433,27800,Neuville-sur-Authou,27
27434,27560,Noards,27
27435,27560,La Noë-Poulain,27
27436,27190,Nogent-le-Sec,27
27437,27150,Nojeon-en-Vexin,27
27438,27320,Nonancourt,27
27439,27930,Normanville,27
27440,27940,Notre-Dame-de-l'Isle,27
27441,27800,Notre-Dame-d'Épine,27
27442,27390,Notre-Dame-du-Hamel,27
27444,27410,Le Noyer-en-Ouche,27
27445,27720,Noyers,27
27447,27190,Le Val-Doré,27
27448,27120,Pacy-sur-Eure,27
27451,27180,Parville,27
27452,27170,Perriers-la-Campagne,27
27453,27910,Perriers-sur-Andelle,27
27454,27910,Perruel,27
27455,27230,Piencourt,27
27456,27400,Pinterville,27
27457,27130,Piseux,27
27458,27590,Pîtres,27
27459,27230,Les Places,27
27460,27300,Plainville,27
27462,27230,Le Planquay,27
27463,27300,Plasnes,27
27464,27180,Le Plessis-Grohan,27
27465,27120,Le Plessis-Hébert,27
27466,27170,Le Plessis-Sainte-Opportune,27
27467,27500,Pont-Audemer,27
27468,27290,Pont-Authou,27
27469,27340,Pont-de-l'Arche,27
27470,27360,Pont-Saint-Pierre,27
27471,27430,Porte-de-Seine,27
27472,27190,Portes,27
27473,27940,Port-Mort,27
27474,27740,Poses,27
27475,27560,La Poterie-Mathieu,27
27476,27500,Les Préaux,27
27477,27510,Pressagny-l'Orgueilleux,27
27478,27220,Prey,27
27480,27150,Puchay,27
27481,27130,Pullay,27
27482,27370,La Pyle,27
27483,27400,Quatremare,27
27485,27680,Quillebeuf-sur-Seine,27
27486,27110,Quittebeuf,27
27487,27380,Radepont,27
27489,27930,Reuilly,27
27490,27420,Richeville,27
27491,27240,Roman,27
27492,27170,Romilly-la-Puthenaye,27
27493,27610,Romilly-sur-Andelle,27
27495,27700,La Roquette,27
27496,27790,Rosay-sur-Lieure,27
27497,27350,Rougemontiers,27
27498,27110,Rouge-Perriers,27
27500,27350,Routot,27
27502,27250,Rugles,27
27504,27930,Sacquenville,27
27505,27390,Saint-Agnan-de-Cernières,27
27507,27220,Saint-André-de-l'Eure,27
27508,27250,Saint-Antonin-de-Sommaire,27
27510,27120,Saint-Aquilin-de-Pacy,27
27511,27110,Saint-Aubin-d'Écrosville,27
27512,27230,Saint-Aubin-de-Scellon,27
27514,27270,Saint-Aubin-du-Thenney,27
27516,27300,Saint-Aubin-le-Vertueux,27
27517,27600,Saint-Aubin-sur-Gaillon,27
27518,27680,Saint-Aubin-sur-Quillebeuf,27
27520,27450,Saint-Benoît-des-Ombres,27
27521,27820,Saint-Christophe-sur-Avre,27
27522,27450,Saint-Christophe-sur-Condé,27
27523,27300,Saint-Clair-d'Arcey,27
27524,27110,Sainte-Colombe-la-Commanderie,27
27525,27950,Sainte-Colombe-près-Vernon,27
27527,27800,Saint-Cyr-de-Salerne,27
27528,27100,Le Vaudreuil,27
27529,27370,Saint-Cyr-la-Campagne,27
27530,27390,Saint-Denis-d'Augerons,27
27531,27520,Saint-Denis-des-Monts,27
27533,27140,Saint-Denis-le-Ferment,27
27534,27370,Saint-Didier-des-Bois,27
27535,27190,Saint-Élier,27
27536,27800,Saint-Éloi-de-Fourques,27
27537,27430,Saint-Étienne-du-Vauvray,27
27538,27450,Saint-Étienne-l'Allier,27
27539,27920,Saint-Étienne-sous-Bailleul,27
27540,27620,Sainte-Geneviève-lès-Gasny,27
27541,27560,Saint-Georges-du-Mesnil,27
27542,27450,Saint-Georges-du-Vièvre,27
27543,27710,Saint-Georges-Motel,27
27544,27220,Saint-Germain-de-Fresney,27
27545,27370,Saint-Germain-de-Pasquier,27
27546,27930,Saint-Germain-des-Angles,27
27547,27230,Saint-Germain-la-Campagne,27
27548,27320,Saint-Germain-sur-Avre,27
27549,27500,Saint-Germain-Village,27
27550,27450,Saint-Grégoire-du-Vièvre,27
27551,27560,Saint-Jean-de-la-Léqueraye,27
27552,27270,Saint-Jean-du-Thenney,27
27553,27600,Saint-Julien-de-la-Liègue,27
27554,27950,La Chapelle-Longueville,27
27555,27220,Saint-Laurent-des-Bois,27
27556,27390,Saint-Laurent-du-Tencement,27
27557,27300,Saint-Léger-de-Rôtes,27
27558,27520,Saint-Léger-du-Gennetey,27
27560,27930,Saint-Luc,27
27561,27210,Saint-Maclou,27
27563,27500,Saint-Mards-de-Blacarville,27
27564,27230,Saint-Mards-de-Fresne,27
27565,27160,Le Lesme,27
27567,27150,Sainte-Marie-de-Vatimesnil,27
27568,27190,Sainte-Marthe,27
27569,27300,Saint-Martin-du-Tilleul,27
27570,27930,Saint-Martin-la-Campagne,27
27571,27450,Saint-Martin-Saint-Firmin,27
27572,27370,Saint-Meslin-du-Bosc,27
27576,27110,Sainte-Opportune-du-Bosc,27
27577,27680,Sainte-Opportune-la-Mare,27
27578,27160,Sainte-Marie-d'Attez,27
27579,27370,Saint-Ouen-de-Pontcheuil,27
27580,27310,Saint-Ouen-de-Thouberville,27
27581,27680,Saint-Ouen-des-Champs,27
27582,27670,Saint-Ouen-du-Tilleul,27
27584,27800,Saint-Paul-de-Fourques,27
27586,27520,Saint-Philbert-sur-Boissey,27
27587,27290,Saint-Philbert-sur-Risle,27
27588,27950,Saint-Pierre-d'Autils,27
27589,27920,Saint-Pierre-de-Bailleul,27
27590,27390,Saint-Pierre-de-Cernières,27
27591,27260,Saint-Pierre-de-Cormeilles,27
27592,27800,Saint-Pierre-de-Salerne,27
27593,27370,Saint-Pierre-des-Fleurs,27
27595,27370,Saint-Pierre-du-Bosguérard,27
27597,27210,Saint-Pierre-du-Val,27
27598,27430,Saint-Pierre-du-Vauvray,27
27599,27600,Saint-Pierre-la-Garenne,27
27600,27270,Saint-Quentin-des-Isles,27
27601,27680,Saint-Samson-de-la-Roque,27
27602,27180,Saint-Sébastien-de-Morsent,27
27603,27560,Saint-Siméon,27
27604,27210,Saint-Sulpice-de-Grimbouville,27
27605,27260,Saint-Sylvestre-de-Cormeilles,27
27607,27680,Saint-Thurien,27
27608,27300,Saint-Victor-de-Chrétienville,27
27609,27800,Saint-Victor-d'Épine,27
27610,27130,Saint-Victor-sur-Avre,27
27611,27930,Saint-Vigor,27
27612,27950,Saint-Vincent-des-Bois,27
27613,27230,Saint-Vincent-du-Boulay,27
27614,27150,Sancourt,27
27615,27930,Sassey,27
27616,27370,La Saussaye,27
27617,27150,Saussay-la-Campagne,27
27618,27190,Sébécourt,27
27620,27500,Selles,27
27621,27220,Serez,27
27622,27470,Serquigny,27
27623,27400,Surtauville,27
27625,27420,Suzay,27
27626,27520,Theillement,27
27627,27230,Le Theil-Nolent,27
27629,27230,Thiberville,27
27630,27800,Thibouville,27
27631,27290,Thierville,27
27632,27150,Le Thil,27
27633,27420,Les Thilliers-en-Vexin,27
27635,27700,Le Thuit,27
27638,27370,Le Thuit de l'Oison,27
27640,27170,Tilleul-Dame-Agnès,27
27641,27110,Le Tilleul-Lambert,27
27642,27170,Le Tilleul-Othon,27
27643,27570,Tillières-sur-Avre,27
27644,27510,Tilly,27
27645,27500,Tocqueville,27
27646,27210,Le Torpt,27
27647,27700,Tosny,27
27648,27340,Tostes,27
27649,27440,Touffreville,27
27650,27180,Tournedos-Bois-Hubert,27
27651,27100,Tournedos-sur-Seine,27
27652,27930,Tourneville,27
27654,27370,Tourville-la-Campagne,27
27655,27500,Tourville-sur-Pont-Audemer,27
27656,27500,Toutainville,27
27657,27290,Touville,27
27658,27110,Le Tremblay-Omonville,27
27660,27270,La Trinité-de-Réville,27
27661,27310,La Trinité-de-Thouberville,27
27662,27500,Triqueville,27
27663,27110,Le Troncq,27
27665,27680,Trouville-la-Haule,27
27666,27400,La Vacherie,27
27667,27300,Valailles,27
27668,27120,Le Val-David,27
27669,27350,Valletot,27
27670,27380,Vandrimare,27
27671,27210,Vannecrocq,27
27672,27910,Vascœuil,27
27673,27430,Vatteville,27
27674,27120,Vaux-sur-Eure,27
27676,27940,Les Trois Lacs,27
27677,27110,Venon,27
27678,27180,Les Ventes,27
27679,27130,Verneuil d'Avre et d'Iton,27
27680,27390,Verneusses,27
27682,27870,Vesly,27
27683,27700,Vézillon,27
27684,27930,Le Vieil-Évreux,27
27685,27330,La Vieille-Lyre,27
27686,27680,Vieux-Port,27
27690,27420,Villers-en-Vexin,27
27691,27940,Villers-sur-le-Roule,27
27692,27110,Villettes,27
27693,27240,Sylvains-Lès-Moulins,27
27694,27950,Villez-sous-Bailleul,27
27695,27110,Villez-sur-le-Neubourg,27
27696,27640,Villiers-en-Désœuvre,27
27697,27400,Vironvay,27
27698,27110,Vitot,27
27699,27520,Voiscreville,27
27700,27370,Vraiville,27
27701,27100,Val-de-Reuil,27
28001,28410,Abondant,28
28002,28310,Allaines-Mervilliers,28
28003,28500,Allainville,28
28004,28150,Allonnes,28
28005,28800,Alluyes,28
28006,28300,Amilly,28
28007,28260,Anet,28
28008,28170,Ardelles,28
28009,28700,Ardelu,28
28010,28480,Argenvilliers,28
28012,28290,Commune nouvelle d'Arrou,28
28013,28700,Aunay-sous-Auneau,28
28014,28500,Aunay-sous-Crécy,28
28015,28700,Auneau-Bleury-Saint-Symphorien,28
28016,28330,Les Autels-Villevillon,28
28017,28220,Autheuil,28
28018,28330,Authon-du-Perche,28
28019,28140,Baigneaux,28
28021,28120,Bailleau-le-Pin,28
28022,28300,Bailleau-l'Évêque,28
28023,28320,Bailleau-Armenonville,28
28024,28630,Barjouville,28
28025,28310,Barmainville,28
28026,28310,Baudreville,28
28027,28330,La Bazoche-Gouet,28
28028,28140,Bazoches-en-Dunois,28
28029,28140,Bazoches-les-Hautes,28
28030,28270,Beauche,28
28031,28480,Beaumont-les-Autels,28
28032,28150,Beauvilliers,28
28033,28240,Belhomert-Guéhouville,28
28034,28300,Berchères-Saint-Germain,28
28035,28630,Berchères-les-Pierres,28
28036,28260,Berchères-sur-Vesgre,28
28037,28270,Bérou-la-Mulotière,28
28038,28330,Béthonvilliers,28
28039,28700,Béville-le-Comte,28
28040,28190,Billancelles,28
28041,28120,Blandainville,28
28044,28220,Boisgasson,28
28045,28500,Boissy-en-Drouais,28
28046,28340,Boissy-lès-Perche,28
28047,28150,Boisville-la-Saint-Père,28
28048,28360,La Bourdinière-Saint-Loup,28
28049,28150,Boncé,28
28051,28800,Bonneval,28
28052,28130,Bouglainval,28
28053,28170,Le Boullay-les-Deux-Églises,28
28054,28210,Le Boullay-Mivoye,28
28055,28210,Le Boullay-Thierry,28
28056,28410,Boutigny-Prouais,28
28057,28800,Bouville,28
28058,28210,Bréchamps,28
28059,28270,Brezolles,28
28060,28300,Briconville,28
28061,28160,Brou,28
28062,28410,Broué,28
28063,28400,Brunelles,28
28064,28410,Bû,28
28065,28800,Bullainville,28
28066,28160,Bullou,28
28068,28300,Challet,28
28070,28300,Champhol,28
28071,28240,Champrond-en-Gâtine,28
28072,28400,Champrond-en-Perchet,28
28073,28700,Champseru,28
28074,28700,La Chapelle-d'Aunainville,28
28075,28200,La Chapelle-du-Noyer,28
28076,28500,La Chapelle-Forainvilliers,28
28077,28340,La Chapelle-Fortin,28
28078,28330,Chapelle-Guillaume,28
28079,28290,Chapelle-Royale,28
28080,28330,Charbonnières,28
28081,28120,Charonville,28
28082,28500,Charpont,28
28083,28220,Charray,28
28084,28130,Chartainvilliers,28
28085,28000,Chartres,28
28086,28480,Chassant,28
28087,28270,Châtaincourt,28
28088,28200,Châteaudun,28
28089,28170,Châteauneuf-en-Thymerais,28
28090,28270,Les Châtelets,28
28091,28120,Les Châtelliers-Notre-Dame,28
28093,28290,Châtillon-en-Dunois,28
28094,28210,Chaudon,28
28095,28120,Chauffours,28
28096,28260,La Chaussée-d'Ivry,28
28098,28500,Cherisy,28
28099,28190,Chuisnes,28
28100,28300,Cintray,28
28101,28200,Civry,28
28102,28300,Clévilliers,28
28103,28220,Cloyes-les-Trois-Rivières,28
28104,28300,Coltainville,28
28105,28480,Combres,28
28106,28200,Conie-Molitard,28
28107,28630,Corancez,28
28108,28140,Cormainville,28
28109,28240,Les Corvées-les-Yys,28
28110,28630,Le Coudray,28
28111,28330,Coudray-au-Perche,28
28112,28400,Coudreceau,28
28114,28140,Courbehaye,28
28115,28290,Courtalain,28
28116,28190,Courville-sur-Eure,28
28117,28500,Crécy-Couvé,28
28119,28480,La Croix-du-Perche,28
28120,28270,Crucey-Villages,28
28121,28140,Dambron,28
28122,28360,Dammarie,28
28123,28160,Dampierre-sous-Brou,28
28124,28350,Dampierre-sur-Avre,28
28126,28800,Dancy,28
28127,28160,Dangeau,28
28128,28190,Dangers,28
28129,28700,Denonville,28
28130,28250,Digny,28
28132,28200,Donnemain-Saint-Mamès,28
28133,28220,Douy,28
28134,28100,Dreux,28
28135,28230,Droue-sur-Drouette,28
28136,28500,Écluzelles,28
28137,28320,Écrosnes,28
28139,28120,Épeautrolles,28
28140,28230,Épernon,28
28141,28120,Ermenonville-la-Grande,28
28142,28120,Ermenonville-la-Petite,28
28143,28270,Escorpain,28
28144,28330,Les Étilleux,28
28147,28170,Favières,28
28149,28340,La Ferté-Vidame,28
28150,28220,La Ferté-Villeneuil,28
28151,28270,Fessanvilliers-Mattanvilliers,28
28154,28190,Fontaine-la-Guyon,28
28155,28170,Fontaine-les-Ribouts,28
28156,28240,Fontaine-Simon,28
28157,28140,Fontenay-sur-Conie,28
28158,28630,Fontenay-sur-Eure,28
28159,28250,La Framboisière,28
28160,28700,Francourville,28
28161,28160,Frazé,28
28162,28360,Fresnay-le-Comte,28
28163,28300,Fresnay-le-Gilmert,28
28164,28310,Fresnay-l'Évêque,28
28165,28480,Frétigny,28
28166,28240,Friaize,28
28167,28190,Fruncé,28
28168,28320,Gallardon,28
28169,28700,Garancières-en-Beauce,28
28170,28500,Garancières-en-Drouais,28
28171,28500,Garnay,28
28172,28320,Gas,28
28173,28300,Gasville-Oisème,28
28175,28400,La Gaudaine,28
28176,28800,Le Gault-Saint-Denis,28
28177,28630,Gellainville,28
28178,28500,Germainville,28
28180,28260,Gilles,28
28182,28160,Gohory,28
28183,28310,Gommerville,28
28184,28310,Gouillons,28
28185,28410,Goussainville,28
28187,28260,Guainville,28
28188,28700,Le Gué-de-Longroi,28
28189,28310,Guilleville,28
28190,28140,Guillonville,28
28191,28130,Hanches,28
28192,28480,Happonvilliers,28
28193,28410,Havelu,28
28194,28700,Houville-la-Branche,28
28195,28130,Houx,28
28196,28120,Illiers-Combray,28
28197,28310,Intréville,28
28198,28200,Jallans,28
28200,28250,Jaudrais,28
28201,28300,Jouy,28
28202,28340,Lamblore,28
28203,28190,Landelles,28
28204,28220,Langey,28
28205,28200,Lanneray,28
28206,28270,Laons,28
28207,28700,Léthuin,28
28208,28700,Levainville,28
28209,28300,Lèves,28
28210,28310,Levesville-la-Chenard,28
28211,28200,Logron,28
28212,28140,Loigny-la-Bataille,28
28213,28210,Lormaye,28
28214,28240,La Loupe,28
28215,28150,Louville-la-Chenard,28
28216,28500,Louvilliers-en-Drouais,28
28217,28250,Louvilliers-lès-Perche,28
28218,28110,Lucé,28
28219,28480,Luigny,28
28220,28600,Luisant,28
28221,28140,Lumeau,28
28222,28360,Luplanté,28
28223,28500,Luray,28
28224,28200,Lutz-en-Dunois,28
28225,28120,Magny,28
28226,28170,Maillebois,28
28227,28130,Maintenon,28
28229,28300,Mainvilliers,28
28231,28270,La Mancelière,28
28232,28240,Manou,28
28233,28200,Marboué,28
28234,28120,Marchéville,28
28235,28410,Marchezais,28
28236,28400,Margon,28
28237,28400,Marolles-les-Buis,28
28239,28500,Marville-Moutiers-Brûlé,28
28240,28240,Meaucé,28
28241,28220,Le Mée,28
28242,28120,Méréglise,28
28243,28310,Mérouville,28
28245,28120,Meslay-le-Grenet,28
28246,28360,Meslay-le-Vidame,28
28248,28250,Le Mesnil-Thomas,28
28249,28130,Mévoisins,28
28250,28160,Mézières-au-Perche,28
28251,28500,Mézières-en-Drouais,28
28252,28480,Miermaigne,28
28253,28630,Mignières,28
28254,28190,Mittainvilliers-Vérigny,28
28255,28700,Moinville-la-Jeulin,28
28256,28200,Moléans,28
28257,28700,Mondonville-Saint-Jean,28
28259,28800,Montboissier,28
28260,28800,Montharville,28
28261,28120,Montigny-le-Chartif,28
28262,28220,Montigny-le-Gannelon,28
28263,28270,Montigny-sur-Avre,28
28264,28240,Montireau,28
28265,28240,Montlandon,28
28267,28500,Montreuil,28
28268,28700,Morainville,28
28269,28630,Morancez,28
28270,28800,Moriers,28
28272,28160,Mottereau,28
28273,28160,Moulhard,28
28274,28150,Moutiers,28
28275,28210,Néron,28
28276,28310,Neuvy-en-Beauce,28
28277,28800,Neuvy-en-Dunois,28
28278,28630,Nogent-le-Phaye,28
28279,28210,Nogent-le-Roi,28
28280,28400,Nogent-le-Rotrou,28
28281,28120,Nogent-sur-Eure,28
28282,28120,Nonvilliers-Grandhoux,28
28283,28140,Nottonville,28
28284,28310,Oinville-Saint-Liphard,28
28285,28700,Oinville-sous-Auneau,28
28286,28120,Ollé,28
28287,28140,Orgères-en-Beauce,28
28289,28210,Ormoy,28
28290,28190,Orrouer,28
28291,28150,Ouarville,28
28292,28500,Ouerre,28
28293,28260,Oulins,28
28294,28700,Oysonville,28
28295,28200,Ozoir-le-Breuil,28
28296,28140,Péronville,28
28298,28130,Pierres,28
28299,28210,Les Pinthières,28
28300,28310,Poinville,28
28301,28300,Poisvilliers,28
28302,28190,Pontgouin,28
28303,28140,Poupry,28
28304,28150,Prasville,28
28305,28800,Pré-Saint-Évroult,28
28306,28800,Pré-Saint-Martin,28
28308,28270,Prudemanche,28
28309,28360,Prunay-le-Gillon,28
28310,28250,La Puisaye,28
28311,28310,Le Puiset,28
28313,28150,Réclainville,28
28314,28340,Les Ressuintes,28
28315,28270,Revercourt,28
28316,28340,Rohaire,28
28317,28700,Roinville,28
28318,28220,Romilly-sur-Aigre,28
28319,28310,Rouvray-Saint-Denis,28
28322,28270,Rueil-la-Gadelière,28
28323,28170,Saint-Ange-et-Torçay,28
28324,28190,Saint-Arnoult-des-Bois,28
28326,28120,Saint-Avit-les-Guespières,28
28327,28330,Saint-Bomer,28
28330,28200,Villemaury,28
28331,28480,Saint-Denis-d'Authou,28
28332,28500,Sainte-Gemme-Moronval,28
28333,28240,Saint-Denis-des-Puits,28
28334,28200,Saint-Denis-les-Ponts,28
28335,28240,Saint-Éliph,28
28336,28120,Saint-Éman,28
28337,28190,Saint-Georges-sur-Eure,28
28339,28190,Saint-Germain-le-Gaillard,28
28340,28220,Saint-Hilaire-sur-Yerre,28
28341,28170,Saint-Jean-de-Rebervilliers,28
28342,28400,Saint-Jean-Pierre-Fixte,28
28343,28210,Saint-Laurent-la-Gâtine,28
28344,28700,Saint-Léger-des-Aubées,28
28346,28270,Saint-Lubin-de-Cravant,28
28347,28410,Saint-Lubin-de-la-Haye,28
28348,28350,Saint-Lubin-des-Joncherets,28
28349,28210,Saint-Lucien,28
28350,28190,Saint-Luperce,28
28351,28170,Saint-Maixme-Hauterive,28
28352,28130,Saint-Martin-de-Nigelles,28
28353,28800,Saint-Maur-sur-le-Loir,28
28354,28240,Saint-Maurice-Saint-Germain,28
28355,28260,Saint-Ouen-Marchefroy,28
28356,28290,Saint-Pellerin,28
28357,28130,Saint-Piat,28
28358,28300,Saint-Prest,28
28359,28380,Saint-Rémy-sur-Avre,28
28360,28170,Saint-Sauveur-Marville,28
28362,28240,Saint-Victor-de-Buthon,28
28363,28700,Sainville,28
28364,28800,Sancheville,28
28365,28120,Sandarville,28
28366,28700,Santeuil,28
28367,28310,Santilly,28
28368,28250,La Saucelle,28
28369,28500,Saulnières,28
28370,28800,Saumeray,28
28371,28260,Saussay,28
28372,28210,Senantes,28
28373,28250,Senonches,28
28374,28170,Serazereux,28
28375,28410,Serville,28
28376,28330,Soizé,28
28377,28260,Sorel-Moussel,28
28378,28400,Souancé-au-Perche,28
28379,28130,Soulaires,28
28380,28630,Sours,28
28382,28140,Terminiers,28
28383,28150,Theuville,28
28385,28240,Le Thieulin,28
28386,28170,Thimert-Gâtelles,28
28387,28480,Thiron-Gardais,28
28388,28630,Thivars,28
28389,28200,Thiville,28
28390,28140,Tillay-le-Péneux,28
28391,28310,Toury,28
28392,28310,Trancrainville,28
28393,28170,Tremblay-les-Villages,28
28394,28500,Tréon,28
28395,28400,Trizay-Coutretot-Saint-Serge,28
28396,28800,Trizay-lès-Bonneval,28
28397,28700,Umpeau,28
28398,28160,Unverre,28
28400,28140,Varize,28
28401,28240,Vaupillon,28
28403,28630,Ver-lès-Chartres,28
28404,28500,Vernouillet,28
28405,28500,Vert-en-Drouais,28
28406,28140,Eole-en-Beauce,28
28407,28480,Vichères,28
28408,28700,Vierville,28
28409,28120,Vieuvicq,28
28410,28200,Villampuy,28
28412,28150,Villeau,28
28414,28190,Villebon,28
28415,28210,Villemeux-sur-Eure,28
28417,28130,Villiers-le-Morhier,28
28418,28800,Villiers-Saint-Orien,28
28419,28360,Vitray-en-Beauce,28
28421,28700,Voise,28
28422,28150,Les Villages Vovéens,28
28423,28130,Yermenonville,28
28424,28160,Yèvres,28
28425,28320,Ymeray,28
28426,28150,Ymonville,28
29001,29560,Argol,29
29002,29300,Arzano,29
29003,29770,Audierne,29
29004,29380,Bannalec,29
29005,29300,Baye,29
29006,29950,Bénodet,29
29007,29690,Berrien,29
29008,29790,Beuzec-Cap-Sizun,29
29010,29400,Bodilis,29
29011,29820,Bohars,29
29012,29640,Bolazec,29
29013,29690,Botmeur,29
29014,29650,Botsorhel,29
29015,29860,Bourg-Blanc,29
29016,29190,Brasparts,29
29017,29810,Brélès,29
29018,29690,Brennilis,29
29019,29200,Brest,29
29020,29510,Briec,29
29021,29890,Plounéour-Brignogan-plages,29
29022,29570,Camaret-sur-Mer,29
29023,29660,Carantec,29
29024,29270,Carhaix-Plouguer,29
29025,29150,Cast,29
29026,29150,Châteaulin,29
29027,29520,Châteauneuf-du-Faou,29
29028,29770,Cléden-Cap-Sizun,29
29029,29270,Cléden-Poher,29
29030,29233,Cléder,29
29031,29360,Clohars-Carnoët,29
29032,29950,Clohars-Fouesnant,29
29033,29190,Le Cloître-Pleyben,29
29034,29410,Le Cloître-Saint-Thégonnec,29
29035,29870,Coat-Méal,29
29036,29530,Collorec,29
29037,29120,Combrit,29
29038,29450,Commana,29
29039,29900,Concarneau,29
29040,29217,Le Conquet,29
29041,29370,Coray,29
29042,29160,Crozon,29
29043,29460,Daoulas,29
29044,29150,Dinéault,29
29045,29460,Dirinon,29
29046,29100,Douarnenez,29
29047,29860,Le Drennec,29
29048,29510,Edern,29
29049,29370,Elliant,29
29051,29500,Ergué-Gabéric,29
29053,29590,Le Faou,29
29054,29690,La Feuillée,29
29055,29260,Le Folgoët,29
29056,29800,La Forest-Landerneau,29
29057,29940,La Forêt-Fouesnant,29
29058,29170,Fouesnant,29
29059,29610,Garlan,29
29060,29950,Gouesnach,29
29061,29850,Gouesnou,29
29062,29190,Gouézec,29
29063,29770,Goulien,29
29064,29890,Goulven,29
29065,29710,Gourlizon,29
29066,29180,Guengat,29
29067,29650,Guerlesquin,29
29068,29410,Guiclan,29
29069,29820,Guilers,29
29070,29710,Guiler-sur-Goyen,29
29071,29300,Guilligomarc'h,29
29072,29730,Guilvinec,29
29073,29620,Guimaëc,29
29074,29400,Guimiliau,29
29075,29490,Guipavas,29
29076,29290,Milizac-Guipronvel,29
29077,29880,Guissény,29
29078,29460,Hanvec,29
29079,29670,Henvic,29
29080,29460,Hôpital-Camfrout,29
29081,29690,Huelgoat,29
29082,29253,Île-de-Batz,29
29083,29990,Île-de-Sein,29
29084,29259,Île-Molène,29
29085,29980,Île-Tudy,29
29086,29460,Irvillac,29
29087,29100,Le Juch,29
29089,29270,Kergloff,29
29090,29100,Kerlaz,29
29091,29890,Kerlouan,29
29093,29260,Kernilis,29
29094,29260,Kernouës,29
29095,29860,Kersaint-Plabennec,29
29097,29400,Lampaul-Guimiliau,29
29098,29810,Lampaul-Plouarzel,29
29099,29830,Lampaul-Ploudalmézeau,29
29100,29260,Lanarvily,29
29101,29870,Landéda,29
29102,29530,Landeleau,29
29103,29800,Landerneau,29
29104,29560,Landévennec,29
29105,29400,Landivisiau,29
29106,29510,Landrévarzec,29
29107,29510,Landudal,29
29108,29710,Landudec,29
29109,29840,Landunvez,29
29110,29510,Langolen,29
29111,29430,Lanhouarneau,29
29112,29840,Lanildut,29
29113,29620,Lanmeur,29
29114,29640,Lannéanou,29
29115,29190,Lannédern,29
29116,29400,Lanneuffret,29
29117,29870,Lannilis,29
29119,29290,Lanrivoaré,29
29120,29160,Lanvéoc,29
29122,29520,Laz,29
29123,29190,Lennon,29
29124,29260,Lesneven,29
29125,29390,Leuhan,29
29126,29260,Loc-Brévalaire,29
29128,29400,Loc-Eguiner,29
29129,29690,Locmaria-Berrien,29
29130,29280,Locmaria-Plouzané,29
29131,29400,Locmélar,29
29132,29670,Locquénolé,29
29133,29241,Locquirec,29
29134,29180,Locronan,29
29135,29750,Loctudy,29
29136,29310,Locunolé,29
29137,29460,Logonna-Daoulas,29
29139,29590,Lopérec,29
29140,29470,Loperhet,29
29141,29530,Loqueffret,29
29142,29190,Lothey,29
29143,29790,Mahalon,29
29144,29800,La Martyre,29
29145,29790,Confort-Meilars,29
29146,29140,Melgven,29
29147,29300,Mellac,29
29148,29420,Mespaul,29
29149,29290,Milizac,29
29150,29350,Moëlan-sur-Mer,29
29151,29600,Morlaix,29
29152,29270,Motreff,29
29153,29920,Névez,29
29155,29242,Ouessant,29
29156,29800,Pencran,29
29158,29760,Penmarch,29
29159,29710,Peumerit,29
29160,29860,Plabennec,29
29161,29170,Pleuven,29
29162,29190,Pleyben,29
29163,29410,Pleyber-Christ,29
29165,29740,Plobannalec-Lesconil,29
29166,29550,Ploéven,29
29167,29710,Plogastel-Saint-Germain,29
29168,29770,Plogoff,29
29169,29180,Plogonnec,29
29170,29700,Plomelin,29
29171,29120,Plomeur,29
29172,29550,Plomodiern,29
29173,29710,Plonéis,29
29174,29720,Plonéour-Lanvern,29
29175,29530,Plonévez-du-Faou,29
29176,29550,Plonévez-Porzay,29
29177,29810,Plouarzel,29
29178,29830,Ploudalmézeau,29
29179,29260,Ploudaniel,29
29180,29800,Ploudiry,29
29181,29800,Plouédern,29
29182,29620,Plouégat-Guérand,29
29183,29650,Plouégat-Moysan,29
29184,29420,Plouénan,29
29185,29430,Plouescat,29
29186,29252,Plouezoc'h,29
29187,29440,Plougar,29
29188,29630,Plougasnou,29
29189,29470,Plougastel-Daoulas,29
29190,29217,Plougonvelin,29
29191,29640,Plougonven,29
29192,29250,Plougoulm,29
29193,29400,Plougourvest,29
29195,29880,Plouguerneau,29
29196,29830,Plouguin,29
29197,29780,Plouhinec,29
29198,29260,Plouider,29
29199,29610,Plouigneau,29
29201,29810,Ploumoguer,29
29202,29410,Plounéour-Ménez,29
29203,29890,Plounéour-Trez,29
29204,29400,Plounéventer,29
29205,29270,Plounévézel,29
29206,29430,Plounévez-Lochrist,29
29207,29600,Plourin-lès-Morlaix,29
29208,29830,Plourin,29
29209,29860,Plouvien,29
29210,29420,Plouvorn,29
29211,29690,Plouyé,29
29212,29280,Plouzané,29
29213,29440,Plouzévédé,29
29214,29720,Plovan,29
29215,29710,Plozévet,29
29216,29700,Pluguffan,29
29217,29930,Pont-Aven,29
29218,29790,Pont-Croix,29
29219,29650,Le Ponthou,29
29220,29120,Pont-l'Abbé,29
29221,29840,Porspoder,29
29222,29150,Port-Launay,29
29224,29100,Pouldergat,29
29225,29710,Pouldreuzic,29
29226,29100,Poullan-sur-Mer,29
29227,29246,Poullaouen,29
29228,29770,Primelin,29
29229,29180,Quéménéven,29
29230,29310,Querrien,29
29232,29000,Quimper,29
29233,29300,Quimperlé,29
29234,29300,Rédené,29
29235,29480,Le Relecq-Kerhuon,29
29236,29340,Riec-sur-Bélon,29
29237,29800,La Roche-Maurice,29
29238,29570,Roscanvel,29
29239,29680,Roscoff,29
29240,29590,Rosnoën,29
29241,29140,Rosporden,29
29243,29150,Saint-Coulitz,29
29244,29440,Saint-Derrien,29
29245,29800,Saint-Divy,29
29246,29460,Saint-Eloy,29
29247,29170,Saint-Évarzec,29
29248,29260,Saint-Frégant,29
29249,29520,Saint-Goazec,29
29250,29270,Saint-Hernin,29
29251,29630,Saint-Jean-du-Doigt,29
29252,29120,Saint-Jean-Trolimon,29
29255,29260,Saint-Méen,29
29256,29550,Saint-Nic,29
29257,29830,Saint-Pabu,29
29259,29250,Saint-Pol-de-Léon,29
29260,29290,Saint-Renan,29
29261,29190,Saint-Rivoal,29
29263,29590,Saint-Ségal,29
29265,29600,Sainte-Sève,29
29266,29410,Saint-Thégonnec Loc-Eguiner,29
29267,29520,Saint-Thois,29
29268,29800,Saint-Thonan,29
29270,29800,Saint-Urbain,29
29271,29440,Saint-Vougay,29
29272,29140,Saint-Yvi,29
29273,29250,Santec,29
29274,29390,Scaër,29
29275,29640,Scrignac,29
29276,29250,Sibiril,29
29277,29450,Sizun,29
29278,29540,Spézet,29
29279,29670,Taulé,29
29280,29560,Telgruc-sur-Mer,29
29281,29140,Tourch,29
29282,29217,Trébabu,29
29284,29730,Treffiagat,29
29285,29440,Tréflaouénan,29
29286,29800,Tréflévénez,29
29287,29430,Tréflez,29
29288,29260,Trégarantec,29
29289,29560,Trégarvan,29
29290,29870,Tréglonou,29
29291,29970,Trégourez,29
29292,29720,Tréguennec,29
29293,29910,Trégunc,29
29294,29450,Le Tréhou,29
29295,29800,Trémaouézan,29
29296,29120,Tréméoc,29
29298,29720,Tréogat,29
29299,29290,Tréouergat,29
29300,29380,Le Trévoux,29
29301,29440,Trézilidé,29
29302,29590,Pont-de-Buis-lès-Quimerch,29
2A001,20167,Afa,2A
2A004,20000,Ajaccio,2A
2A006,20167,Alata,2A
2A008,20128,Albitreccia,2A
2A011,20112,Altagène,2A
2A014,20151,Ambiegna,2A
2A017,20167,Appietto,2A
2A018,20110,Arbellara,2A
2A019,20160,Arbori,2A
2A021,20140,Argiusta-Moriccio,2A
2A022,20151,Arro,2A
2A024,20116,Aullène,2A
2A026,20190,Azilone-Ampaza,2A
2A027,20121,Azzana,2A
2A028,20160,Balogna,2A
2A031,20119,Bastelica,2A
2A032,20129,Bastelicaccia,2A
2A035,20110,Belvédère-Campomoro,2A
2A038,20100,Bilia,2A
2A040,20136,Bocognano,2A
2A041,20169,Bonifacio,2A
2A048,20111,Calcatoggio,2A
2A056,20142,Campo,2A
2A060,20151,Cannelle,2A
2A061,20170,Carbini,2A
2A062,20133,Carbuccia,2A
2A064,20190,Cardo-Torgia,2A
2A065,20130,Cargèse,2A
2A066,20164,Cargiaca,2A
2A070,20111,Casaglione,2A
2A071,20140,Casalabriva,2A
2A085,20117,Cauro,2A
2A089,20134,Ciamannacce,2A
2A090,20118,Coggia,2A
2A091,20123,Cognocoli-Monticchi,2A
2A092,20135,Conca,2A
2A094,20168,Corrano,2A
2A098,20138,Coti-Chiavari,2A
2A099,20148,Cozzano,2A
2A100,20126,Cristinacce,2A
2A103,20167,Cuttoli-Corticchiato,2A
2A104,20117,Eccica-Suarella,2A
2A108,20126,Évisa,2A
2A114,20114,Figari,2A
2A115,20100,Foce,2A
2A117,20190,Forciolo,2A
2A118,20143,Fozzano,2A
2A119,20157,Frasseto,2A
2A127,20100,Giuncheto,2A
2A128,20100,Granace,2A
2A129,20100,Grossa,2A
2A130,20128,Grosseto-Prugna,2A
2A131,20160,Guagno,2A
2A132,20128,Guargualé,2A
2A133,20153,Guitera-les-Bains,2A
2A139,20137,Lecci,2A
2A141,20160,Letia,2A
2A142,20170,Levie,2A
2A144,20139,Lopigna,2A
2A146,20165,Loreto-di-Tallano,2A
2A154,20141,Marignana,2A
2A158,20112,Mela,2A
2A160,20140,Moca-Croce,2A
2A163,20171,Monacia-d'Aullène,2A
2A174,20160,Murzo,2A
2A181,20117,Ocana,2A
2A186,20140,Olivese,2A
2A189,20113,Olmeto,2A
2A191,20112,Olmiccia,2A
2A196,20125,Orto,2A
2A197,20147,Osani,2A
2A198,20150,Ota,2A
2A200,20134,Palneca,2A
2A203,20147,Partinello,2A
2A204,20121,Pastricciola,2A
2A209,20167,Peri,2A
2A211,20140,Petreto-Bicchisano,2A
2A212,20115,Piana,2A
2A215,20131,Pianottoli-Caldarello,2A
2A228,20166,Pietrosella,2A
2A232,20123,Pila-Canale,2A
2A240,20125,Poggiolo,2A
2A247,20137,Porto-Vecchio,2A
2A249,20110,Propriano,2A
2A253,20142,Quasquara,2A
2A254,20122,Quenza,2A
2A258,20160,Renno,2A
2A259,20121,Rezza,2A
2A262,20121,Rosazia,2A
2A266,20121,Salice,2A
2A268,20134,Sampolo,2A
2A269,20145,Sari-Solenzara,2A
2A270,20151,Sari-d'Orcino,2A
2A271,20167,Sarrola-Carcopino,2A
2A272,20100,Sartène,2A
2A276,20140,Serra-di-Ferro,2A
2A278,20127,Serra-di-Scopamène,2A
2A279,20147,Serriera,2A
2A282,20125,Soccia,2A
2A284,20140,Sollacaro,2A
2A285,20152,Sorbollano,2A
2A288,20146,Sotta,2A
2A295,20151,Sant'Andréa-d'Orcino,2A
2A300,20170,San-Gavino-di-Carbini,2A
2A308,20112,Sainte-Lucie-de-Tallano,2A
2A310,20143,Santa-Maria-Figaniella,2A
2A312,20190,Santa-Maria-Siché,2A
2A322,20134,Tasso,2A
2A323,20167,Tavaco,2A
2A324,20163,Tavera,2A
2A326,20117,Tolla,2A
2A330,20133,Ucciani,2A
2A331,20128,Urbalacone,2A
2A336,20167,Valle-di-Mezzana,2A
2A345,20172,Vero,2A
2A348,20118,Vico,2A
2A349,20110,Viggianello,2A
2A351,20167,Villanova,2A
2A357,20116,Zérubia,2A
2A358,20173,Zévaco,2A
2A359,20132,Zicavo,2A
2A360,20190,Zigliara,2A
2A362,20124,Zonza,2A
2A363,20112,Zoza,2A
2B002,20270,Aghione,2B
2B003,20244,Aiti,2B
2B005,20212,Alando,2B
2B007,20224,Albertacce,2B
2B009,20270,Aléria,2B
2B010,20220,Algajola,2B
2B012,20251,Altiani,2B
2B013,20212,Alzi,2B
2B015,20272,Ampriani,2B
2B016,20270,Antisanti,2B
2B020,20220,Aregno,2B
2B023,20276,Asco,2B
2B025,20225,Avapessa,2B
2B029,20253,Barbaggio,2B
2B030,20228,Barrettali,2B
2B033,20200,Bastia,2B
2B034,20226,Belgodère,2B
2B036,20252,Bigorno,2B
2B037,20620,Biguglia,2B
2B039,20235,Bisinchi,2B
2B042,20290,Borgo,2B
2B043,20222,Brando,2B
2B045,20212,Bustanico,2B
2B046,20228,Cagnano,2B
2B047,20224,Calacuccia,2B
2B049,20214,Calenzana,2B
2B050,20260,Calvi,2B
2B051,20244,Cambia,2B
2B052,20229,Campana,2B
2B053,20270,Campi,2B
2B054,20290,Campile,2B
2B055,20252,Campitello,2B
2B057,20230,Canale-di-Verde,2B
2B058,20217,Canari,2B
2B059,20235,Canavaggia,2B
2B063,20229,Carcheto-Brustico,2B
2B067,20229,Carpineto,2B
2B068,20244,Carticasi,2B
2B069,20237,Casabianca,2B
2B072,20215,Casalta,2B
2B073,20224,Casamaccioli,2B
2B074,20250,Casanova,2B
2B075,20270,Casevecchie,2B
2B077,20213,Castellare-di-Casinca,2B
2B078,20212,Castellare-di-Mercurio,2B
2B079,20235,Castello-di-Rostino,2B
2B080,20218,Castifao,2B
2B081,20218,Castiglione,2B
2B082,20218,Castineta,2B
2B083,20236,Castirla,2B
2B084,20225,Cateri,2B
2B086,20238,Centuri,2B
2B087,20221,Cervione,2B
2B088,20230,Chiatra,2B
2B093,20220,Corbara,2B
2B095,20224,Corscia,2B
2B096,20250,Corte,2B
2B097,20226,Costa,2B
2B101,20237,Croce,2B
2B102,20290,Crocicchia,2B
2B105,20212,Erbajolo,2B
2B106,20244,Érone,2B
2B107,20275,Ersa,2B
2B109,20253,Farinole,2B
2B110,20212,Favalello,2B
2B111,20234,Felce,2B
2B112,20225,Feliceto,2B
2B113,20237,Ficaja,2B
2B116,20212,Focicchia,2B
2B120,20600,Furiani,2B
2B121,20245,Galéria,2B
2B122,20218,Gavignano,2B
2B123,20240,Ghisonaccia,2B
2B124,20227,Ghisoni,2B
2B125,20237,Giocatojo,2B
2B126,20251,Giuncaggio,2B
2B134,20220,L'Île-Rousse,2B
2B135,20243,Isolaccio-di-Fiumorbo,2B
2B136,20218,Lama,2B
2B137,20244,Lano,2B
2B138,20225,Lavatoggio,2B
2B140,20252,Lento,2B
2B143,20230,Linguizzetta,2B
2B145,20215,Loreto-di-Casinca,2B
2B147,20224,Lozzi,2B
2B148,20290,Lucciana,2B
2B149,20240,Lugo-di-Nazza,2B
2B150,20260,Lumio,2B
2B152,20228,Luri,2B
2B153,20245,Manso,2B
2B155,20270,Matra,2B
2B156,20259,Mausoléo,2B
2B157,20212,Mazzola,2B
2B159,20287,Meria,2B
2B161,20270,Moïta,2B
2B162,20218,Moltifao,2B
2B164,20229,Monacia-d'Orezza,2B
2B165,20214,Moncale,2B
2B166,20290,Monte,2B
2B167,20214,Montegrosso,2B
2B168,20220,Monticello,2B
2B169,20218,Morosaglia,2B
2B170,20238,Morsiglia,2B
2B171,20219,Muracciole,2B
2B172,20239,Murato,2B
2B173,20225,Muro,2B
2B175,20225,Nessa,2B
2B176,20229,Nocario,2B
2B177,20242,Noceta,2B
2B178,20217,Nonza,2B
2B179,20234,Novale,2B
2B180,20226,Novella,2B
2B182,20226,Occhiatana,2B
2B183,20217,Ogliastro,2B
2B184,20217,Olcani,2B
2B185,20232,Oletta,2B
2B187,20217,Olmeta-di-Capocorso,2B
2B188,20232,Olmeta-di-Tuda,2B
2B190,20259,Olmi-Cappella,2B
2B192,20290,Olmo,2B
2B193,20236,Omessa,2B
2B194,20234,Ortale,2B
2B195,20290,Ortiporio,2B
2B199,20226,Palasca,2B
2B201,20251,Pancheraccia,2B
2B202,20229,Parata,2B
2B205,20253,Patrimonio,2B
2B206,20290,Penta-Acquatella,2B
2B207,20213,Penta-di-Casinca,2B
2B208,20234,Perelli,2B
2B210,20230,Pero-Casevecchie,2B
2B213,20272,Pianello,2B
2B214,20215,Piano,2B
2B216,20234,Piazzali,2B
2B217,20229,Piazzole,2B
2B218,20251,Piedicorte-di-Gaggio,2B
2B219,20229,Piedicroce,2B
2B220,20218,Piedigriggio,2B
2B221,20229,Piedipartino,2B
2B222,20229,Pie-d'Orezza,2B
2B223,20218,Pietralba,2B
2B224,20233,Pietracorbara,2B
2B225,20230,Pietra-di-Verde,2B
2B226,20251,Pietraserena,2B
2B227,20234,Pietricaggio,2B
2B229,20242,Pietroso,2B
2B230,20246,Piève,2B
2B231,20220,Pigna,2B
2B233,20228,Pino,2B
2B234,20234,Piobetta,2B
2B235,20259,Pioggiola,2B
2B236,20240,Poggio-di-Nazza,2B
2B238,20250,Poggio-di-Venaco,2B
2B239,20232,Poggio-d'Oletta,2B
2B241,20237,Poggio-Marinaccio,2B
2B242,20230,Poggio-Mezzana,2B
2B243,20229,Polveroso,2B
2B244,20218,Popolasca,2B
2B245,20215,Porri,2B
2B246,20237,La Porta,2B
2B248,20218,Prato-di-Giovellina,2B
2B250,20290,Prunelli-di-Casacconi,2B
2B251,20243,Prunelli-di-Fiumorbo,2B
2B252,20213,Pruno,2B
2B255,20237,Quercitello,2B
2B256,20229,Rapaggio,2B
2B257,20246,Rapale,2B
2B260,20250,Riventosa,2B
2B261,20247,Rogliano,2B
2B263,20242,Rospigliani,2B
2B264,20244,Rusio,2B
2B265,20239,Rutali,2B
2B267,20218,Saliceto,2B
2B273,20213,Scata,2B
2B274,20290,Scolca,2B
2B275,20212,Sermano,2B
2B277,20243,Serra-di-Fiumorbo,2B
2B280,20215,Silvareccio,2B
2B281,20233,Sisco,2B
2B283,20240,Solaro,2B
2B286,20213,Sorbo-Ocagnano,2B
2B287,20246,Sorio,2B
2B289,20250,Soveria,2B
2B290,20226,Speloncato,2B
2B291,20229,Stazzona,2B
2B292,20212,Sant'Andréa-di-Bozio,2B
2B293,20221,Sant'Andréa-di-Cotone,2B
2B296,20220,Sant'Antonino,2B
2B297,20213,San-Damiano,2B
2B298,20217,Saint-Florent,2B
2B299,20213,San-Gavino-d'Ampugnani,2B
2B301,20246,San-Gavino-di-Tenda,2B
2B302,20230,San-Giovanni-di-Moriani,2B
2B303,20230,San-Giuliano,2B
2B304,20244,San-Lorenzo,2B
2B305,20200,San-Martino-di-Lota,2B
2B306,20250,Santa-Lucia-di-Mercurio,2B
2B307,20230,Santa-Lucia-di-Moriani,2B
2B309,20200,Santa-Maria-di-Lota,2B
2B311,20221,Santa-Maria-Poggio,2B
2B313,20230,San-Nicolao,2B
2B314,20217,Santo-Pietro-di-Tenda,2B
2B315,20250,Santo-Pietro-di-Venaco,2B
2B316,20220,Santa-Reparata-di-Balagna,2B
2B317,20230,Santa-Reparata-di-Moriani,2B
2B318,20230,Taglio-Isolaccio,2B
2B319,20230,Talasani,2B
2B320,20270,Tallone,2B
2B321,20234,Tarrano,2B
2B327,20248,Tomino,2B
2B328,20270,Tox,2B
2B329,20250,Tralonca,2B
2B332,20218,Urtaca,2B
2B333,20232,Vallecalle,2B
2B334,20234,Valle-d'Alesani,2B
2B335,20221,Valle-di-Campoloro,2B
2B337,20235,Valle-di-Rostino,2B
2B338,20229,Valle-d'Orezza,2B
2B339,20259,Vallica,2B
2B340,20230,Velone-Orneto,2B
2B341,20231,Venaco,2B
2B342,20240,Ventiseri,2B
2B343,20215,Venzolasca,2B
2B344,20229,Verdèse,2B
2B346,20215,Vescovato,2B
2B347,20242,Vezzani,2B
2B350,20290,Vignale,2B
2B352,20279,Ville-di-Paraso,2B
2B353,20200,Ville-di-Pietrabugno,2B
2B354,20219,Vivario,2B
2B355,20290,Volpajola,2B
2B356,20272,Zalana,2B
2B361,20214,Zilia,2B
2B364,20272,Zuani,2B
2B365,20243,San-Gavino-di-Fiumorbo,2B
2B366,20240,Chisa,2B
30001,30700,Aigaliers,30
30002,30350,Aigremont,30
30003,30220,Aigues-Mortes,30
30005,30760,Aiguèze,30
30006,30470,Aimargues,30
30007,30100,Alès,30
30008,30500,Allègre-les-Fumades,30
30009,30770,Alzon,30
30010,30140,Anduze,30
30011,30133,Les Angles,30
30012,30390,Aramon,30
30013,30210,Argilliers,30
30014,30700,Arpaillargues-et-Aureillac,30
30015,30120,Arphy,30
30016,30120,Arre,30
30017,30770,Arrigas,30
30018,30250,Aspères,30
30019,30250,Aubais,30
30020,30620,Aubord,30
30021,30190,Aubussargues,30
30023,30250,Aujargues,30
30024,30120,Aulas,30
30025,30770,Aumessas,30
30026,30120,Avèze,30
30027,30140,Bagard,30
30028,30200,Bagnols-sur-Cèze,30
30030,30700,Baron,30
30031,30330,La Bastide-d'Engras,30
30032,30300,Beaucaire,30
30034,30127,Bellegarde,30
30035,30580,Belvézet,30
30036,30620,Bernis,30
30037,30160,Bessèges,30
30038,30120,Bez-et-Esparon,30
30039,30320,Bezouce,30
30040,30770,Blandas,30
30041,30700,Blauzac,30
30042,30140,Boisset-et-Gaujac,30
30043,30114,Boissières,30
30045,30160,Bordezac,30
30046,30190,Boucoiran-et-Nozières,30
30047,30230,Bouillargues,30
30048,30580,Bouquet,30
30049,30190,Bourdic,30
30050,30260,Bragassargues,30
30051,30110,Branoux-les-Taillades,30
30052,30120,Bréau-et-Salagosse,30
30053,30190,Brignon,30
30054,30260,Brouzet-lès-Quissac,30
30055,30580,Brouzet-lès-Alès,30
30056,30580,La Bruguière,30
30057,30210,Cabrières,30
30058,30170,La Cadière-et-Cambo,30
30059,30740,Le Cailar,30
30060,30132,Caissargues,30
30061,30190,La Calmette,30
30062,30420,Calvisson,30
30064,30770,Campestre-et-Luc,30
30065,30350,Canaules-et-Argentières,30
30066,30260,Cannes-et-Clairan,30
30067,30700,La Capelle-et-Masmolène,30
30068,30350,Cardet,30
30069,30260,Carnas,30
30070,30130,Carsan,30
30071,30350,Cassagnoles,30
30072,30190,Castelnau-Valence,30
30073,30210,Castillon-du-Gard,30
30074,30750,Causse-Bégon,30
30075,30820,Caveirac,30
30076,30330,Cavillargues,30
30077,30480,Cendras,30
30080,30530,Chamborigaud,30
30081,30200,Chusclan,30
30082,30870,Clarensac,30
30083,30920,Codognan,30
30084,30200,Codolet,30
30085,30210,Collias,30
30086,30190,Collorgues,30
30087,30460,Colognac,30
30088,30250,Combas,30
30090,30450,Concoules,30
30091,30111,Congénies,30
30092,30330,Connaux,30
30093,30170,Conqueyrac,30
30094,30140,Corbès,30
30095,30260,Corconne,30
30096,30630,Cornillon,30
30097,30500,Courry,30
30098,30260,Crespian,30
30099,30170,Cros,30
30100,30360,Cruviers-Lascours,30
30101,30360,Deaux,30
30102,30190,Dions,30
30103,30390,Domazan,30
30104,30350,Domessargues,30
30105,30750,Dourbies,30
30106,30170,Durfort-et-Saint-Martin-de-Sossenac,30
30107,30390,Estézargues,30
30108,30124,L'Estréchure,30
30109,30360,Euzet,30
30110,30700,Flaux,30
30113,30580,Fons-sur-Lussan,30
30114,30250,Fontanès,30
30115,30580,Fontarèches,30
30116,30210,Fournès,30
30117,30300,Fourques,30
30119,30170,Fressac,30
30120,30160,Gagnières,30
30121,30260,Gailhan,30
30123,30660,Gallargues-le-Montueux,30
30124,30760,Le Garn,30
30125,30128,Garons,30
30126,30190,Garrigues-Sainte-Eulalie,30
30127,30330,Gaujac,30
30128,30510,Générac,30
30129,30140,Générargues,30
30130,30450,Génolhac,30
30131,30630,Goudargues,30
30132,30110,La Grand-Combe,30
30133,30240,Le Grau-du-Roi,30
30134,30760,Issirac,30
30135,30300,Jonquières-Saint-Vincent,30
30136,30250,Junas,30
30137,30110,Lamelouze,30
30138,30980,Langlade,30
30139,30750,Lanuéjols,30
30140,30460,Lasalle,30
30141,30290,Laudun-l'Ardoise,30
30142,30110,Laval-Pradel,30
30143,30760,Laval-Saint-Roman,30
30144,30250,Lecques,30
30145,30210,Lédenon,30
30146,30350,Lédignan,30
30147,30350,Lézan,30
30148,30260,Liouc,30
30149,30126,Lirac,30
30150,30610,Logrian-Florian,30
30151,30580,Lussan,30
30152,30960,Les Mages,30
30153,30450,Malons-et-Elze,30
30154,30120,Mandagout,30
30155,30129,Manduel,30
30156,30320,Marguerittes,30
30158,30360,Martignargues,30
30159,30960,Le Martinet,30
30160,30350,Maruéjols-lès-Gardon,30
30161,30350,Massanes,30
30162,30140,Massillargues-Attuech,30
30163,30350,Mauressargues,30
30164,30430,Méjannes-le-Clap,30
30165,30340,Méjannes-lès-Alès,30
30166,30840,Meynes,30
30167,30410,Meyrannes,30
30169,30540,Milhaud,30
30170,30120,Molières-Cavaillac,30
30171,30410,Molières-sur-Cèze,30
30172,30170,Monoblet,30
30174,30700,Montaren-et-Saint-Médiers,30
30176,30120,Montdardier,30
30179,30490,Montfrin,30
30180,30190,Montignargues,30
30181,30260,Montmirat,30
30182,30730,Montpezat,30
30183,30350,Moulézan,30
30184,30190,Moussac,30
30185,30121,Mus,30
30186,30114,Nages-et-Solorgues,30
30187,30580,Navacelles,30
30188,30360,Ners,30
30189,30000,Nîmes,30
30190,30570,Notre-Dame-de-la-Rouvière,30
30191,30200,Orsan,30
30192,30260,Orthoux-Sérignac-Quilhan,30
30193,30730,Parignargues,30
30194,30160,Peyremale,30
30197,30340,Les Plans,30
30198,30122,Les Plantiers,30
30200,30170,Pompignan,30
30201,30450,Ponteils-et-Brésis,30
30202,30130,Pont-Saint-Esprit,30
30204,30500,Potelières,30
30205,30330,Pougnadoresse,30
30206,30320,Poulx,30
30207,30210,Pouzilhac,30
30208,30610,Puechredon,30
30209,30131,Pujaut,30
30210,30260,Quissac,30
30211,30129,Redessan,30
30212,30210,Remoulins,30
30213,30750,Revens,30
30214,30720,Ribaute-les-Tavernes,30
30216,30160,Robiac-Rochessadoule,30
30217,30650,Rochefort-du-Gard,30
30219,30120,Rogues,30
30220,30440,Roquedur,30
30221,30150,Roquemaure,30
30222,30200,La Roque-sur-Cèze,30
30223,30340,Rousson,30
30224,30190,La Rouvière,30
30225,30200,Sabran,30
30226,30130,Saint-Alexandre,30
30229,30570,Saint-André-de-Majencoules,30
30230,30630,Saint-André-de-Roquepertuis,30
30231,30940,Saint-André-de-Valborgne,30
30232,30330,Saint-André-d'Olérargues,30
30233,30730,Saint-Bauzély,30
30234,30350,Saint-Bénézet,30
30235,30210,Saint-Bonnet-du-Gard,30
30236,30460,Saint-Bonnet-de-Salendrinque,30
30237,30500,Saint-Brès,30
30238,30440,Saint-Bresson,30
30239,30110,Sainte-Cécile-d'Andorge,30
30240,30360,Saint-Césaire-de-Gauzignan,30
30241,30190,Saint-Chaptes,30
30242,30760,Saint-Christol-de-Rodières,30
30243,30380,Saint-Christol-lès-Alès,30
30245,30870,Saint-Côme-et-Maruéjols,30
30246,30460,Sainte-Croix-de-Caderle,30
30248,30190,Saint-Dézéry,30
30249,30980,Saint-Dionisy,30
30250,30360,Saint-Étienne-de-l'Olm,30
30251,30200,Saint-Étienne-des-Sorts,30
30252,30140,Saint-Félix-de-Pallières,30
30253,30960,Saint-Florent-sur-Auzonnet,30
30254,30150,Saint-Geniès-de-Comolas,30
30255,30190,Saint-Geniès-de-Malgoirès,30
30256,30200,Saint-Gervais,30
30257,30320,Saint-Gervasy,30
30258,30800,Saint-Gilles,30
30259,30560,Saint-Hilaire-de-Brethmas,30
30260,30210,Saint-Hilaire-d'Ozilhan,30
30261,30360,Saint-Hippolyte-de-Caton,30
30262,30700,Saint-Hippolyte-de-Montaigu,30
30263,30170,Saint-Hippolyte-du-Fort,30
30264,30360,Saint-Jean-de-Ceyrargues,30
30265,30610,Saint-Jean-de-Crieulon,30
30266,30430,Saint-Jean-de-Maruéjols-et-Avéjan,30
30267,30350,Saint-Jean-de-Serres,30
30268,30960,Saint-Jean-de-Valériscle,30
30269,30270,Saint-Jean-du-Gard,30
30270,30140,Saint-Jean-du-Pin,30
30271,30500,Saint-Julien-de-Cassagnas,30
30272,30440,Saint-Julien-de-la-Nef,30
30273,30760,Saint-Julien-de-Peyrolas,30
30274,30340,Saint-Julien-les-Rosiers,30
30275,30580,Saint-Just-et-Vacquières,30
30276,30220,Saint-Laurent-d'Aigouze,30
30277,30200,Saint-Laurent-de-Carnols,30
30278,30126,Saint-Laurent-des-Arbres,30
30279,30330,Saint-Laurent-la-Vernède,30
30280,30440,Saint-Laurent-le-Minier,30
30281,30730,Saint-Mamert-du-Gard,30
30282,30330,Saint-Marcel-de-Careiret,30
30284,30520,Saint-Martin-de-Valgalgues,30
30285,30360,Saint-Maurice-de-Cazevieille,30
30286,30700,Saint-Maximin,30
30287,30200,Saint-Michel-d'Euzet,30
30288,30200,Saint-Nazaire,30
30289,30610,Saint-Nazaire-des-Gardies,30
30290,30130,Saint-Paulet-de-Caisson,30
30291,30480,Saint-Paul-la-Coste,30
30292,30330,Saint-Pons-la-Calm,30
30293,30430,Saint-Privat-de-Champclos,30
30294,30340,Saint-Privat-des-Vieux,30
30295,30700,Saint-Quentin-la-Poterie,30
30296,30440,Saint-Roman-de-Codières,30
30297,30750,Saint-Sauveur-Camprieu,30
30298,30140,Saint-Sébastien-d'Aigrefeuille,30
30299,30700,Saint-Siffret,30
30300,30260,Saint-Théodorit,30
30301,30700,Saint-Victor-des-Oules,30
30302,30290,Saint-Victor-la-Coste,30
30303,30500,Saint-Victor-de-Malcap,30
30304,30760,Salazac,30
30305,30340,Salindres,30
30306,30250,Salinelles,30
30307,30110,Les Salles-du-Gardon,30
30308,30700,Sanilhac-Sagriès,30
30309,30260,Sardan,30
30311,30610,Sauve,30
30312,30150,Sauveterre,30
30314,30350,Savignargues,30
30315,30650,Saze,30
30316,30450,Sénéchas,30
30317,30210,Sernhac,30
30319,30700,Serviers-et-Labaume,30
30320,30580,Seynes,30
30321,30250,Sommières,30
30322,30460,Soudorgues,30
30323,30110,Soustelle,30
30324,30250,Souvignargues,30
30325,30440,Sumène,30
30326,30126,Tavel,30
30327,30430,Tharaux,30
30328,30390,Théziers,30
30329,30140,Thoiras,30
30330,30140,Tornac,30
30331,30330,Tresques,30
30332,30750,Trèves,30
30333,30620,Uchaud,30
30334,30700,Uzès,30
30336,30300,Vallabrègues,30
30337,30700,Vallabrix,30
30338,30580,Vallérargues,30
30339,30570,Valleraugue,30
30340,30210,Valliguières,30
30341,30600,Vauvert,30
30342,30200,Vénéjan,30
30343,30630,Verfeuil,30
30344,30310,Vergèze,30
30345,30530,La Vernarède,30
30346,30210,Vers-Pont-du-Gard,30
30347,30600,Vestric-et-Candiac,30
30348,30360,Vézénobres,30
30349,30260,Vic-le-Fesq,30
30350,30120,Le Vigan,30
30351,30400,Villeneuve-lès-Avignon,30
30352,30250,Villevieille,30
30353,30770,Vissec,30
30354,30350,Montagnac,30
30355,30330,Saint-Paul-les-Fonts,30
30356,30230,Rodilhan,30
31001,31230,Agassac,31
31002,31550,Aignes,31
31003,31280,Aigrefeuille,31
31004,31450,Ayguesvives,31
31005,31420,Alan,31
31006,31460,Albiac,31
31007,31230,Ambax,31
31008,31230,Anan,31
31009,31510,Antichan-de-Frontignes,31
31011,31160,Arbas,31
31012,31160,Arbon,31
31013,31210,Ardiège,31
31014,31160,Arguenos,31
31015,31440,Argut-Dessous,31
31017,31440,Arlos,31
31018,31360,Arnaud-Guilhem,31
31019,31110,Artigue,31
31020,31160,Aspet,31
31021,31800,Aspret-Sarrat,31
31022,31140,Aucamville,31
31024,31190,Auragne,31
31025,31320,Aureville,31
31026,31460,Auriac-sur-Vendinelle,31
31027,31190,Auribail,31
31028,31420,Aurignac,31
31029,31570,Aurin,31
31030,31260,Ausseing,31
31031,31210,Ausson,31
31032,31840,Aussonne,31
31033,31190,Auterive,31
31034,31360,Auzas,31
31035,31320,Auzeville-Tolosane,31
31036,31650,Auzielle,31
31037,31290,Avignonet-Lauragais,31
31038,31380,Azas,31
31039,31420,Bachas,31
31040,31440,Bachos,31
31041,31510,Bagiry,31
31042,31110,Bagnères-de-Luchon,31
31043,31580,Balesta,31
31044,31130,Balma,31
31045,31510,Barbazan,31
31046,31440,Baren,31
31047,31310,Bax,31
31048,31450,Baziège,31
31049,31380,Bazus,31
31050,31360,Beauchalot,31
31051,31370,Beaufort,31
31052,31870,Beaumont-sur-Lèze,31
31053,31850,Beaupuy,31
31054,31290,Beauteville,31
31055,31460,Beauville,31
31056,31700,Beauzelle,31
31057,31450,Belberaud,31
31058,31450,Belbèze-de-Lauragais,31
31059,31260,Belbèze-en-Comminges,31
31060,31540,Bélesta-en-Lauragais,31
31061,31530,Bellegarde-Sainte-Marie,31
31062,31480,Bellesserre,31
31063,31420,Benque,31
31064,31110,Benque-Dessous-et-Dessus,31
31065,31370,Bérat,31
31066,31660,Bessières,31
31067,31440,Bezins-Garraux,31
31068,31110,Billière,31
31069,31700,Blagnac,31
31070,31350,Blajan,31
31071,31390,Bois-de-la-Pierre,31
31072,31230,Boissède,31
31073,31340,Bondigoux,31
31074,31590,Bonrepos-Riquet,31
31075,31470,Bonrepos-sur-Aussonnelle,31
31076,31210,Bordes-de-Rivière,31
31077,31340,Le Born,31
31078,31580,Boudrac,31
31079,31620,Bouloc,31
31080,31350,Boulogne-sur-Gesse,31
31081,31110,Bourg-d'Oueil,31
31082,31570,Bourg-Saint-Bernard,31
31083,31420,Boussan,31
31084,31360,Boussens,31
31085,31160,Boutx,31
31086,31420,Bouzin,31
31087,31470,Bragayrac,31
31088,31490,Brax,31
31089,31530,Bretx,31
31090,31480,Brignemont,31
31091,31150,Bruguières,31
31092,31440,Burgalays,31
31093,31330,Le Burgaud,31
31094,31660,Buzet-sur-Tarn,31
31095,31160,Cabanac-Cazaux,31
31096,31480,Cabanac-Séguenville,31
31097,31460,Le Cabanial,31
31098,31480,Cadours,31
31099,31560,Caignac,31
31101,31470,Cambernard,31
31102,31460,Cambiac,31
31103,31310,Canens,31
31104,31410,Capens,31
31105,31460,Caragoudes,31
31106,31460,Caraman,31
31107,31390,Carbonne,31
31108,31350,Cardeilhac,31
31109,31420,Cassagnabère-Tournas,31
31110,31260,Cassagne,31
31111,31310,Castagnac,31
31112,31260,Castagnède,31
31113,31320,Castanet-Tolosan,31
31114,31160,Castelbiague,31
31115,31230,Castelgaillard,31
31116,31780,Castelginest,31
31117,31180,Castelmaurou,31
31118,31620,Castelnau-d'Estrétefonds,31
31119,31430,Castelnau-Picampeau,31
31120,31530,Le Castéra,31
31121,31350,Castéra-Vignoles,31
31122,31430,Casties-Labrande,31
31123,31110,Castillon-de-Larboust,31
31124,31360,Castillon-de-Saint-Martory,31
31125,31110,Cathervielle,31
31126,31480,Caubiac,31
31127,31110,Caubous,31
31128,31190,Caujac,31
31129,31110,Cazarilh-Laspènes,31
31130,31580,Cazaril-Tambourès,31
31131,31160,Cazaunous,31
31132,31440,Cazaux-Layrisse,31
31133,31110,Cazeaux-de-Larboust,31
31134,31420,Cazeneuve-Montaut,31
31135,31220,Cazères,31
31136,31620,Cépet,31
31137,31290,Cessales,31
31138,31350,Charlas,31
31139,31440,Chaum,31
31140,31160,Chein-Dessus,31
31141,31350,Ciadoux,31
31142,31110,Cier-de-Luchon,31
31143,31510,Cier-de-Rivière,31
31144,31440,Cierp-Gaud,31
31145,31550,Cintegabelle,31
31146,31110,Cirès,31
31147,31210,Clarac,31
31148,31810,Clermont-le-Fort,31
31149,31770,Colomiers,31
31150,31700,Cornebarrieu,31
31151,31450,Corronsac,31
31152,31230,Coueilles,31
31153,31220,Couladère,31
31155,31160,Couret,31
31156,31480,Cox,31
31157,31270,Cugnaux,31
31158,31210,Cuguron,31
31159,31210,Le Cuing,31
31160,31700,Daux,31
31161,31450,Deyme,31
31162,31450,Donneville,31
31163,31280,Drémil-Lafage,31
31164,31480,Drudas,31
31165,31600,Eaunes,31
31166,31470,Empeaux,31
31167,31160,Encausse-les-Thermes,31
31168,31420,Eoux,31
31169,31750,Escalquens,31
31170,31350,Escanecrabe,31
31171,31450,Espanès,31
31173,31190,Esperce,31
31174,31160,Estadens,31
31175,31800,Estancarbon,31
31176,31440,Esténos,31
31177,31440,Eup,31
31179,31460,Le Faget,31
31180,31540,Falga,31
31181,31410,Le Fauga,31
31182,31150,Fenouillet,31
31183,31260,Figarol,31
31184,31130,Flourens,31
31185,31290,Folcarde,31
31186,31140,Fonbeauzard,31
31187,31470,Fonsorbes,31
31188,31470,Fontenilles,31
31189,31370,Forgues,31
31190,31440,Fos,31
31191,31160,Fougaron,31
31192,31450,Fourquevaux,31
31193,31430,Le Fousseret,31
31194,31460,Francarville,31
31195,31260,Francazal,31
31196,31420,Francon,31
31197,31210,Franquevielle,31
31198,31360,Le Fréchet,31
31199,31440,Fronsac,31
31200,31510,Frontignan-de-Comminges,31
31201,31230,Frontignan-Savès,31
31202,31620,Fronton,31
31203,31270,Frouzins,31
31204,31430,Fustignac,31
31205,31150,Gagnac-sur-Garonne,31
31206,31550,Gaillac-Toulza,31
31207,31510,Galié,31
31208,31160,Ganties,31
31209,31480,Garac,31
31210,31290,Gardouch,31
31211,31620,Gargas,31
31212,31380,Garidech,31
31213,31110,Garin,31
31215,31590,Gauré,31
31216,31380,Gémil,31
31217,31510,Génos,31
31218,31350,Gensac-de-Boulogne,31
31219,31310,Gensac-sur-Garonne,31
31220,31560,Gibel,31
31221,31110,Gouaux-de-Larboust,31
31222,31110,Gouaux-de-Luchon,31
31223,31230,Goudex,31
31224,31210,Gourdan-Polignan,31
31225,31310,Goutevernisse,31
31226,31310,Gouzens,31
31227,31120,Goyrans,31
31228,31380,Gragnague,31
31229,31430,Gratens,31
31230,31150,Gratentour,31
31231,31190,Grazac,31
31232,31330,Grenade,31
31233,31190,Grépiac,31
31234,31480,Le Grès,31
31235,31440,Guran,31
31236,31160,Herran,31
31237,31260,His,31
31238,31210,Huos,31
31239,31230,L'Isle-en-Dodon,31
31240,31450,Issus,31
31241,31160,Izaut-de-l'Hôtel,31
31242,31110,Jurvielle,31
31243,31540,Juzes,31
31244,31110,Juzet-de-Luchon,31
31245,31160,Juzet-d'Izaut,31
31246,31800,Labarthe-Inard,31
31247,31800,Labarthe-Rivière,31
31248,31860,Labarthe-sur-Lèze,31
31249,31450,Labastide-Beauvoir,31
31250,31370,Labastide-Clermont,31
31251,31230,Labastide-Paumès,31
31252,31620,Labastide-Saint-Sernin,31
31253,31600,Labastidette,31
31254,31670,Labège,31
31255,31510,Labroquère,31
31256,31190,Labruyère-Dorsa,31
31258,31390,Lacaugne,31
31259,31120,Lacroix-Falgarde,31
31260,31360,Laffite-Toupière,31
31261,31390,Lafitte-Vigordane,31
31263,31870,Lagardelle-sur-Lèze,31
31264,31190,Lagrâce-Dieu,31
31265,31480,Lagraulet-Saint-Nicolas,31
31266,31370,Lahage,31
31267,31310,Lahitère,31
31268,31800,Lalouret-Laffiteau,31
31269,31600,Lamasquère,31
31270,31800,Landorthe,31
31271,31570,Lanta,31
31272,31310,Lapeyrère,31
31273,31180,Lapeyrouse-Fossat,31
31274,31800,Larcan,31
31275,31480,Laréole,31
31276,31580,Larroque,31
31277,31530,Lasserre-Pradère,31
31278,31800,Latoue,31
31279,31310,Latour,31
31280,31310,Latrape,31
31281,31330,Launac,31
31282,31140,Launaguet,31
31283,31370,Lautignac,31
31284,31650,Lauzerville,31
31286,31220,Lavelanet-de-Comminges,31
31287,31410,Lavernose-Lacasse,31
31288,31340,Layrac-sur-Tarn,31
31289,31580,Lécussan,31
31290,31440,Lège,31
31291,31490,Léguevin,31
31292,31220,Lescuns,31
31293,31150,Lespinasse,31
31294,31160,Lespiteau,31
31295,31350,Lespugue,31
31296,31360,Lestelle-de-Saint-Martory,31
31297,31530,Lévignac,31
31298,31440,Lez,31
31299,31600,Lherm,31
31300,31800,Lieoux,31
31301,31230,Lilhac,31
31302,31800,Lodes,31
31303,31410,Longages,31
31304,31460,Loubens-Lauragais,31
31305,31580,Loudet,31
31306,31510,Lourde,31
31307,31350,Lunax,31
31308,31510,Luscan,31
31309,31430,Lussan-Adeilhac,31
31311,31340,La Magdelaine-sur-Tarn,31
31312,31310,Mailholas,31
31313,31510,Malvezie,31
31314,31360,Mancioux,31
31317,31430,Marignac-Lasclares,31
31318,31220,Marignac-Laspeyres,31
31319,31550,Marliac,31
31320,31390,Marquefave,31
31321,31260,Marsoulas,31
31322,31230,Martisserre,31
31323,31210,Martres-de-Rivière,31
31324,31220,Martres-Tolosane,31
31325,31460,Mascarville,31
31326,31310,Massabrac,31
31327,31220,Mauran,31
31328,31290,Mauremont,31
31330,31190,Mauressac,31
31331,31460,Maureville,31
31332,31190,Mauvaisin,31
31333,31230,Mauvezin,31
31334,31410,Mauzac,31
31335,31110,Mayrègne,31
31336,31260,Mazères-sur-Salat,31
31337,31440,Melles,31
31338,31530,Menville,31
31339,31530,Mérenvielle,31
31340,31320,Mervilla,31
31341,31330,Merville,31
31342,31160,Milhas,31
31344,31800,Miramont-de-Comminges,31
31345,31190,Miremont,31
31346,31340,Mirepoix-sur-Tarn,31
31347,31230,Molas,31
31348,31160,Moncaup,31
31349,31220,Mondavezan,31
31350,31350,Mondilhan,31
31351,31700,Mondonville,31
31352,31850,Mondouzil,31
31353,31370,Monès,31
31354,31560,Monestrol,31
31356,31530,Montaigut-sur-Save,31
31357,31160,Montastruc-de-Salies,31
31358,31380,Montastruc-la-Conseillère,31
31359,31370,Montastruc-Savès,31
31360,31110,Montauban-de-Luchon,31
31362,31220,Montberaud,31
31363,31230,Montbernard,31
31364,31140,Montberon,31
31365,31310,Montbrun-Bocage,31
31366,31450,Montbrun-Lauragais,31
31367,31220,Montclar-de-Comminges,31
31368,31290,Montclar-Lauragais,31
31369,31510,Mont-de-Galié,31
31370,31430,Montégut-Bourjac,31
31371,31540,Montégut-Lauragais,31
31372,31260,Montespan,31
31373,31230,Montesquieu-Guittaut,31
31374,31450,Montesquieu-Lauragais,31
31375,31310,Montesquieu-Volvestre,31
31376,31260,Montgaillard-de-Salies,31
31377,31290,Montgaillard-Lauragais,31
31378,31350,Montgaillard-sur-Save,31
31379,31410,Montgazin,31
31380,31560,Montgeard,31
31381,31450,Montgiscard,31
31382,31370,Montgras,31
31383,31380,Montjoire,31
31385,31350,Montmaurin,31
31386,31420,Montoulieu-Saint-Bernard,31
31387,31430,Montoussin,31
31388,31380,Montpitol,31
31389,31850,Montrabé,31
31390,31210,Montréjeau,31
31391,31260,Montsaunès,31
31392,31460,Mourvilles-Basses,31
31393,31540,Mourvilles-Hautes,31
31394,31110,Moustajon,31
31395,31600,Muret,31
31396,31560,Nailloux,31
31397,31350,Nénigan,31
31398,31350,Nizan-Gesse,31
31399,31410,Noé,31
31400,31540,Nogaret,31
31401,31450,Noueilles,31
31402,31450,Odars,31
31403,31330,Ondes,31
31404,31110,Oô,31
31405,31510,Ore,31
31406,31220,Palaminy,31
31408,31510,Payssous,31
31409,31320,Péchabou,31
31410,31140,Pechbonnieu,31
31411,31320,Pechbusque,31
31412,31350,Péguilhan,31
31413,31480,Pelleport,31
31414,31420,Peyrissas,31
31415,31420,Peyrouzet,31
31416,31390,Peyssies,31
31417,31820,Pibrac,31
31418,31130,Pin-Balma,31
31419,31370,Le Pin-Murelet,31
31420,31120,Pinsaguel,31
31421,31860,Pins-Justaret,31
31423,31370,Plagnole,31
31424,31830,Plaisance-du-Touch,31
31425,31220,Le Plan,31
31426,31210,Pointis-de-Rivière,31
31427,31800,Pointis-Inard,31
31428,31430,Polastron,31
31429,31450,Pompertuzat,31
31430,31210,Ponlat-Taillebourg,31
31431,31160,Portet-d'Aspet,31
31432,31110,Portet-de-Luchon,31
31433,31120,Portet-sur-Garonne,31
31434,31110,Poubeau,31
31435,31370,Poucharramet,31
31436,31430,Pouy-de-Touges,31
31437,31450,Pouze,31
31438,31530,Pradère-les-Bourguets,31
31439,31570,Préserville,31
31440,31360,Proupiary,31
31442,31190,Puydaniel,31
31443,31230,Puymaurin,31
31444,31480,Puysségur,31
31445,31130,Quint-Fonsegrives,31
31446,31520,Ramonville-Saint-Agne,31
31447,31160,Razecueillé,31
31448,31320,Rebigue,31
31449,31800,Régades,31
31451,31250,Revel,31
31452,31800,Rieucazé,31
31453,31290,Rieumajou,31
31454,31370,Rieumes,31
31455,31310,Rieux-Volvestre,31
31456,31230,Riolas,31
31457,31360,Roquefort-sur-Garonne,31
31458,31120,Roques,31
31459,31380,Roquesérière,31
31460,31120,Roquettes,31
31461,31160,Rouède,31
31462,31180,Rouffiac-Tolosan,31
31463,31540,Roumens,31
31464,31370,Sabonnères,31
31465,31110,Saccourvielle,31
31466,31470,Saiguède,31
31468,31420,Saint-André,31
31469,31430,Saint-Araille,31
31470,31110,Saint-Aventin,31
31471,31440,Saint-Béat,31
31472,31510,Saint-Bertrand-de-Comminges,31
31473,31330,Saint-Cézert,31
31474,31310,Saint-Christaud,31
31475,31600,Saint-Clar-de-Rivière,31
31476,31430,Saint-Élix-le-Château,31
31477,31420,Saint-Élix-Séglan,31
31478,31540,Saint-Félix-Lauragais,31
31479,31350,Saint-Ferréol-de-Comminges,31
31480,31570,Sainte-Foy-d'Aigrefeuille,31
31481,31470,Sainte-Foy-de-Peyrolières,31
31482,31230,Saint-Frajou,31
31483,31800,Saint-Gaudens,31
31484,31180,Saint-Geniès-Bellevue,31
31485,31290,Saint-Germier,31
31487,31800,Saint-Ignan,31
31488,31240,Saint-Jean,31
31489,31380,Saint-Jean-Lherm,31
31490,31790,Saint-Jory,31
31491,31540,Saint-Julia,31
31492,31220,Saint-Julien-sur-Garonne,31
31493,31350,Saint-Lary-Boujean,31
31496,31530,Sainte-Livrade,31
31497,31140,Saint-Loup-Cammas,31
31498,31350,Saint-Loup-en-Comminges,31
31499,31470,Saint-Lys,31
31500,31110,Saint-Mamet,31
31501,31590,Saint-Marcel-Paulel,31
31502,31800,Saint-Marcet,31
31503,31360,Saint-Martory,31
31506,31650,Saint-Orens-de-Gameville,31
31507,31530,Saint-Paul-sur-Save,31
31508,31110,Saint-Paul-d'Oueil,31
31509,31510,Saint-Pé-d'Ardet,31
31510,31350,Saint-Pé-Delbosc,31
31512,31570,Saint-Pierre-de-Lages,31
31513,31580,Saint-Plancard,31
31514,31290,Saint-Rome,31
31515,31620,Saint-Rustice,31
31517,31410,Saint-Sulpice-sur-Lèze,31
31519,31290,Saint-Vincent,31
31520,31370,Sajas,31
31521,31260,Saleich,31
31522,31230,Salerm,31
31523,31260,Salies-du-Salat,31
31524,31110,Salles-et-Pratviel,31
31525,31390,Salles-sur-Garonne,31
31526,31880,La Salvetat-Saint-Gilles,31
31527,31460,La Salvetat-Lauragais,31
31528,31350,Saman,31
31529,31420,Samouillan,31
31530,31220,Sana,31
31531,31350,Sarrecave,31
31532,31350,Sarremezan,31
31533,31600,Saubens,31
31534,31460,Saussens,31
31535,31510,Sauveterre-de-Comminges,31
31536,31800,Saux-et-Pomarède,31
31537,31800,Savarthès,31
31538,31370,Savères,31
31539,31580,Sédeilhac,31
31540,31460,Ségreville,31
31541,31840,Seilh,31
31542,31510,Seilhan,31
31543,31430,Sénarens,31
31544,31160,Sengouagnet,31
31545,31360,Sepx,31
31546,31560,Seyre,31
31547,31600,Seysses,31
31548,31440,Signac,31
31549,31110,Sode,31
31550,31160,Soueich,31
31551,31570,Tarabel,31
31552,31420,Terrebasse,31
31554,31260,Touille,31
31555,31000,Toulouse,31
31556,31210,Les Tourreilles,31
31557,31170,Tournefeuille,31
31558,31460,Toutens,31
31559,31110,Trébons-de-Luchon,31
31560,31290,Trébons-sur-la-Grasse,31
31561,31240,L'Union,31
31562,31260,Urau,31
31563,31340,Vacquiers,31
31564,31510,Valcabrère,31
31565,31800,Valentine,31
31566,31290,Vallègue,31
31567,31570,Vallesvilles,31
31569,31250,Vaudreuille,31
31571,31460,Vendine,31
31572,31810,Venerque,31
31573,31590,Verfeil,31
31574,31810,Vernet,31
31575,31320,Vieille-Toulouse,31
31576,31290,Vieillevigne,31
31577,31480,Vignaux,31
31578,31320,Vigoulet-Auzil,31
31579,31380,Villariès,31
31580,31860,Villate,31
31581,31620,Villaudric,31
31582,31290,Villefranche-de-Lauragais,31
31583,31340,Villematier,31
31584,31340,Villemur-sur-Tarn,31
31585,31800,Villeneuve-de-Rivière,31
31586,31580,Villeneuve-Lécussan,31
31587,31620,Villeneuve-lès-Bouloc,31
31588,31270,Villeneuve-Tolosane,31
31589,31290,Villenouvelle,31
31590,31440,Binos,31
31591,31260,Escoulis,31
31592,31330,Larra,31
31593,31230,Cazac,31
32001,32290,Aignan,32
32002,32270,Ansan,32
32004,32720,Arblade-le-Bas,32
32005,32110,Arblade-le-Haut,32
32007,32430,Ardizas,32
32008,32230,Armentieux,32
32009,32230,Armous-et-Cau,32
32010,32140,Arrouède,32
32012,32270,Aubiet,32
32013,32000,Auch,32
32014,32120,Augnax,32
32015,32300,Aujan-Mournède,32
32016,32600,Auradé,32
32017,32400,Aurensan,32
32018,32450,Aurimont,32
32020,32170,Aux-Aussat,32
32021,32120,Avensac,32
32022,32290,Avéron-Bergelle,32
32023,32380,Avezan,32
32024,32410,Ayguetinte,32
32025,32800,Ayzieu,32
32026,32120,Bajonnette,32
32027,32720,Barcelonne-du-Gers,32
32028,32170,Barcugnan,32
32029,32350,Barran,32
32031,32190,Bascous,32
32032,32320,Bassoues,32
32033,32320,Bazian,32
32034,32170,Bazugues,32
32036,32160,Beaumarchés,32
32039,32730,Beccas,32
32040,32450,Bédéchan,32
32042,32300,Belloc-Saint-Clamens,32
32044,32100,Béraut,32
32045,32300,Berdoues,32
32046,32400,Bernède,32
32047,32480,Berrac,32
32048,32420,Betcave-Aguin,32
32049,32110,Bétous,32
32050,32730,Betplan,32
32051,32130,Bézéril,32
32052,32310,Bezolles,32
32053,32140,Bézues-Bajon,32
32054,32350,Biran,32
32055,32380,Bivès,32
32056,32270,Blanquefort,32
32057,32100,Blaziert,32
32058,32230,Blousson-Sérian,32
32059,32410,Bonas,32
32060,32550,Boucagnères,32
32061,32450,Boulaur,32
32062,32370,Bourrouillan,32
32063,32290,Bouzon-Gellenave,32
32064,32800,Bretagne-d'Armagnac,32
32065,32350,Le Brouilh-Monbert,32
32066,32500,Brugnens,32
32067,32140,Cabas-Loumassès,32
32068,32380,Cadeilhan,32
32069,32220,Cadeillan,32
32070,32400,Cahuzac-sur-Adour,32
32071,32190,Caillavet,32
32072,32190,Callian,32
32073,32800,Campagne-d'Armagnac,32
32074,32400,Cannet,32
32075,32100,Cassaigne,32
32076,32450,Castelnau-Barbarens,32
32077,32320,Castelnau-d'Anglès,32
32078,32500,Castelnau-d'Arbieu,32
32079,32250,Castelnau d'Auzan Labarrère,32
32080,32100,Castelnau-sur-l'Auvignon,32
32081,32290,Castelnavet,32
32082,32700,Castéra-Lectourois,32
32083,32410,Castéra-Verduzan,32
32084,32380,Castéron,32
32085,32340,Castet-Arrouy,32
32087,32240,Castex-d'Armagnac,32
32088,32190,Castillon-Debats,32
32089,32360,Castillon-Massas,32
32090,32490,Castillon-Savès,32
32091,32810,Castin,32
32092,32200,Catonvielle,32
32094,32110,Caupenne-d'Armagnac,32
32095,32100,Caussens,32
32096,32150,Cazaubon,32
32097,32190,Cazaux-d'Anglès,32
32098,32130,Cazaux-Savès,32
32099,32230,Cazaux-Villecomtal,32
32100,32800,Cazeneuve,32
32101,32500,Céran,32
32102,32410,Cézan,32
32103,32140,Chélan,32
32104,32300,Clermont-Pouyguillès,32
32105,32600,Clermont-Savès,32
32106,32430,Cologne,32
32107,32100,Condom,32
32108,32400,Corneillan,32
32109,32160,Couloumé-Mondebat,32
32110,32330,Courrensan,32
32111,32230,Courties,32
32112,32270,Crastes,32
32113,32110,Cravencères,32
32114,32300,Cuélas,32
32115,32190,Dému,32
32116,32170,Duffort,32
32117,32810,Duran,32
32118,32260,Durban,32
32119,32800,Eauze,32
32120,32430,Encausse,32
32121,32600,Endoufielle,32
32122,32140,Esclassan-Labastide,32
32123,32200,Escornebœuf,32
32124,32220,Espaon,32
32125,32370,Espas,32
32126,32170,Estampes,32
32127,32240,Estang,32
32128,32300,Estipouy,32
32129,32380,Estramiac,32
32130,32450,Faget-Abbatial,32
32131,32340,Flamarens,32
32132,32500,Fleurance,32
32133,32250,Fourcès,32
32134,32490,Frégouville,32
32135,32400,Fustérouau,32
32136,32160,Galiax,32
32138,32220,Garravet,32
32139,32380,Gaudonville,32
32141,32420,Gaujan,32
32142,32390,Gavarret-sur-Aulouste,32
32143,32480,Gazaupouy,32
32144,32230,Gazax-et-Baccarisse,32
32145,32720,Gée-Rivière,32
32146,32340,Gimbrède,32
32147,32200,Gimont,32
32148,32200,Giscaro,32
32149,32330,Gondrin,32
32150,32500,Goutz,32
32151,32400,Goux,32
32152,32730,Haget,32
32153,32550,Haulies,32
32155,32460,Le Houga,32
32156,32300,Idrac-Respaillès,32
32157,32270,L'Isle-Arné,32
32158,32380,L'Isle-Bouzon,32
32159,32300,L'Isle-de-Noé,32
32160,32600,L'Isle-Jourdain,32
32161,32400,Izotges,32
32162,32360,Jegun,32
32163,32160,Jû-Belloc,32
32165,32200,Juilles,32
32166,32190,Justian,32
32167,32170,Laas,32
32169,32260,Labarthe,32
32170,32400,Labarthète,32
32171,32130,Labastide-Savès,32
32172,32300,Labéjan,32
32173,32120,Labrihe,32
32174,32230,Ladevèze-Rivière,32
32175,32230,Ladevèze-Ville,32
32177,32300,Lagarde-Hachan,32
32178,32310,Lagardère,32
32180,32330,Lagraulet-du-Gers,32
32181,32170,Laguian-Mazous,32
32182,32130,Lahas,32
32183,32810,Lahitte,32
32184,32500,Lalanne,32
32185,32140,Lalanne-Arqué,32
32186,32260,Lamaguère,32
32187,32300,Lamazère,32
32188,32500,Lamothe-Goas,32
32189,32240,Lannemaignan,32
32190,32190,Lannepax,32
32191,32110,Lanne-Soubiran,32
32192,32400,Lannux,32
32193,32150,Larée,32
32194,32100,Larressingle,32
32195,32480,Larroque-Engalin,32
32196,32410,Larroque-Saint-Sernin,32
32197,32100,Larroque-sur-l'Osse,32
32198,32450,Lartigue,32
32199,32160,Lasserade,32
32200,32550,Lasséran,32
32201,32550,Lasseube-Propre,32
32202,32110,Laujuzan,32
32203,32330,Lauraët,32
32204,32360,Lavardens,32
32205,32230,Laveraët,32
32206,32220,Laymont,32
32207,32810,Leboulin,32
32208,32700,Lectoure,32
32209,32400,Lelin-Lapujolle,32
32210,32600,Lias,32
32211,32240,Lias-d'Armagnac,32
32212,32480,Ligardes,32
32213,32220,Lombez,32
32214,32110,Loubédat,32
32215,32300,Loubersan,32
32216,32140,Lourties-Monbrun,32
32217,32230,Louslitges,32
32218,32290,Loussous-Débat,32
32219,32290,Lupiac,32
32220,32110,Luppé-Violles,32
32222,32110,Magnan,32
32223,32380,Magnas,32
32224,32310,Maignaut-Tauzia,32
32225,32730,Malabat,32
32226,32170,Manas-Bastanous,32
32227,32370,Manciet,32
32228,32140,Manent-Montané,32
32229,32120,Mansempuy,32
32230,32310,Mansencôme,32
32231,32190,Marambat,32
32232,32120,Maravat,32
32233,32230,Marciac,32
32234,32490,Marestaing,32
32235,32290,Margouët-Meymes,32
32236,32150,Marguestau,32
32237,32270,Marsan,32
32238,32170,Marseillan,32
32239,32700,Marsolan,32
32240,32230,Mascaras,32
32241,32700,Mas-d'Auvignon,32
32242,32140,Masseube,32
32243,32240,Mauléon-d'Armagnac,32
32244,32400,Maulichères,32
32245,32400,Maumusson-Laguian,32
32248,32380,Mauroux,32
32250,32420,Meilhan,32
32251,32360,Mérens,32
32252,32170,Miélan,32
32253,32340,Miradoux,32
32254,32300,Miramont-d'Astarac,32
32255,32390,Miramont-Latour,32
32256,32300,Mirande,32
32257,32350,Mirannes,32
32260,32420,Monbardon,32
32261,32130,Monblanc,32
32262,32600,Monbrun,32
32263,32300,Moncassin,32
32264,32150,Monclar,32
32265,32300,Monclar-sur-Losse,32
32266,32260,Moncorneil-Grazan,32
32267,32260,Monferran-Plavès,32
32268,32490,Monferran-Savès,32
32269,32120,Monfort,32
32270,32220,Mongausy,32
32271,32240,Monguilhem,32
32272,32140,Monlaur-Bernet,32
32273,32230,Monlezun,32
32274,32240,Monlezun-d'Armagnac,32
32275,32170,Monpardiac,32
32276,32220,Montadet,32
32277,32220,Montamat,32
32279,32810,Montaut-les-Créneaux,32
32280,32140,Mont-d'Astarac,32
32281,32170,Mont-de-Marrast,32
32282,32550,Montégut,32
32283,32730,Montégut-Arros,32
32284,32220,Montégut-Savès,32
32285,32320,Montesquiou,32
32286,32390,Montestruc-sur-Gers,32
32287,32420,Monties,32
32288,32200,Montiron,32
32289,32220,Montpézat,32
32291,32240,Mormès,32
32292,32330,Mouchan,32
32293,32300,Mouchès,32
32294,32190,Mourède,32
32295,32130,Nizas,32
32296,32110,Nogaro,32
32297,32130,Noilhan,32
32298,32270,Nougaroulet,32
32299,32800,Noulens,32
32300,32260,Orbessan,32
32301,32350,Ordan-Larroque,32
32302,32260,Ornézan,32
32303,32230,Pallanne,32
32304,32140,Panassac,32
32305,32110,Panjas,32
32306,32500,Pauilhac,32
32307,32550,Pavie,32
32308,32130,Pébées,32
32309,32420,Pellefigue,32
32310,32460,Perchède,32
32311,32700,Pergain-Taillac,32
32312,32550,Pessan,32
32313,32380,Pessoulens,32
32314,32340,Peyrecave,32
32315,32320,Peyrusse-Grande,32
32316,32360,Peyrusse-Massas,32
32317,32230,Peyrusse-Vieille,32
32318,32500,Pis,32
32320,32340,Plieux,32
32322,32130,Pompiac,32
32323,32300,Ponsampère,32
32324,32300,Ponsan-Soubiran,32
32325,32290,Pouydraguin,32
32326,32320,Pouylebon,32
32327,32260,Pouy-Loubrin,32
32328,32480,Pouy-Roquelaure,32
32329,32390,Préchac,32
32330,32160,Préchac-sur-Adour,32
32331,32810,Preignan,32
32332,32190,Préneron,32
32333,32400,Projan,32
32334,32600,Pujaudran,32
32335,32120,Puycasquier,32
32336,32220,Puylausic,32
32337,32390,Puységur,32
32338,32800,Ramouzens,32
32339,32600,Razengues,32
32340,32800,Réans,32
32341,32390,Réjaumont,32
32342,32230,Ricourt,32
32343,32320,Riguepeu,32
32344,32400,Riscle,32
32345,32480,La Romieu,32
32346,32190,Roquebrune,32
32347,32390,Roquefort,32
32348,32810,Roquelaure,32
32349,32430,Roquelaure-Saint-Aubin,32
32350,32100,Roquepine,32
32352,32190,Rozès,32
32353,32420,Sabaillan,32
32354,32290,Sabazan,32
32355,32170,Sadeillan,32
32360,32350,Saint-Arailles,32
32361,32300,Saint-Arroman,32
32362,32160,Saint-Aunix-Lengros,32
32363,32300,Sainte-Aurence-Cazaux,32
32364,32700,Saint-Avit-Frandat,32
32365,32140,Saint-Blancard,32
32368,32390,Sainte-Christie,32
32369,32370,Sainte-Christie-d'Armagnac,32
32370,32380,Saint-Clar,32
32371,32380,Saint-Créac,32
32372,32430,Saint-Cricq,32
32373,32170,Sainte-Dode,32
32374,32450,Saint-Élix-d'Astarac,32
32375,32300,Saint-Élix-Theux,32
32378,32400,Saint-Germé,32
32380,32110,Saint-Griède,32
32381,32550,Saint-Jean-le-Comtal,32
32382,32190,Saint-Jean-Poutge,32
32383,32230,Saint-Justin,32
32385,32380,Saint-Léonard,32
32386,32220,Saint-Lizier-du-Planté,32
32387,32220,Saint-Loube,32
32389,32300,Saint-Martin,32
32390,32110,Saint-Martin-d'Armagnac,32
32391,32480,Saint-Martin-de-Goyne,32
32392,32450,Saint-Martin-Gimois,32
32395,32700,Sainte-Mère,32
32396,32700,Saint-Mézard,32
32398,32400,Saint-Mont,32
32399,32120,Saint-Orens,32
32400,32100,Saint-Orens-Pouy-Petit,32
32401,32300,Saint-Ost,32
32402,32190,Saint-Paul-de-Baïse,32
32403,32290,Saint-Pierre-d'Aubézies,32
32404,32310,Saint-Puy,32
32406,32270,Saint-Sauvy,32
32407,32220,Saint-Soulan,32
32408,32370,Salles-d'Armagnac,32
32409,32140,Samaran,32
32410,32130,Samatan,32
32411,32260,Sansan,32
32412,32450,Saramon,32
32413,32420,Sarcos,32
32414,32400,Sarragachies,32
32415,32170,Sarraguzan,32
32416,32120,Sarrant,32
32417,32500,La Sauvetat,32
32419,32300,Sauviac,32
32420,32220,Sauvimont,32
32421,32130,Savignac-Mona,32
32422,32230,Scieurac-et-Flourès,32
32423,32190,Séailles,32
32424,32400,Ségos,32
32425,32600,Ségoufielle,32
32426,32260,Seissan,32
32427,32230,Sembouès,32
32428,32450,Sémézies-Cachan,32
32429,32700,Sempesserre,32
32430,32140,Sère,32
32431,32120,Sérempuy,32
32432,32130,Seysses-Savès,32
32433,32420,Simorre,32
32434,32110,Sion,32
32435,32430,Sirac,32
32436,32120,Solomiac,32
32437,32110,Sorbets,32
32438,32260,Tachoires,32
32439,32400,Tarsac,32
32440,32160,Tasque,32
32441,32120,Taybosc,32
32442,32700,Terraube,32
32443,32400,Termes-d'Armagnac,32
32444,32430,Thoux,32
32445,32160,Tieste-Uragnoux,32
32446,32170,Tillac,32
32447,32450,Tirent-Pontéjac,32
32448,32430,Touget,32
32449,32240,Toujouse,32
32450,32230,Tourdun,32
32451,32420,Tournan,32
32452,32380,Tournecoupe,32
32453,32390,Tourrenquets,32
32454,32450,Traversères,32
32455,32230,Troncens,32
32456,32190,Tudelle,32
32457,32500,Urdens,32
32458,32110,Urgosse,32
32459,32310,Valence-sur-Baïse,32
32460,32720,Vergoignan,32
32461,32400,Verlus,32
32462,32190,Vic-Fezensac,32
32463,32400,Viella,32
32464,32730,Villecomtal-sur-Arros,32
32465,32420,Villefranche,32
32466,32300,Viozan,32
32468,32140,Aussos,32
33002,33124,Aillas,33
33003,33440,Ambarès-et-Lagrave,33
33004,33810,Ambès,33
33005,33510,Andernos-les-Bains,33
33006,33390,Anglade,33
33007,33640,Arbanats,33
33008,33760,Arbis,33
33009,33120,Arcachon,33
33010,33460,Arcins,33
33011,33740,Arès,33
33012,33460,Arsac,33
33013,33370,Artigues-près-Bordeaux,33
33014,33570,Les Artigues-de-Lussac,33
33015,33500,Arveyres,33
33016,33240,Asques,33
33017,33430,Aubiac,33
33018,33240,Val de Virvée,33
33019,33980,Audenge,33
33020,33790,Auriolles,33
33021,33124,Auros,33
33022,33480,Avensan,33
33023,33640,Ayguemorte-les-Graves,33
33024,33190,Bagas,33
33026,33730,Balizac,33
33027,33190,Barie,33
33029,33114,Le Barp,33
33031,33190,Bassanne,33
33032,33530,Bassens,33
33033,33880,Baurech,33
33034,33230,Bayas,33
33035,33710,Bayon-sur-Gironde,33
33036,33430,Bazas,33
33037,33640,Beautiran,33
33038,33340,Bégadan,33
33039,33130,Bègles,33
33040,33410,Béguey,33
33042,33830,Belin-Béliet,33
33043,33760,Bellebat,33
33045,33350,Belvès-de-Castillon,33
33046,33430,Bernos-Beaulac,33
33047,33390,Berson,33
33048,33124,Berthez,33
33049,33750,Beychac-et-Caillau,33
33050,33210,Bieujac,33
33051,33380,Biganos,33
33052,33500,Les Billaux,33
33054,33190,Blaignac,33
33055,33340,Blaignan,33
33057,33540,Blasimon,33
33058,33390,Blaye,33
33059,33670,Blésignac,33
33060,33210,Bommes,33
33061,33370,Bonnetan,33
33062,33910,Bonzac,33
33063,33000,Bordeaux,33
33064,33350,Bossugan,33
33065,33270,Bouliac,33
33066,33190,Bourdelles,33
33067,33710,Bourg,33
33068,33113,Bourideys,33
33069,33110,Le Bouscat,33
33070,33480,Brach,33
33072,33124,Brannens,33
33073,33820,Braud-et-Saint-Louis,33
33074,33124,Brouqueyran,33
33075,33520,Bruges,33
33076,33720,Budos,33
33077,33650,Cabanac-et-Villagrains,33
33078,33420,Cabara,33
33079,33750,Cadarsac,33
33080,33140,Cadaujac,33
33081,33410,Cadillac,33
33082,33240,Cadillac-en-Fronsadais,33
33083,33750,Camarsac,33
33084,33880,Cambes,33
33085,33360,Camblanes-et-Meynac,33
33086,33420,Camiac-et-Saint-Denis,33
33087,33190,Camiran,33
33088,33660,Camps-sur-l'Isle,33
33089,33390,Campugnan,33
33090,33610,Canéjan,33
33091,33460,Cantenac,33
33092,33760,Cantois,33
33093,33550,Capian,33
33094,33220,Caplong,33
33095,33840,Captieux,33
33096,33560,Carbon-Blanc,33
33097,33121,Carcans,33
33098,33410,Cardan,33
33099,33360,Carignan-de-Bordeaux,33
33100,33390,Cars,33
33101,33390,Cartelègue,33
33102,33190,Casseuil,33
33103,33540,Castelmoron-d'Albret,33
33104,33480,Castelnau-de-Médoc,33
33105,33540,Castelviel,33
33106,33210,Castets et Castillon,33
33107,33210,Castillon-de-Castets,33
33108,33350,Castillon-la-Bataille,33
33109,33640,Castres-Gironde,33
33111,33490,Caudrot,33
33113,33690,Cauvignac,33
33114,33620,Cavignac,33
33115,33113,Cazalis,33
33116,33430,Cazats,33
33117,33790,Cazaugitat,33
33118,33360,Cénac,33
33119,33150,Cenon,33
33120,33720,Cérons,33
33121,33760,Cessac,33
33122,33610,Cestas,33
33123,33620,Cézac,33
33124,33230,Chamadelle,33
33125,33250,Cissac-Médoc,33
33126,33920,Civrac-de-Blaye,33
33127,33350,Civrac-sur-Dordogne,33
33128,33340,Civrac-en-Médoc,33
33129,33540,Cleyrac,33
33130,33210,Coimères,33
33131,33540,Coirac,33
33133,33890,Coubeyrac,33
33134,33340,Couquèques,33
33135,33760,Courpiac,33
33136,33580,Cours-de-Monségur,33
33137,33690,Cours-les-Bains,33
33138,33230,Coutras,33
33140,33670,Créon,33
33141,33750,Croignon,33
33142,33620,Cubnezais,33
33143,33240,Cubzac-les-Ponts,33
33144,33430,Cudos,33
33145,33670,Cursan,33
33146,33460,Cussac-Fort-Médoc,33
33147,33420,Daignac,33
33148,33420,Dardenac,33
33149,33540,Daubèze,33
33150,33580,Dieulivol,33
33151,33860,Donnezac,33
33152,33410,Donzac,33
33153,33350,Doulezon,33
33154,33230,Les Églisottes-et-Chalaures,33
33155,33840,Escaudes,33
33156,33760,Escoussans,33
33157,33420,Espiet,33
33158,33190,Les Esseintes,33
33159,33820,Étauliers,33
33160,33220,Eynesse,33
33161,33390,Eyrans,33
33162,33320,Eysines,33
33163,33760,Faleyras,33
33164,33210,Fargues,33
33165,33370,Fargues-Saint-Hilaire,33
33166,33230,Le Fieu,33
33168,33350,Flaujagues,33
33169,33190,Floudès,33
33170,33190,Fontet,33
33171,33190,Fossès-et-Baleyssac,33
33172,33390,Fours,33
33173,33570,Francs,33
33175,33760,Frontenac,33
33176,33410,Gabarnac,33
33177,33340,Gaillan-en-Médoc,33
33178,33430,Gajac,33
33179,33133,Galgon,33
33180,33430,Gans,33
33181,33350,Gardegan-et-Tourtirac,33
33182,33710,Gauriac,33
33183,33240,Gauriaguet,33
33185,33420,Génissac,33
33186,33890,Gensac,33
33187,33190,Gironde-sur-Dropt,33
33188,33840,Giscos,33
33189,33540,Gornac,33
33190,33840,Goualade,33
33191,33660,Gours,33
33192,33170,Gradignan,33
33193,33590,Grayan-et-l'Hôpital,33
33194,33420,Grézillac,33
33196,33420,Guillac,33
33197,33720,Guillos,33
33198,33230,Guîtres,33
33199,33470,Gujan-Mestras,33
33200,33185,Le Haillan,33
33201,33550,Haux,33
33202,33125,Hostens,33
33203,33990,Hourtin,33
33204,33190,Hure,33
33205,33720,Illats,33
33206,33640,Isle-Saint-Georges,33
33207,33450,Izon,33
33208,33590,Jau-Dignac-et-Loirac,33
33209,33420,Jugazan,33
33211,33460,Labarde,33
33212,33690,Labescau,33
33213,33650,La Brède,33
33214,33680,Lacanau,33
33215,33760,Ladaux,33
33216,33124,Lados,33
33219,33240,La Lande-de-Fronsac,33
33220,33460,Lamarque,33
33221,33190,Lamothe-Landerron,33
33222,33500,Lalande-de-Pomerol,33
33223,33790,Landerrouat,33
33224,33540,Landerrouet-sur-Ségur,33
33225,33720,Landiras,33
33226,33550,Langoiran,33
33227,33210,Langon,33
33228,33710,Lansac,33
33229,33138,Lanton,33
33230,33620,Lapouyade,33
33231,33410,Laroque,33
33233,33620,Laruscade,33
33234,33360,Latresne,33
33235,33690,Lavazan,33
33236,33950,Lège-Cap-Ferret,33
33237,33210,Léogeats,33
33238,33850,Léognan,33
33239,33840,Lerm-et-Musset,33
33240,33340,Lesparre-Médoc,33
33241,33550,Lestiac-sur-Garonne,33
33242,33220,Les Lèves-et-Thoumeyragues,33
33243,33500,Libourne,33
33244,33430,Lignan-de-Bazas,33
33245,33360,Lignan-de-Bordeaux,33
33246,33220,Ligueux,33
33247,33790,Listrac-de-Durèze,33
33248,33480,Listrac-Médoc,33
33249,33310,Lormont,33
33251,33125,Louchats,33
33252,33370,Loupes,33
33253,33410,Loupiac,33
33254,33190,Loupiac-de-la-Réole,33
33255,33840,Lucmau,33
33256,33290,Ludon-Médoc,33
33257,33420,Lugaignac,33
33258,33760,Lugasson,33
33259,33240,Lugon-et-l'Île-du-Carnay,33
33260,33830,Lugos,33
33262,33460,Macau,33
33263,33670,Madirac,33
33264,33230,Maransin,33
33266,33620,Marcenais,33
33267,33860,Marcillac,33
33268,33460,Margaux-Cantenac,33
33269,33220,Margueron,33
33270,33430,Marimbault,33
33271,33690,Marions,33
33272,33620,Marsas,33
33273,33127,Martignas-sur-Jalle,33
33274,33650,Martillac,33
33275,33760,Martres,33
33276,33690,Masseilles,33
33277,33790,Massugas,33
33280,33390,Mazion,33
33282,33350,Mérignas,33
33283,33540,Mesterrieux,33
33284,33380,Mios,33
33285,33710,Mombrier,33
33287,33190,Mongauzy,33
33288,33410,Monprimblanc,33
33289,33580,Monségur,33
33290,33570,Montagne,33
33291,33190,Montagoudin,33
33293,33450,Montussan,33
33294,33190,Morizès,33
33295,33240,Mouillac,33
33296,33350,Mouliets-et-Villemartin,33
33297,33480,Moulis-en-Médoc,33
33298,33420,Moulon,33
33299,33410,Mourens,33
33300,33990,Naujac-sur-Mer,33
33301,33420,Naujan-et-Postiac,33
33302,33500,Néac,33
33303,33750,Nérigean,33
33304,33580,Neuffons,33
33305,33430,Le Nizan,33
33306,33190,Noaillac,33
33307,33730,Noaillan,33
33308,33410,Omet,33
33309,33340,Ordonnac,33
33310,33113,Origne,33
33311,33550,Paillet,33
33312,33290,Parempuyre,33
33314,33250,Pauillac,33
33315,33230,Les Peintures,33
33316,33790,Pellegrue,33
33317,33240,Périssac,33
33318,33600,Pessac,33
33319,33890,Pessac-sur-Dordogne,33
33320,33570,Petit-Palais-et-Cornemps,33
33321,33240,Peujard,33
33322,33290,Le Pian-Médoc,33
33323,33490,Le Pian-sur-Garonne,33
33324,33220,Pineuilh,33
33327,33720,Podensac,33
33328,33500,Pomerol,33
33329,33730,Pompéjac,33
33330,33370,Pompignac,33
33331,33190,Pondaurat,33
33332,33660,Porchères,33
33333,33680,Le Porge,33
33334,33640,Portets,33
33335,33670,Le Pout,33
33337,33210,Preignac,33
33338,33340,Prignac-en-Médoc,33
33339,33710,Prignac-et-Marcamps,33
33341,33710,Pugnac,33
33342,33570,Puisseguin,33
33343,33210,Pujols-sur-Ciron,33
33344,33350,Pujols,33
33346,33190,Puybarban,33
33347,33660,Puynormand,33
33348,33340,Queyrac,33
33350,33420,Rauzan,33
33352,33190,La Réole,33
33353,33580,Rimons,33
33354,33220,Riocaud,33
33355,33410,Rions,33
33356,33126,La Rivière,33
33357,33210,Roaillan,33
33358,33760,Romagne,33
33360,33220,La Roquille,33
33361,33350,Ruch,33
33362,33910,Sablons,33
33363,33670,Sadirac,33
33366,33240,Saint-André-de-Cubzac,33
33367,33490,Saint-André-du-Bois,33
33369,33220,Saint-André-et-Appelles,33
33370,33390,Saint-Androny,33
33372,33790,Saint-Antoine-du-Queyret,33
33373,33660,Saint-Antoine-sur-l'Isle,33
33374,33820,Saint-Aubin-de-Blaye,33
33375,33420,Saint-Aubin-de-Branne,33
33376,33160,Saint-Aubin-de-Médoc,33
33377,33220,Saint-Avit-de-Soulège,33
33378,33220,Saint-Avit-Saint-Nazaire,33
33380,33820,Saint-Caprais-de-Blaye,33
33381,33880,Saint-Caprais-de-Bordeaux,33
33382,33920,Saint-Christoly-de-Blaye,33
33383,33340,Saint-Christoly-Médoc,33
33384,33330,Saint-Christophe-des-Bardes,33
33385,33230,Saint-Christophe-de-Double,33
33386,33570,Saint-Cibard,33
33387,33910,Saint-Ciers-d'Abzac,33
33388,33710,Saint-Ciers-de-Canesse,33
33389,33820,Saint-Ciers-sur-Gironde,33
33391,33430,Saint-Côme,33
33392,33410,Sainte-Croix-du-Mont,33
33393,33910,Saint-Denis-de-Pile,33
33394,33330,Saint-Émilion,33
33396,33330,Saint-Étienne-de-Lisse,33
33398,33190,Saint-Exupéry,33
33399,33540,Saint-Félix-de-Foncaude,33
33400,33580,Saint-Ferme,33
33401,33350,Sainte-Florence,33
33402,33220,Sainte-Foy-la-Grande,33
33403,33490,Sainte-Foy-la-Longue,33
33405,33390,Saint-Genès-de-Blaye,33
33406,33350,Saint-Genès-de-Castillon,33
33407,33240,Saint-Genès-de-Fronsac,33
33408,33670,Saint-Genès-de-Lombaud,33
33409,33760,Saint-Genis-du-Bois,33
33411,33490,Saint-Germain-de-Grave,33
33412,33340,Saint-Germain-d'Esteuil,33
33413,33750,Saint-Germain-du-Puch,33
33414,33240,Saint-Germain-de-la-Rivière,33
33416,33920,Saint-Girons-d'Aiguevives,33
33417,33480,Sainte-Hélène,33
33418,33190,Saint-Hilaire-de-la-Noaille,33
33421,33420,Saint-Jean-de-Blaignac,33
33422,33127,Saint-Jean-d'Illac,33
33423,33250,Saint-Julien-Beychevelle,33
33424,33112,Saint-Laurent-Médoc,33
33425,33240,Saint-Laurent-d'Arce,33
33427,33540,Saint-Laurent-du-Bois,33
33428,33190,Saint-Laurent-du-Plan,33
33429,33113,Saint-Léger-de-Balson,33
33432,33210,Saint-Loubert,33
33433,33450,Saint-Loubès,33
33434,33440,Saint-Louis-de-Montferrand,33
33435,33490,Saint-Macaire,33
33436,33125,Saint-Magne,33
33437,33350,Saint-Magne-de-Castillon,33
33439,33620,Saint-Mariens,33
33441,33390,Saint-Martin-Lacaussade,33
33442,33910,Saint-Martin-de-Laye,33
33443,33540,Saint-Martin-de-Lerm,33
33444,33490,Saint-Martin-de-Sescas,33
33445,33910,Saint-Martin-du-Bois,33
33446,33540,Saint-Martin-du-Puy,33
33447,33230,Saint-Médard-de-Guizières,33
33448,33650,Saint-Médard-d'Eyrans,33
33449,33160,Saint-Médard-en-Jalles,33
33450,33840,Saint-Michel-de-Castelnau,33
33451,33126,Saint-Michel-de-Fronsac,33
33452,33720,Saint-Michel-de-Rieufret,33
33453,33190,Saint-Michel-de-Lapujade,33
33454,33650,Saint-Morillon,33
33457,33210,Saint-Pardon-de-Conques,33
33459,33330,Saint-Pey-d'Armens,33
33460,33350,Saint-Pey-de-Castets,33
33461,33350,Saint-Philippe-d'Aiguille,33
33462,33220,Saint-Philippe-du-Seignal,33
33463,33490,Saint-Pierre-d'Aurillac,33
33464,33760,Saint-Pierre-de-Bat,33
33465,33210,Saint-Pierre-de-Mons,33
33466,33750,Saint-Quentin-de-Baron,33
33467,33220,Saint-Quentin-de-Caplong,33
33470,33240,Saint-Romain-la-Virvée,33
33472,33660,Saint-Sauveur-de-Puynormand,33
33473,33920,Saint-Savin,33
33474,33650,Saint-Selve,33
33475,33710,Saint-Seurin-de-Bourg,33
33476,33180,Saint-Seurin-de-Cadourne,33
33477,33390,Saint-Seurin-de-Cursac,33
33478,33660,Saint-Seurin-sur-l'Isle,33
33479,33190,Saint-Sève,33
33480,33330,Saint-Sulpice-de-Faleyrens,33
33481,33580,Saint-Sulpice-de-Guilleragues,33
33482,33540,Saint-Sulpice-de-Pommiers,33
33483,33450,Saint-Sulpice-et-Cameyrac,33
33485,33350,Sainte-Terre,33
33486,33710,Saint-Trojan,33
33487,33440,Saint-Vincent-de-Paul,33
33488,33420,Saint-Vincent-de-Pertignas,33
33489,33920,Saint-Vivien-de-Blaye,33
33490,33590,Saint-Vivien-de-Médoc,33
33491,33580,Saint-Vivien-de-Monségur,33
33492,33920,Saint-Yzan-de-Soudiac,33
33493,33340,Saint-Yzans-de-Médoc,33
33494,33160,Salaunes,33
33496,33370,Sallebœuf,33
33498,33770,Salles,33
33499,33350,Les Salles-de-Castillon,33
33500,33710,Samonac,33
33501,33650,Saucats,33
33502,33920,Saugon,33
33503,33680,Saumos,33
33504,33210,Sauternes,33
33505,33670,La Sauve,33
33506,33540,Sauveterre-de-Guyenne,33
33509,33910,Savignac-de-l'Isle,33
33510,33490,Semens,33
33511,33690,Sendets,33
33512,33690,Sigalens,33
33513,33690,Sillas,33
33514,33780,Soulac-sur-Mer,33
33515,33760,Soulignac,33
33516,33790,Soussac,33
33517,33460,Soussans,33
33518,33550,Tabanac,33
33519,33320,Le Taillan-Médoc,33
33520,33580,Taillecavat,33
33521,33590,Talais,33
33522,33400,Talence,33
33523,33760,Targon,33
33524,33240,Tarnès,33
33525,33710,Tauriac,33
33526,33570,Tayac,33
33527,33470,Le Teich,33
33528,33680,Le Temple,33
33529,33115,La Teste-de-Buch,33
33530,33710,Teuillac,33
33531,33420,Tizac-de-Curton,33
33532,33620,Tizac-de-Lapouyade,33
33533,33210,Toulenne,33
33534,33550,Le Tourne,33
33535,33370,Tresses,33
33536,33125,Le Tuzan,33
33537,33730,Uzeste,33
33538,33340,Valeyrac,33
33539,33870,Vayres,33
33540,33930,Vendays-Montalivet,33
33541,33590,Vensac,33
33542,33240,Vérac,33
33543,33490,Verdelais,33
33544,33123,Le Verdon-sur-Mer,33
33545,33180,Vertheuil,33
33546,33330,Vignonet,33
33547,33730,Villandraut,33
33548,33141,Villegouge,33
33549,33550,Villenave-de-Rions,33
33550,33140,Villenave-d'Ornon,33
33552,33720,Virelade,33
33553,33240,Virsac,33
33554,33370,Yvrac,33
33555,33380,Marcheprime,33
34001,34290,Abeilhan,34
34002,34230,Adissan,34
34003,34300,Agde,34
34004,34210,Agel,34
34005,34190,Agonès,34
34006,34210,Aigne,34
34008,34600,Les Aires,34
34009,34290,Alignan-du-Vent,34
34010,34150,Aniane,34
34011,34150,Arboras,34
34012,34380,Argelliers,34
34013,34800,Aspiran,34
34014,34820,Assas,34
34015,34360,Assignan,34
34016,34230,Aumelas,34
34017,34530,Aumes,34
34018,34480,Autignac,34
34019,34260,Avène,34
34020,34210,Azillanet,34
34021,34360,Babeau-Bouldoux,34
34022,34670,Baillargues,34
34023,34540,Balaruc-les-Bains,34
34024,34540,Balaruc-le-Vieux,34
34025,34290,Bassan,34
34028,34600,Bédarieux,34
34029,34230,Bélarga,34
34030,34360,Berlou,34
34031,34550,Bessan,34
34032,34500,Béziers,34
34033,34160,Boisseron,34
34037,34760,Boujan-sur-Libron,34
34038,34260,Le Bousquet-d'Orb,34
34039,34140,Bouzigues,34
34040,34650,Brenas,34
34041,34800,Brignac,34
34042,34190,Brissac,34
34043,34160,Buzignargues,34
34044,34480,Cabrerolles,34
34046,34330,Cambon-et-Salvergues,34
34047,34230,Campagnan,34
34049,34260,Camplong,34
34050,34130,Candillargues,34
34052,34310,Capestang,34
34053,34600,Carlencas-et-Levas,34
34055,34610,Castanet-le-Haut,34
34056,34120,Castelnau-de-Guers,34
34057,34170,Castelnau-le-Lez,34
34058,34160,Castries,34
34059,34210,La Caunette,34
34060,34380,Causse-de-la-Selle,34
34061,34490,Causses-et-Veyran,34
34062,34600,Caussiniojouls,34
34063,34720,Caux,34
34064,34520,Le Caylar,34
34065,34460,Cazedarnes,34
34066,34270,Cazevieille,34
34068,34120,Cazouls-d'Hérault,34
34069,34370,Cazouls-lès-Béziers,34
34070,34360,Cébazan,34
34071,34260,Ceilhes-et-Rocozels,34
34073,34420,Cers,34
34074,34460,Cessenon-sur-Orb,34
34075,34210,Cesseras,34
34076,34800,Ceyras,34
34077,34830,Clapiers,34
34079,34800,Clermont-l'Hérault,34
34080,34390,Colombières-sur-Orb,34
34082,34980,Combaillaux,34
34083,34240,Combes,34
34084,34490,Corneilhan,34
34085,34290,Coulobres,34
34086,34220,Courniou,34
34087,34660,Cournonsec,34
34088,34660,Cournonterral,34
34089,34370,Creissan,34
34090,34920,Le Crès,34
34091,34520,Le Cros,34
34092,34310,Cruzy,34
34093,34650,Dio-et-Valquières,34
34094,34290,Espondeilhan,34
34095,34690,Fabrègues,34
34097,34210,Félines-Minervois,34
34098,34210,Ferrals-les-Montagnes,34
34099,34190,Ferrières-les-Verreries,34
34100,34360,Ferrières-Poussarou,34
34101,34510,Florensac,34
34103,34320,Fontès,34
34105,34480,Fouzilhon,34
34106,34700,Fozières,34
34107,34330,Fraisse-sur-Agout,34
34108,34110,Frontignan,34
34109,34320,Gabian,34
34110,34160,Galargues,34
34111,34190,Ganges,34
34112,34160,Garrigues,34
34113,34770,Gigean,34
34114,34150,Gignac,34
34115,34190,Gorniès,34
34116,34790,Grabels,34
34117,34260,Graissessac,34
34118,34820,Guzargues,34
34119,34600,Hérépian,34
34120,34830,Jacou,34
34121,34650,Joncels,34
34123,34990,Juvignac,34
34124,34800,Lacoste,34
34125,34150,Lagamas,34
34126,34240,Lamalou-les-Bains,34
34127,34130,Lansargues,34
34129,34970,Lattes,34
34130,34480,Laurens,34
34131,34270,Lauret,34
34132,34700,Lauroux,34
34134,34880,Lavérune,34
34135,34710,Lespignan,34
34136,34120,Lézignan-la-Cèbe,34
34137,34800,Liausson,34
34138,34800,Lieuran-Cabrières,34
34139,34290,Lieuran-lès-Béziers,34
34140,34490,Lignan-sur-Orb,34
34141,34210,La Livinière,34
34142,34700,Lodève,34
34143,34140,Loupian,34
34145,34400,Lunel,34
34146,34400,Lunel-Viel,34
34147,34480,Magalas,34
34148,34370,Maraussan,34
34151,34590,Marsillargues,34
34152,34380,Mas-de-Londres,34
34153,34270,Les Matelles,34
34154,34130,Mauguio,34
34155,34370,Maureilhan,34
34156,34800,Mérifons,34
34157,34140,Mèze,34
34158,34210,Minerve,34
34159,34110,Mireval,34
34161,34310,Montady,34
34163,34570,Montarnaud,34
34164,34160,Montaud,34
34165,34560,Montbazin,34
34166,34290,Montblanc,34
34168,34320,Montesquieu,34
34169,34980,Montferrier-sur-Lez,34
34170,34310,Montouliers,34
34172,34000,Montpellier,34
34174,34190,Moulès-et-Baucels,34
34175,34800,Mourèze,34
34176,34130,Mudaison,34
34177,34980,Murles,34
34178,34490,Murviel-lès-Béziers,34
34179,34570,Murviel-lès-Montpellier,34
34180,34800,Nébian,34
34181,34320,Neffiès,34
34182,34120,Nézignan-l'Évêque,34
34183,34440,Nissan-lez-Enserune,34
34185,34380,Notre-Dame-de-Londres,34
34186,34800,Octon,34
34187,34390,Olargues,34
34188,34700,Olmet-et-Villecun,34
34189,34210,Olonzac,34
34190,34210,Oupia,34
34192,34250,Palavas-les-Flots,34
34193,34360,Pardailhan,34
34194,34230,Paulhan,34
34195,34380,Pégairolles-de-Buèges,34
34196,34700,Pégairolles-de-l'Escalette,34
34197,34800,Péret,34
34198,34470,Pérols,34
34199,34120,Pézenas,34
34200,34600,Pézènes-les-Mines,34
34202,34570,Pignan,34
34203,34850,Pinet,34
34204,34230,Plaissan,34
34206,34310,Poilhes,34
34207,34810,Pomérols,34
34208,34230,Popian,34
34209,34420,Portiragnes,34
34210,34230,Le Pouget,34
34211,34600,Le Poujol-sur-Orb,34
34212,34700,Poujols,34
34213,34560,Poussan,34
34214,34480,Pouzolles,34
34215,34230,Pouzols,34
34216,34600,Le Pradal,34
34217,34730,Prades-le-Lez,34
34218,34360,Prades-sur-Vernazobre,34
34219,34390,Prémian,34
34220,34700,Le Puech,34
34221,34150,Puéchabon,34
34222,34230,Puilacher,34
34223,34480,Puimisson,34
34224,34480,Puissalicon,34
34225,34620,Puisserguier,34
34226,34310,Quarante,34
34227,34160,Restinclières,34
34228,34220,Rieussec,34
34229,34220,Riols,34
34230,34520,Les Rives,34
34231,34650,Romiguières,34
34232,34460,Roquebrun,34
34233,34650,Roqueredonde,34
34234,34320,Roquessels,34
34235,34610,Rosis,34
34236,34380,Rouet,34
34237,34320,Roujan,34
34238,34190,Saint-André-de-Buèges,34
34239,34725,Saint-André-de-Sangonis,34
34240,34130,Saint-Aunès,34
34241,34230,Saint-Bauzille-de-la-Sylve,34
34242,34160,Saint-Bauzille-de-Montmel,34
34243,34190,Saint-Bauzille-de-Putois,34
34245,34360,Saint-Chinian,34
34247,34980,Saint-Clément-de-Rivière,34
34248,34270,Sainte-Croix-de-Quintillargues,34
34249,34160,Saint-Drézéry,34
34250,34390,Saint-Étienne-d'Albagnan,34
34251,34700,Saint-Étienne-de-Gourgas,34
34252,34260,Saint-Étienne-Estréchoux,34
34253,34520,Saint-Félix-de-l'Héras,34
34254,34725,Saint-Félix-de-Lodez,34
34255,34980,Saint-Gély-du-Fesc,34
34256,34160,Saint-Geniès-des-Mourgues,34
34257,34610,Saint-Geniès-de-Varensal,34
34258,34480,Saint-Geniès-de-Fontedit,34
34259,34680,Saint-Georges-d'Orques,34
34260,34610,Saint-Gervais-sur-Mare,34
34261,34150,Saint-Guilhem-le-Désert,34
34262,34725,Saint-Guiraud,34
34263,34160,Saint-Hilaire-de-Beauvoir,34
34264,34380,Saint-Jean-de-Buèges,34
34265,34160,Saint-Jean-de-Cornies,34
34266,34270,Saint-Jean-de-Cuculles,34
34267,34150,Saint-Jean-de-Fos,34
34268,34700,Saint-Jean-de-la-Blaquière,34
34269,34360,Saint-Jean-de-Minervois,34
34270,34430,Saint-Jean-de-Védas,34
34273,34390,Saint-Martin-de-l'Arçon,34
34274,34380,Saint-Martin-de-Londres,34
34276,34270,Saint-Mathieu-de-Tréviers,34
34277,34190,Saint-Maurice-Navacelles,34
34279,34490,Saint-Nazaire-de-Ladarez,34
34280,34400,Saint-Nazaire-de-Pézan,34
34281,34230,Saint-Pargoire,34
34282,34570,Saint-Paul-et-Valmalle,34
34283,34520,Saint-Pierre-de-la-Fage,34
34284,34220,Saint-Pons-de-Thomières,34
34285,34230,Saint-Pons-de-Mauchiens,34
34287,34725,Saint-Saturnin-de-Lucian,34
34288,34400,Saint-Sériès,34
34289,34630,Saint-Thibéry,34
34290,34730,Saint-Vincent-de-Barbeyrargues,34
34291,34390,Saint-Vincent-d'Olargues,34
34292,34800,Salasc,34
34293,34330,La Salvetat-sur-Agout,34
34294,34400,Saturargues,34
34295,34570,Saussan,34
34296,34160,Saussines,34
34297,34270,Sauteyrargues,34
34298,34410,Sauvian,34
34299,34410,Sérignan,34
34300,34290,Servian,34
34301,34200,Sète,34
34303,34520,Sorbs,34
34304,34700,Soubès,34
34305,34330,Le Soulié,34
34306,34700,Soumont,34
34307,34160,Sussargues,34
34308,34600,Taussac-la-Billière,34
34309,34820,Teyran,34
34310,34490,Thézan-lès-Béziers,34
34311,34120,Tourbes,34
34312,34260,La Tour-sur-Orb,34
34313,34230,Tressan,34
34314,34270,Le Triadou,34
34315,34230,Usclas-d'Hérault,34
34316,34700,Usclas-du-Bosc,34
34317,34520,La Vacquerie-et-Saint-Martin-de-Castries,34
34318,34270,Vacquières,34
34319,34320,Vailhan,34
34320,34570,Vailhauquès,34
34321,34130,Valergues,34
34322,34270,Valflaunès,34
34323,34800,Valmascle,34
34324,34350,Valras-Plage,34
34325,34290,Valros,34
34326,34220,Vélieux,34
34327,34740,Vendargues,34
34328,34230,Vendémian,34
34329,34350,Vendres,34
34330,34400,Vérargues,34
34331,34220,Verreries-de-Moussans,34
34332,34450,Vias,34
34333,34110,Vic-la-Gardiole,34
34334,34390,Vieussan,34
34335,34600,Villemagne-l'Argentière,34
34336,34420,Villeneuve-lès-Béziers,34
34337,34750,Villeneuve-lès-Maguelone,34
34338,34800,Villeneuvette,34
34339,34360,Villespassans,34
34340,34400,Villetelle,34
34341,34560,Villeveyrac,34
34342,34380,Viols-en-Laval,34
34343,34380,Viols-le-Fort,34
34344,34280,La Grande-Motte,34
35001,35690,Acigné,35
35002,35150,Amanlis,35
35003,35250,Andouillé-Neuville,35
35004,35560,Antrain,35
35005,35130,Arbrissel,35
35006,35370,Argentré-du-Plessis,35
35007,35250,Aubigné,35
35008,35130,Availles-sur-Seiche,35
35009,35120,Baguer-Morvan,35
35010,35120,Baguer-Pican,35
35011,35460,Baillé,35
35012,35470,Bain-de-Bretagne,35
35013,35600,Bains-sur-Oust,35
35014,35680,Bais,35
35015,35500,Balazé,35
35016,35580,Baulon,35
35017,35190,La Baussaine,35
35018,35420,La Bazouge-du-Désert,35
35019,35560,Bazouges-la-Pérouse,35
35021,35133,Beaucé,35
35022,35190,Bécherel,35
35023,35137,Bédée,35
35024,35830,Betton,35
35025,35133,Billé,35
35026,35750,Bléruais,35
35027,35360,Boisgervilly,35
35028,35150,Boistrudan,35
35029,35270,Bonnemain,35
35030,35320,La Bosse-de-Bretagne,35
35031,35340,La Bouëxière,35
35032,35230,Bourgbarré,35
35033,35890,Bourg-des-Comptes,35
35034,35120,La Boussac,35
35035,35330,Bovel,35
35037,35310,Bréal-sous-Montfort,35
35038,35370,Bréal-sous-Vitré,35
35039,35530,Brécé,35
35040,35160,Breteil,35
35042,35370,Brielles,35
35044,35120,Broualan,35
35045,35550,Bruc-sur-Aff,35
35046,35330,Les Brulais,35
35047,35170,Bruz,35
35048,35330,Campel,35
35049,35260,Cancale,35
35050,35190,Cardroc,35
35051,35510,Cesson-Sévigné,35
35052,35500,Champeaux,35
35053,35680,Chancé,35
35054,35150,Chanteloup,35
35055,35135,Chantepie,35
35056,35190,La Chapelle-aux-Filtzméens,35
35057,35330,La Chapelle-Bouëxic,35
35058,35630,La Chapelle-Chaussée,35
35059,35520,La Chapelle-des-Fougeretz,35
35060,35360,La Chapelle du Lou du Lac,35
35061,35500,La Chapelle-Erbrée,35
35062,35133,La Chapelle-Janson,35
35063,35140,La Chapelle-Saint-Aubert,35
35064,35660,La Chapelle-de-Brain,35
35065,35590,La Chapelle-Thouarault,35
35066,35131,Chartres-de-Bretagne,35
35067,35250,Chasné-sur-Illet,35
35069,35410,Châteaugiron,35
35070,35430,Châteauneuf-d'Ille-et-Vilaine,35
35071,35133,Le Châtellier,35
35072,35210,Châtillon-en-Vendelais,35
35075,35490,Chauvigné,35
35076,35310,Chavagne,35
35077,35640,Chelun,35
35078,35120,Cherrueix,35
35079,35250,Chevaigné,35
35080,35310,Cintré,35
35081,35590,Clayes,35
35082,35134,Coësmes,35
35083,35460,Coglès,35
35084,35330,Comblessac,35
35085,35270,Combourg,35
35086,35210,Combourtillé,35
35087,35500,Cornillé,35
35088,35150,Corps-Nuds,35
35089,35320,La Couyère,35
35090,35320,Crevin,35
35091,35290,Le Crouais,35
35092,35270,Cuguen,35
35093,35800,Dinard,35
35094,35440,Dingé,35
35095,35120,Dol-de-Bretagne,35
35096,35113,Domagné,35
35097,35680,Domalain,35
35098,35390,La Dominelais,35
35099,35410,Domloup,35
35100,35210,Dompierre-du-Chemin,35
35101,35450,Dourdain,35
35102,35130,Drouges,35
35103,35640,Eancé,35
35104,35120,Epiniac,35
35105,35500,Erbrée,35
35106,35620,Ercé-en-Lamée,35
35107,35340,Ercé-près-Liffré,35
35108,35150,Essé,35
35109,35370,Étrelles,35
35110,35440,Feins,35
35111,35420,Le Ferré,35
35112,35133,Fleurigné,35
35113,35560,La Fontenelle,35
35114,35640,Forges-la-Forêt,35
35115,35300,Fougères,35
35116,35111,La Fresnais,35
35117,35290,Gaël,35
35118,35490,Gahard,35
35119,35370,Gennes-sur-Seiche,35
35120,35850,Gévezé,35
35121,35140,Gosné,35
35122,35350,La Gouesnière,35
35123,35580,Goven,35
35124,35390,Grand-Fougeray,35
35125,35130,La Guerche-de-Bretagne,35
35126,35580,Guichen,35
35127,35580,Guignen,35
35128,35440,Guipel,35
35130,35630,Hédé-Bazouges,35
35131,35590,L'Hermitage,35
35132,35120,Hirel,35
35133,35750,Iffendic,35
35134,35630,Les Iffs,35
35135,35850,Irodouër,35
35136,35150,Janzé,35
35137,35133,Javené,35
35138,35133,Laignelet,35
35139,35890,Laillé,35
35140,35320,Lalleu,35
35141,35450,Landavran,35
35142,35133,Landéan,35
35143,35360,Landujan,35
35144,35850,Langan,35
35146,35630,Langouet,35
35147,35720,Lanhélin,35
35148,35270,Lanrigan,35
35149,35580,Lassy,35
35150,35133,Lécousse,35
35151,35550,Lieuron,35
35152,35340,Liffré,35
35153,35111,Lillemer,35
35154,35450,Livré-sur-Changeon,35
35155,35550,Lohéac,35
35156,35190,Longaulnay,35
35157,35133,Le Loroux,35
35159,35270,Lourmais,35
35160,35330,Loutehel,35
35161,35680,Louvigné-de-Bais,35
35162,35420,Louvigné-du-Désert,35
35163,35133,Luitré,35
35164,35560,Marcillé-Raoul,35
35165,35240,Marcillé-Robert,35
35166,35220,Marpiré,35
35167,35640,Martigné-Ferchaud,35
35168,35330,Val d'Anast,35
35169,35380,Maxent,35
35170,35450,Mecé,35
35171,35360,Médréac,35
35172,35270,Meillac,35
35173,35520,Melesse,35
35174,35420,Mellé,35
35175,35330,Mernel,35
35176,35480,Guipry-Messac,35
35177,35520,La Mézière,35
35178,35140,Mézières-sur-Couesnon,35
35179,35540,Miniac-Morvan,35
35180,35190,Miniac-sous-Bécherel,35
35181,35870,Le Minihic-sur-Rance,35
35183,35370,Mondevert,35
35184,35360,Montauban-de-Bretagne,35
35185,35210,Montautour,35
35186,35120,Mont-Dol,35
35187,35160,Monterfil,35
35188,35160,Montfort-sur-Meu,35
35189,35760,Montgermont,35
35190,35420,Monthault,35
35191,35460,Les Portes du Coglais,35
35192,35210,Montreuil-des-Landes,35
35193,35520,Montreuil-le-Gast,35
35194,35500,Montreuil-sous-Pérouse,35
35195,35440,Montreuil-sur-Ille,35
35196,35310,Mordelles,35
35197,35250,Mouazé,35
35199,35130,Moussé,35
35201,35290,Muel,35
35202,35470,La Noë-Blanche,35
35203,35137,La Nouaye,35
35204,35410,Nouvoitou,35
35205,35560,Noyal-sous-Bazouges,35
35206,35230,Noyal-Châtillon-sur-Seiche,35
35207,35530,Noyal-sur-Vilaine,35
35208,35230,Orgères,35
35209,35410,Ossé,35
35210,35740,Pacé,35
35211,35380,Paimpont,35
35212,35320,Pancé,35
35214,35210,Parcé,35
35215,35133,Parigné,35
35216,35850,Parthenay-de-Bretagne,35
35217,35370,Le Pertre,35
35218,35320,Le Petit-Fougeray,35
35219,35550,Pipriac,35
35220,35150,Piré-sur-Seiche,35
35221,35470,Pléchâtel,35
35222,35610,Pleine-Fougères,35
35223,35380,Plélan-le-Grand,35
35224,35540,Plerguer,35
35225,35720,Plesder,35
35226,35720,Pleugueneuc,35
35227,35137,Pleumeleuc,35
35228,35730,Pleurtuit,35
35229,35500,Pocé-les-Bois,35
35230,35420,Poilley,35
35231,35320,Poligné,35
35232,35210,Princé,35
35233,35190,Québriac,35
35234,35290,Quédillac,35
35235,35130,Rannée,35
35236,35600,Redon,35
35237,35660,Renac,35
35238,35000,Rennes,35
35239,35240,Retiers,35
35240,35650,Le Rheu,35
35241,35780,La Richardais,35
35242,35560,Rimou,35
35243,35133,Romagné,35
35244,35490,Romazy,35
35245,35850,Romillé,35
35246,35120,Roz-Landrieux,35
35247,35610,Roz-sur-Couesnon,35
35248,35610,Sains,35
35249,35390,Sainte-Anne-sur-Vilaine,35
35250,35230,Saint-Armel,35
35251,35250,Saint-Aubin-d'Aubigné,35
35252,35500,Saint-Aubin-des-Landes,35
35253,35140,Saint-Aubin-du-Cormier,35
35254,35410,Saint-Aubin-du-Pavail,35
35255,35114,Saint-Benoît-des-Ondes,35
35256,35800,Saint-Briac-sur-Mer,35
35257,35460,Maen Roch,35
35258,35630,Saint-Brieuc-des-Iffs,35
35259,35120,Saint-Broladre,35
35260,35210,Saint-Christophe-des-Bois,35
35261,35140,Saint-Christophe-de-Valains,35
35263,35350,Saint-Coulomb,35
35265,35190,Saint-Domineuc,35
35266,35230,Saint-Erblon,35
35267,35460,Saint-Étienne-en-Coglès,35
35268,35550,Saint-Ganton,35
35269,35140,Saint-Georges-de-Chesné,35
35270,35610,Saint-Georges-de-Gréhaigne,35
35271,35420,Saint-Georges-de-Reintembault,35
35272,35370,Saint-Germain-du-Pinel,35
35273,35133,Saint-Germain-en-Coglès,35
35274,35250,Saint-Germain-sur-Ille,35
35276,35630,Saint-Gondran,35
35277,35750,Saint-Gonlay,35
35278,35760,Saint-Grégoire,35
35279,35430,Saint-Guinoux,35
35280,35140,Saint-Hilaire-des-Landes,35
35281,35136,Saint-Jacques-de-la-Lande,35
35282,35140,Saint-Jean-sur-Couesnon,35
35283,35220,Saint-Jean-sur-Vilaine,35
35284,35430,Saint-Jouan-des-Guérets,35
35286,35270,Saint-Léger-des-Prés,35
35287,35800,Saint-Lunaire,35
35288,35400,Saint-Malo,35
35289,35480,Saint-Malo-de-Phily,35
35290,35750,Saint-Malon-sur-Mel,35
35291,35120,Saint-Marcan,35
35292,35460,Saint-Marc-le-Blanc,35
35293,35140,Saint-Marc-sur-Couesnon,35
35295,35750,Saint-Maugan,35
35296,35250,Saint-Médard-sur-Ille,35
35297,35290,Saint-Méen-le-Grand,35
35299,35350,Saint-Méloir-des-Ondes,35
35300,35500,Saint-M'Hervé,35
35301,35360,Saint-M'Hervon,35
35302,35290,Saint-Onen-la-Chapelle,35
35303,35460,Saint-Ouen-la-Rouërie,35
35304,35140,Saint-Ouen-des-Alleux,35
35305,35380,Saint-Péran,35
35306,35430,Saint-Père,35
35307,35190,Saint-Pern,35
35308,35720,Saint-Pierre-de-Plesguen,35
35309,35560,Saint-Rémy-du-Plain,35
35310,35133,Saint-Sauveur-des-Landes,35
35311,35330,Saint-Séglin,35
35312,35580,Saint-Senoux,35
35314,35430,Saint-Suliac,35
35315,35250,Saint-Sulpice-la-Forêt,35
35316,35390,Saint-Sulpice-des-Landes,35
35318,35190,Saint-Thual,35
35319,35310,Saint-Thurial,35
35320,35360,Saint-Uniac,35
35322,35320,Le Sel-de-Bretagne,35
35323,35460,La Selle-en-Coglès,35
35324,35133,La Selle-en-Luitré,35
35325,35130,La Selle-Guerchaise,35
35326,35490,Sens-de-Bretagne,35
35327,35530,Servon-sur-Vilaine,35
35328,35550,Sixt-sur-Aff,35
35329,35610,Sougéal,35
35330,35500,Taillis,35
35331,35160,Talensac,35
35332,35620,Teillay,35
35333,35240,Le Theil-de-Bretagne,35
35334,35235,Thorigné-Fouillard,35
35335,35134,Thourie,35
35336,35460,Le Tiercent,35
35337,35190,Tinténiac,35
35338,35370,Torcé,35
35339,35610,Trans-la-Forêt,35
35340,35380,Treffendel,35
35341,35460,Tremblay,35
35342,35270,Trémeheuc,35
35343,35320,Tresbœuf,35
35344,35720,Tressé,35
35345,35190,Trévérien,35
35346,35190,Trimer,35
35347,35450,Val-d'Izé,35
35348,35140,Vendel,35
35350,35680,Vergéal,35
35351,35160,Le Verger,35
35352,35770,Vern-sur-Seiche,35
35353,35132,Vezin-le-Coquet,35
35354,35610,Vieux-Viel,35
35355,35490,Vieux-Vy-sur-Couesnon,35
35356,35630,Vignoc,35
35357,35420,Villamée,35
35358,35430,La Ville-ès-Nonais,35
35359,35130,Visseiche,35
35360,35500,Vitré,35
35361,35960,Le Vivier-sur-Mer,35
35362,35540,Le Tronchet,35
35363,35131,Pont-Péan,35
36001,36140,Aigurande,36
36002,36150,Aize,36
36003,36120,Ambrault,36
36004,36210,Anjouin,36
36005,36120,Ardentes,36
36006,36200,Argenton-sur-Creuse,36
36007,36500,Argy,36
36009,36330,Arthon,36
36010,36290,Azay-le-Ferron,36
36012,36270,Baraize,36
36013,36110,Baudres,36
36014,36270,Bazaiges,36
36016,36370,Bélâbre,36
36017,36400,La Berthenoux,36
36018,36300,Le Blanc,36
36019,36120,Bommiers,36
36021,36100,Les Bordes,36
36022,36200,Bouesse,36
36023,36110,Bouges-le-Château,36
36024,36110,Bretagne,36
36025,36400,Briantes,36
36027,36100,Brives,36
36028,36140,La Buxerette,36
36030,36230,Buxières-d'Aillac,36
36031,36500,Buzançais,36
36032,36200,Ceaulmont,36
36033,36200,Celon,36
36034,36210,Chabris,36
36035,36310,Chaillac,36
36037,36100,La Champenoise,36
36038,36160,Champillet,36
36040,36500,La Chapelle-Orthemale,36
36041,36150,La Chapelle-Saint-Laurian,36
36042,36800,Chasseneuil,36
36043,36400,Chassignolles,36
36044,36000,Châteauroux,36
36045,36700,Châtillon-sur-Indre,36
36046,36400,La Châtre,36
36047,36170,La Châtre-Langlin,36
36048,36200,Chavin,36
36049,36170,Chazelet,36
36050,36500,Chezelles,36
36051,36800,Chitray,36
36052,36100,Chouday,36
36053,36300,Ciron,36
36054,36700,Cléré-du-Bois,36
36056,36340,Cluis,36
36057,36130,Coings,36
36058,36300,Concremiers,36
36059,36100,Condé,36
36060,36140,Crevant,36
36061,36140,Crozon-sur-Vauvre,36
36062,36190,Cuzion,36
36063,36130,Déols,36
36064,36130,Diors,36
36066,36300,Douadic,36
36067,36310,Dunet,36
36068,36210,Dun-le-Poëlier,36
36069,36240,Écueillé,36
36070,36270,Éguzon-Chantôme,36
36071,36120,Étrechet,36
36072,36360,Faverolles-en-Berry,36
36073,36160,Feusines,36
36074,36700,Fléré-la-Rivière,36
36075,36150,Fontenay,36
36076,36220,Fontgombault,36
36077,36600,Fontguenand,36
36078,36230,Fougerolles,36
36079,36110,Francillon,36
36080,36180,Frédille,36
36081,36190,Gargilesse-Dampierre,36
36082,36240,Gehée,36
36083,36150,Giroux,36
36084,36230,Gournay,36
36085,36150,Guilly,36
36086,36180,Heugnes,36
36087,36300,Ingrandes,36
36088,36100,Issoudun,36
36089,36120,Jeu-les-Bois,36
36090,36240,Jeu-Maloches,36
36091,36400,Lacs,36
36092,36600,Langé,36
36093,36110,Levroux,36
36094,36370,Lignac,36
36096,36220,Lingé,36
36097,36150,Liniez,36
36098,36100,Lizeray,36
36099,36140,Lourdoueix-Saint-Michel,36
36100,36400,Lourouer-Saint-Laurent,36
36101,36350,Luant,36
36102,36150,Luçay-le-Libre,36
36103,36360,Luçay-le-Mâle,36
36104,36220,Lurais,36
36105,36220,Lureuil,36
36106,36800,Luzeret,36
36107,36600,Lye,36
36108,36230,Lys-Saint-Georges,36
36109,36400,Le Magny,36
36110,36340,Maillet,36
36111,36340,Malicornay,36
36112,36120,Mâron,36
36113,36220,Martizay,36
36114,36370,Mauvières,36
36115,36210,Menetou-sur-Nahon,36
36116,36150,Ménétréols-sous-Vatan,36
36117,36200,Le Menoux,36
36118,36500,Méobecq,36
36119,36220,Mérigny,36
36120,36230,Mers-sur-Indre,36
36121,36100,Meunet-Planches,36
36122,36150,Meunet-sur-Vatan,36
36123,36290,Mézières-en-Brenne,36
36124,36800,Migné,36
36125,36260,Migny,36
36126,36140,Montchevrier,36
36127,36400,Montgivray,36
36128,36130,Montierchaume,36
36129,36230,Montipouret,36
36130,36400,Montlevicq,36
36131,36200,Mosnay,36
36132,36160,La Motte-Feuilly,36
36133,36340,Mouhers,36
36134,36170,Mouhet,36
36135,36110,Moulins-sur-Céphons,36
36136,36700,Murs,36
36137,36220,Néons-sur-Creuse,36
36138,36400,Néret,36
36139,36500,Neuillay-les-Bois,36
36140,36100,Neuvy-Pailloux,36
36141,36230,Neuvy-Saint-Sépulchre,36
36142,36250,Niherne,36
36143,36400,Nohant-Vic,36
36144,36800,Nuret-le-Ferron,36
36145,36290,Obterre,36
36146,36190,Orsennes,36
36148,36800,Oulches,36
36149,36500,Palluau-sur-Indre,36
36150,36170,Parnac,36
36152,36260,Paudy,36
36153,36290,Paulnay,36
36154,36200,Le Pêchereau,36
36155,36180,Pellevoisin,36
36156,36160,Pérassay,36
36157,36350,La Pérouille,36
36158,36200,Badecon-le-Pin,36
36159,36330,Le Poinçonnet,36
36161,36800,Le Pont-Chrétien-Chabenet,36
36162,36210,Poulaines,36
36163,36160,Pouligny-Notre-Dame,36
36164,36160,Pouligny-Saint-Martin,36
36165,36300,Pouligny-Saint-Pierre,36
36167,36220,Preuilly-la-Ville,36
36168,36370,Prissac,36
36169,36120,Pruniers,36
36170,36150,Reboursin,36
36172,36800,Rivarennes,36
36173,36300,Rosnay,36
36175,36110,Rouvres-les-Bois,36
36177,36170,Sacierges-Saint-Martin,36
36178,36300,Saint-Aigny,36
36179,36100,Saint-Aoustrille,36
36180,36120,Saint-Août,36
36182,36170,Saint-Benoît-du-Sault,36
36184,36400,Saint-Chartier,36
36185,36210,Saint-Christophe-en-Bazelle,36
36186,36400,Saint-Christophe-en-Boucherie,36
36187,36170,Saint-Civran,36
36188,36700,Saint-Cyran-du-Jambot,36
36189,36230,Saint-Denis-de-Jouhet,36
36190,36100,Sainte-Fauste,36
36191,36150,Saint-Florentin,36
36192,36800,Saint-Gaultier,36
36194,36500,Saint-Genou,36
36195,36100,Saint-Georges-sur-Arnon,36
36197,36370,Saint-Hilaire-sur-Benaize,36
36198,36500,Saint-Lactencin,36
36199,36260,Sainte-Lizaigne,36
36204,36290,Saint-Michel-en-Brenne,36
36205,36260,Saint-Pierre-de-Jards,36
36206,36110,Saint-Pierre-de-Lamps,36
36207,36190,Saint-Plantaire,36
36208,36160,Sainte-Sévère-sur-Indre,36
36209,36100,Saint-Valentin,36
36210,36230,Sarzay,36
36211,36120,Sassierges-Saint-Germain,36
36212,36290,Saulnay,36
36213,36220,Sauzelles,36
36214,36160,Sazeray,36
36215,36100,Ségry,36
36216,36180,Selles-sur-Nahon,36
36217,36210,Sembleçay,36
36218,36500,Sougé,36
36219,36200,Tendu,36
36220,36800,Thenay,36
36221,36400,Thevet-Saint-Julien,36
36222,36100,Thizay,36
36224,36220,Tournon-Saint-Martin,36
36225,36700,Le Tranger,36
36226,36230,Tranzault,36
36227,36160,Urciers,36
36228,36600,Valençay,36
36229,36210,Val-Fouzon,36
36230,36150,Vatan,36
36231,36330,Velles,36
36232,36500,Vendœuvres,36
36233,36600,La Vernelle,36
36234,36400,Verneuil-sur-Igneraie,36
36235,36600,Veuil,36
36236,36400,Vicq-Exemplet,36
36237,36600,Vicq-sur-Nahon,36
36238,36160,Vigoulant,36
36239,36170,Vigoux,36
36240,36160,Vijon,36
36241,36320,Villedieu-sur-Indre,36
36242,36110,Villegongis,36
36243,36500,Villegouin,36
36244,36600,Villentrois,36
36246,36290,Villiers,36
36247,36110,Vineuil,36
36248,36100,Vouillon,36
37001,37160,Abilly,37
37002,37340,Ambillou,37
37003,37400,Amboise,37
37004,37500,Anché,37
37005,37800,Antogny-le-Tillac,37
37006,37260,Artannes-sur-Indre,37
37007,37120,Assay,37
37008,37270,Athée-sur-Cher,37
37009,37110,Autrèche,37
37010,37110,Auzouer-en-Touraine,37
37011,37420,Avoine,37
37012,37220,Avon-les-Roches,37
37013,37340,Avrillé-les-Ponceaux,37
37014,37190,Azay-le-Rideau,37
37015,37270,Azay-sur-Cher,37
37016,37310,Azay-sur-Indre,37
37018,37510,Ballan-Miré,37
37019,37350,Barrou,37
37020,37600,Beaulieu-lès-Loches,37
37021,37360,Beaumont-Louestault,37
37022,37420,Beaumont-en-Véron,37
37023,37460,Beaumont-Village,37
37024,37140,Benais,37
37025,37510,Berthenay,37
37026,37600,Betz-le-Château,37
37027,37150,Bléré,37
37028,37290,Bossay-sur-Claise,37
37029,37240,Bossée,37
37030,37110,Le Boulay,37
37031,37140,Bourgueil,37
37032,37240,Bournan,37
37033,37290,Boussay,37
37034,37120,Braslou,37
37035,37120,Braye-sous-Faye,37
37036,37330,Braye-sur-Maulne,37
37037,37330,Brèches,37
37038,37130,Bréhémont,37
37039,37600,Bridoré,37
37040,37220,Brizay,37
37041,37370,Bueil-en-Touraine,37
37042,37500,Candes-Saint-Martin,37
37043,37530,Cangey,37
37044,37350,La Celle-Guenand,37
37045,37160,La Celle-Saint-Avant,37
37046,37460,Céré-la-Ronde,37
37047,37390,Cerelles,37
37049,37310,Chambourg-sur-Indre,37
37050,37170,Chambray-lès-Tours,37
37051,37120,Champigny-sur-Veude,37
37052,37210,Chançay,37
37053,37600,Chanceaux-près-Loches,37
37054,37390,Chanceaux-sur-Choisille,37
37055,37330,Channay-sur-Lathan,37
37056,37130,La Chapelle-aux-Naux,37
37057,37240,La Chapelle-Blanche-Saint-Martin,37
37058,37140,La Chapelle-sur-Loire,37
37059,37390,Charentilly,37
37060,37530,Chargé,37
37061,37290,Charnizay,37
37062,37330,Château-la-Vallière,37
37063,37110,Château-Renault,37
37064,37350,Chaumussay,37
37065,37120,Chaveignes,37
37066,37310,Chédigny,37
37067,37190,Cheillé,37
37068,37370,Chemillé-sur-Dême,37
37069,37460,Chemillé-sur-Indrois,37
37070,37150,Chenonceaux,37
37072,37500,Chinon,37
37073,37150,Chisseaux,37
37074,37140,Chouzé-sur-Loire,37
37075,37310,Cigogné,37
37076,37500,Cinais,37
37077,37130,Cinq-Mars-la-Pile,37
37078,37240,Ciran,37
37079,37150,Civray-de-Touraine,37
37080,37160,Civray-sur-Esves,37
37081,37340,Cléré-les-Pins,37
37082,37340,Continvoir,37
37083,37320,Cormery,37
37084,37330,Couesmes,37
37085,37310,Courçay,37
37086,37330,Courcelles-de-Touraine,37
37087,37120,Courcoué,37
37088,37500,Couziers,37
37089,37500,Cravant-les-Côteaux,37
37090,37220,Crissay-sur-Manse,37
37091,37150,La Croix-en-Touraine,37
37092,37380,Crotelles,37
37093,37220,Crouzilles,37
37094,37240,Cussay,37
37095,37110,Dame-Marie-les-Bois,37
37096,37150,Dierre,37
37097,37310,Dolus-le-Sec,37
37098,37800,Draché,37
37099,37190,Druye,37
37100,37150,Épeigné-les-Bois,37
37101,37370,Épeigné-sur-Dême,37
37103,37240,Esves-le-Moutier,37
37104,37320,Esvres,37
37105,37120,Faye-la-Vineuse,37
37106,37110,La Ferrière,37
37107,37350,Ferrière-Larçon,37
37108,37600,Ferrière-sur-Beaulieu,37
37109,37230,Fondettes,37
37110,37150,Francueil,37
37111,37460,Genillé,37
37112,37340,Gizeux,37
37113,37350,Le Grand-Pressigny,37
37114,37350,La Guerche,37
37115,37160,Descartes,37
37116,37110,Les Hermites,37
37117,37340,Hommes,37
37118,37420,Huismes,37
37119,37220,L'Île-Bouchard,37
37120,37140,Ingrandes-de-Touraine,37
37121,37120,Jaulnay,37
37122,37300,Joué-lès-Tours,37
37123,37130,Langeais,37
37124,37270,Larçay,37
37125,37120,Lémeré,37
37126,37500,Lerné,37
37127,37460,Le Liège,37
37128,37130,Lignières-de-Touraine,37
37129,37500,Ligré,37
37130,37240,Ligueil,37
37131,37530,Limeray,37
37132,37600,Loches,37
37133,37460,Loché-sur-Indrois,37
37134,37320,Louans,37
37135,37370,Louestault,37
37136,37240,Le Louroux,37
37137,37330,Lublé,37
37138,37400,Lussault-sur-Loire,37
37139,37230,Luynes,37
37140,37120,Luzé,37
37141,37150,Luzillé,37
37142,37800,Maillé,37
37143,37240,Manthelan,37
37144,37500,Marçay,37
37145,37160,Marcé-sur-Esves,37
37146,37330,Marcilly-sur-Maulne,37
37147,37800,Marcilly-sur-Vienne,37
37148,37120,Marigny-Marmande,37
37149,37370,Marray,37
37150,37130,Mazières-de-Touraine,37
37151,37390,La Membrolle-sur-Choisille,37
37152,37390,Mettray,37
37153,37380,Monnaie,37
37154,37250,Montbazon,37
37155,37110,Monthodon,37
37156,37270,Montlouis-sur-Loire,37
37157,37460,Montrésor,37
37158,37530,Montreuil-en-Touraine,37
37159,37260,Monts,37
37160,37110,Morand,37
37161,37530,Mosnes,37
37162,37600,Mouzay,37
37163,37530,Nazelles-Négron,37
37165,37190,Neuil,37
37166,37380,Neuillé-le-Lierre,37
37167,37360,Neuillé-Pont-Pierre,37
37168,37160,Neuilly-le-Brignon,37
37169,37110,Neuville-sur-Brenne,37
37170,37370,Neuvy-le-Roi,37
37171,37210,Noizay,37
37172,37390,Notre-Dame-d'Oé,37
37173,37460,Nouans-les-Fontaines,37
37174,37800,Nouâtre,37
37175,37380,Nouzilly,37
37176,37800,Noyant-de-Touraine,37
37177,37460,Orbigny,37
37178,37220,Panzoult,37
37179,37210,Parçay-Meslay,37
37180,37220,Parçay-sur-Vienne,37
37181,37350,Paulmy,37
37182,37230,Pernay,37
37183,37600,Perrusson,37
37184,37350,Le Petit-Pressigny,37
37185,37530,Pocé-sur-Cisse,37
37186,37260,Pont-de-Ruan,37
37187,37800,Ports,37
37188,37800,Pouzay,37
37189,37290,Preuilly-sur-Claise,37
37190,37800,Pussigny,37
37191,37120,Razines,37
37192,37310,Reignac-sur-Indre,37
37193,37140,Restigné,37
37195,37520,La Riche,37
37196,37120,Richelieu,37
37197,37420,Rigny-Ussé,37
37198,37340,Rillé,37
37199,37220,Rilly-sur-Vienne,37
37201,37500,Rivière,37
37202,37500,La Roche-Clermault,37
37203,37210,Rochecorbon,37
37204,37360,Rouziers-de-Touraine,37
37205,37190,Saché,37
37206,37360,Saint-Antoine-du-Rocher,37
37207,37370,Saint-Aubin-le-Dépeint,37
37208,37550,Saint-Avertin,37
37209,37310,Saint-Bauld,37
37210,37500,Saint-Benoît-la-Forêt,37
37211,37320,Saint-Branchs,37
37212,37800,Sainte-Catherine-de-Fierbois,37
37213,37370,Saint-Christophe-sur-le-Nais,37
37214,37540,Saint-Cyr-sur-Loire,37
37216,37800,Saint-Épain,37
37217,37230,Saint-Étienne-de-Chigny,37
37218,37600,Saint-Flovier,37
37219,37510,Saint-Genouph,37
37220,37500,Saint-Germain-sur-Vienne,37
37222,37600,Saint-Jean-Saint-Germain,37
37223,37330,Saint-Laurent-de-Lin,37
37224,37380,Saint-Laurent-en-Gâtines,37
37225,37270,Saint-Martin-le-Beau,37
37226,37800,Sainte-Maure-de-Touraine,37
37227,37130,Saint-Michel-sur-Loire,37
37228,37140,Saint-Nicolas-de-Bourgueil,37
37229,37110,Saint-Nicolas-des-Motets,37
37230,37530,Saint-Ouen-les-Vignes,37
37231,37370,Saint-Paterne-Racan,37
37232,37130,Coteaux-sur-Loire,37
37233,37700,Saint-Pierre-des-Corps,37
37234,37310,Saint-Quentin-sur-Indrois,37
37236,37530,Saint-Règle,37
37237,37390,Saint-Roch,37
37238,37600,Saint-Senoch,37
37240,37110,Saunay,37
37241,37340,Savigné-sur-Lathan,37
37242,37420,Savigny-en-Véron,37
37243,37510,Savonnières,37
37244,37220,Sazilly,37
37245,37360,Semblançay,37
37246,37600,Sennevières,37
37247,37800,Sepmes,37
37248,37500,Seuilly,37
37249,37360,Sonzay,37
37250,37250,Sorigny,37
37252,37530,Souvigny-de-Touraine,37
37253,37310,Sublaines,37
37254,37310,Tauxigny-Saint-Bauld,37
37255,37220,Tavant,37
37256,37220,Theneuil,37
37257,37260,Thilouze,37
37259,37290,Tournon-Saint-Pierre,37
37260,37120,La Tour-Saint-Gelin,37
37261,37000,Tours,37
37262,37220,Trogues,37
37263,37320,Truyes,37
37264,37190,Vallères,37
37266,37250,Veigné,37
37267,37270,Véretz,37
37268,37120,Verneuil-le-Château,37
37269,37600,Verneuil-sur-Indre,37
37270,37210,Vernou-sur-Brenne,37
37271,37190,Villaines-les-Rochers,37
37272,37510,Villandry,37
37273,37700,La Ville-aux-Dames,37
37274,37370,Villebourg,37
37275,37460,Villedômain,37
37276,37110,Villedômer,37
37277,37460,Villeloin-Coulangé,37
37278,37260,Villeperdue,37
37279,37330,Villiers-au-Bouin,37
37280,37240,Vou,37
37281,37210,Vouvray,37
37282,37290,Yzeures-sur-Creuse,37
38001,38490,Les Abrets en Dauphiné,38
38002,38190,Les Adrets,38
38003,38150,Agnin,38
38004,38470,L'Albenc,38
38005,38114,Allemond,38
38006,38580,Allevard,38
38008,38970,Ambel,38
38009,38150,Anjou,38
38010,38460,Annoisin-Chatelans,38
38011,38280,Anthon,38
38012,38490,Aoste,38
38013,38140,Apprieu,38
38014,38510,Arandon,38
38015,38440,Artas,38
38016,38260,Arzay,38
38017,38150,Assieu,38
38018,38680,Auberives-en-Royans,38
38019,38550,Auberives-sur-Varèze,38
38020,38142,Auris,38
38022,38630,Les Avenières Veyrins-Thuellin,38
38023,38650,Avignonet,38
38025,38260,Balbins,38
38026,38390,La Balme-les-Grottes,38
38027,38530,Barraux,38
38029,38110,La Bâtie-Montgascon,38
38030,38140,Beaucroissant,38
38031,38970,Beaufin,38
38034,38270,Beaurepaire,38
38035,38440,Beauvoir-de-Marc,38
38036,38160,Beauvoir-en-Royans,38
38037,38270,Bellegarde-Poussieu,38
38039,38190,Bernin,38
38041,38160,Bessins,38
38042,38690,Bévenais,38
38043,38850,Bilieu,38
38044,38690,Biol,38
38045,38330,Biviers,38
38046,38690,Bizonnes,38
38047,38730,Blandin,38
38048,38090,Bonnefamille,38
38049,38260,Bossieu,38
38051,38150,Bougé-Chambalud,38
38052,38520,Le Bourg-d'Oisans,38
38053,38300,Bourgoin-Jallieu,38
38054,38390,Bouvesse-Quirieu,38
38055,38510,Brangues,38
38056,38870,Bressieux,38
38057,38320,Bresson,38
38058,38590,Brézins,38
38059,38320,Brié-et-Angonnes,38
38061,38500,La Buisse,38
38062,38530,La Buissière,38
38063,38690,Burcin,38
38064,38110,Cessieu,38
38065,38690,Châbons,38
38066,38122,Chalon,38
38067,38460,Chamagnieu,38
38068,38800,Champagnier,38
38069,38260,Champier,38
38070,38190,Le Champ-près-Froges,38
38071,38560,Champ-sur-Drac,38
38072,38150,Chanas,38
38073,38740,Chantelouve,38
38074,38470,Chantesse,38
38075,38530,Chapareillan,38
38076,38110,La Chapelle-de-la-Tour,38
38077,38150,La Chapelle-de-Surieu,38
38078,38580,La Chapelle-du-Bard,38
38080,38490,Charancieu,38
38081,38790,Charantonnay,38
38082,38850,Charavines,38
38083,38390,Charette,38
38084,38140,Charnècles,38
38085,38230,Charvieu-Chavagneux,38
38086,38470,Chasselay,38
38087,38670,Chasse-sur-Rhône,38
38089,38730,Chassignieu,38
38090,38650,Château-Bernard,38
38091,38300,Châteauvilain,38
38094,38440,Châtonnay,38
38095,38160,Chatte,38
38097,38230,Chavanoz,38
38098,38730,Chélieu,38
38099,38160,Chevrières,38
38100,38570,Le Cheylas,38
38101,38550,Cheyssieu,38
38102,38300,Chèzeneuve,38
38103,38930,Chichilianne,38
38104,38490,Chimilin,38
38105,38850,Chirens,38
38106,38220,Cholonge,38
38107,38121,Chonas-l'Amballan,38
38108,38680,Choranche,38
38109,38460,Chozeau,38
38110,38200,Chuzelles,38
38112,38142,Clavans-en-Haut-Oisans,38
38113,38930,Clelles,38
38114,38550,Clonas-sur-Varèze,38
38115,38650,Saint-Martin-de-la-Cluze,38
38116,38350,Cognet,38
38117,38470,Cognin-les-Gorges,38
38118,38690,Colombe,38
38120,38190,La Combe-de-Lancey,38
38121,38260,Commelle,38
38124,38630,Corbelin,38
38125,38710,Cordéac,38
38126,38700,Corenc,38
38127,38710,Cornillon-en-Trièves,38
38128,38970,Corps,38
38129,38250,Corrençon-en-Vercors,38
38130,38260,La Côte-Saint-André,38
38131,38138,Les Côtes-d'Arey,38
38132,38970,Les Côtes-de-Corps,38
38133,38500,Coublevie,38
38134,38122,Cour-et-Buis,38
38135,38510,Courtenay,38
38136,38300,Crachier,38
38137,38210,Cras,38
38138,38460,Crémieu,38
38139,38510,Creys-Mépieu,38
38140,38920,Crolles,38
38141,38300,Culin,38
38144,38790,Diémoz,38
38146,38460,Dizimieu,38
38147,38730,Doissin,38
38148,38110,Dolomieu,38
38149,38300,Domarin,38
38150,38420,Domène,38
38151,38130,Échirolles,38
38152,38300,Eclose-Badinières,38
38153,38360,Engins,38
38154,38740,Entraigues,38
38155,38380,Entre-deux-Guiers,38
38156,38300,Les Éparres,38
38157,38780,Estrablin,38
38158,38320,Eybens,38
38159,38690,Eydoche,38
38160,38780,Eyzin-Pinet,38
38162,38110,Faverges-de-la-Tour,38
38166,38530,La Flachère,38
38167,38690,Flachères,38
38170,38120,Fontanil-Cornillon,38
38171,38590,La Forteresse,38
38172,38080,Four,38
38173,38142,Le Freney-d'Oisans,38
38174,38260,La Frette,38
38175,38190,Froges,38
38176,38290,Frontonas,38
38179,38610,Gières,38
38180,38260,Gillonnay,38
38181,38570,Goncelin,38
38182,38690,Le Grand-Lemps,38
38183,38490,Granieu,38
38184,38540,Grenay,38
38185,38000,Grenoble,38
38186,38650,Gresse-en-Vercors,38
38188,38320,Herbeys,38
38189,38540,Heyrieux,38
38190,38118,Hières-sur-Amby,38
38191,38750,Huez,38
38192,38570,Hurtières,38
38193,38080,L'Isle-d'Abeau,38
38194,38140,Izeaux,38
38195,38160,Izeron,38
38197,38280,Janneyrias,38
38198,38270,Jarcieu,38
38199,38200,Jardin,38
38200,38560,Jarrie,38
38203,38220,Laffrey,38
38204,38930,Lalley,38
38205,38250,Lans-en-Vercors,38
38206,38190,Laval,38
38207,38350,Lavaldens,38
38208,38710,Lavars,38
38209,38270,Lentiol,38
38210,38460,Leyrieu,38
38211,38440,Lieudieu,38
38212,38220,Livet-et-Gavet,38
38213,38690,Longechenal,38
38214,38660,Lumbin,38
38215,38200,Luzinay,38
38216,38470,Malleval-en-Vercors,38
38217,38350,Marcieu,38
38218,38260,Marcilloles,38
38219,38270,Marcollin,38
38221,38980,Marnans,38
38222,38620,Massieu,38
38223,38300,Maubec,38
38224,38350,Mayres-Savel,38
38225,38112,Autrans-Méaudre en Vercors,38
38226,38710,Mens,38
38228,38620,Merlas,38
38229,38240,Meylan,38
38230,38300,Meyrié,38
38231,38440,Meyrieu-les-Étangs,38
38232,38440,Meyssiez,38
38235,38450,Miribel-Lanchâtre,38
38236,38380,Miribel-les-Échelles,38
38237,38142,Mizoën,38
38238,38440,Moidieu-Détourbe,38
38239,38430,Moirans,38
38240,38270,Moissieu-sur-Dolon,38
38241,38970,Monestier-d'Ambel,38
38242,38650,Monestier-de-Clermont,38
38243,38930,Le Monestier-du-Percy,38
38244,38122,Monsteroux-Milieu,38
38247,38390,Montalieu-Vercieu,38
38249,38330,Montbonnot-Saint-Martin,38
38250,38890,Montcarra,38
38252,38220,Montchaboud,38
38253,38860,Les Deux Alpes,38
38254,38770,Monteynard,38
38255,38940,Montfalcon,38
38256,38620,Montferrat,38
38257,38690,Montrevel,38
38259,38122,Montseveroux,38
38260,38460,Moras,38
38261,38510,Morestel,38
38263,38210,Morette,38
38264,38350,La Morte,38
38265,38770,La Motte-d'Aveillans,38
38266,38770,La Motte-Saint-Martin,38
38267,38260,Mottier,38
38268,38580,Le Moutaret,38
38269,38350,La Mure,38
38270,38140,La Murette,38
38271,38420,Murianette,38
38272,38160,Murinais,38
38273,38350,Nantes-en-Ratier,38
38274,38260,Nantoin,38
38275,38470,Serre-Nerpol,38
38276,38300,Nivolas-Vermelle,38
38277,38450,Notre-Dame-de-Commiers,38
38278,38470,Notre-Dame-de-l'Osier,38
38279,38220,Notre-Dame-de-Mésage,38
38280,38144,Notre-Dame-de-Vaulx,38
38281,38360,Noyarey,38
38282,38460,Optevoz,38
38283,38350,Oris-en-Rattier,38
38284,38260,Ornacieux,38
38285,38520,Ornon,38
38286,38520,Oulles,38
38287,38690,Oyeu,38
38288,38780,Oytier-Saint-Oblas,38
38289,38114,Oz,38
38290,38270,Pact,38
38291,38260,Pajay,38
38292,38850,Villages du Lac de Paladru,38
38293,38730,Panissage,38
38294,38460,Panossas,38
38295,38390,Parmilieu,38
38296,38490,Le Passage,38
38297,38510,Arandon-Passins,38
38298,38550,Le Péage-de-Roussillon,38
38299,38970,Pellafol,38
38300,38260,Penol,38
38301,38930,Percy,38
38302,38740,Le Périer,38
38303,38570,La Pierre,38
38304,38119,Pierre-Châtel,38
38306,38580,Pinsot,38
38307,38270,Pisieu,38
38308,38590,Plan,38
38309,38320,Poisat,38
38310,38210,Poliénas,38
38311,38260,Pommier-de-Beaurepaire,38
38312,38340,Pommiers-la-Placette,38
38313,38350,Ponsonnas,38
38314,38530,Pontcharra,38
38315,38480,Le Pont-de-Beauvoisin,38
38316,38230,Pont-de-Chéruy,38
38317,38800,Le Pont-de-Claix,38
38318,38780,Pont-Évêque,38
38319,38680,Pont-en-Royans,38
38320,38390,Porcieu-Amblagnieu,38
38321,38710,Prébois,38
38322,38680,Presles,38
38323,38480,Pressins,38
38324,38270,Primarette,38
38325,38120,Proveysieux,38
38328,38950,Quaix-en-Chartreuse,38
38329,38970,Quet-en-Beaumont,38
38330,38470,Quincieu,38
38331,38140,Réaumont,38
38332,38140,Renage,38
38333,38680,Rencurel,38
38335,38270,Revel-Tourdan,38
38336,38121,Reventin-Vaugris,38
38337,38140,Rives,38
38339,38090,Roche,38
38340,38370,Les Roches-de-Condrieu,38
38341,38110,Rochetoirin,38
38342,38650,Roissard,38
38343,38480,Romagnieu,38
38344,38150,Roussillon,38
38345,38470,Rovon,38
38346,38440,Royas,38
38347,38940,Roybon,38
38348,38300,Ruy-Montceau,38
38351,38300,Saint-Agnin-sur-Bion,38
38352,38080,Saint-Alban-de-Roche,38
38353,38370,Saint-Alban-du-Rhône,38
38354,38480,Saint-Albin-de-Vaulserre,38
38356,38680,Saint-André-en-Royans,38
38357,38490,Saint-André-le-Gaz,38
38358,38440,Sainte-Anne-sur-Gervonde,38
38359,38160,Saint Antoine l'Abbaye,38
38360,38160,Saint-Appolinard,38
38361,38350,Saint-Arey,38
38362,38960,Saint-Aupre,38
38363,38270,Saint-Barthélemy,38
38364,38220,Saint-Barthélemy-de-Séchilienne,38
38365,38118,Saint-Baudille-de-la-Tour,38
38366,38710,Saint-Baudille-et-Pipet,38
38368,38140,Saint-Blaise-du-Buis,38
38369,38110,Sainte-Blandine,38
38370,38840,Saint-Bonnet-de-Chavagne,38
38372,38620,Saint-Bueil,38
38374,38890,Saint-Chef,38
38375,38520,Saint-Christophe-en-Oisans,38
38376,38380,Saint-Christophe-sur-Guiers,38
38377,38110,Saint-Clair-de-la-Tour,38
38378,38370,Saint-Clair-du-Rhône,38
38379,38940,Saint-Clair-sur-Galaure,38
38380,38690,Saint-Didier-de-Bizonnes,38
38381,38110,Saint-Didier-de-la-Tour,38
38382,38120,Saint-Égrève,38
38383,38960,Saint-Étienne-de-Crossey,38
38384,38590,Saint-Étienne-de-Saint-Geoirs,38
38386,38620,Saint-Geoire-en-Valdaine,38
38387,38590,Saint-Geoirs,38
38388,38450,Saint-Georges-de-Commiers,38
38389,38790,Saint-Georges-d'Espéranche,38
38391,38650,Saint-Guillaume,38
38392,38460,Saint-Hilaire-de-Brens,38
38393,38260,Saint-Hilaire-de-la-Côte,38
38394,38840,Saint-Hilaire-du-Rosier,38
38396,38350,Saint-Honoré,38
38397,38330,Saint-Ismier,38
38398,38480,Saint-Jean-d'Avelanne,38
38399,38440,Saint-Jean-de-Bournay,38
38400,38430,Saint-Jean-de-Moirans,38
38401,38110,Saint-Jean-de-Soudain,38
38402,38220,Saint-Jean-de-Vaulx,38
38403,38710,Saint-Jean-d'Hérans,38
38405,38134,Saint-Joseph-de-Rivière,38
38406,38122,Saint-Julien-de-l'Herms,38
38407,38134,La Sure en Chartreuse,38
38408,38540,Saint-Just-Chaleyssin,38
38409,38680,Saint-Just-de-Claix,38
38410,38840,Saint-Lattier,38
38412,38380,Saint-Laurent-du-Pont,38
38413,38350,Saint-Laurent-en-Beaumont,38
38414,38970,Sainte-Luce,38
38415,38080,Saint-Marcel-Bel-Accueil,38
38416,38160,Saint-Marcellin,38
38417,38660,Sainte-Marie-d'Alloix,38
38418,38660,Sainte-Marie-du-Mont,38
38419,38930,Saint-Martin-de-Clelles,38
38420,38480,Saint-Martin-de-Vaulserre,38
38421,38400,Saint-Martin-d'Hères,38
38422,38410,Saint-Martin-d'Uriage,38
38423,38950,Saint-Martin-le-Vinoux,38
38424,38930,Saint-Maurice-en-Trièves,38
38425,38550,Saint-Maurice-l'Exil,38
38427,38590,Saint-Michel-de-Saint-Geoirs,38
38428,38350,Saint-Michel-en-Beaumont,38
38429,38650,Saint-Michel-les-Portes,38
38430,38190,Saint-Mury-Monteymond,38
38431,38330,Saint-Nazaire-les-Eymes,38
38432,38500,Saint-Nicolas-de-Macherin,38
38433,38250,Saint-Nizier-du-Moucherotte,38
38434,38490,Saint-Ondras,38
38435,38660,Saint-Pancrasse,38
38436,38760,Saint-Paul-de-Varces,38
38437,38140,Saint-Paul-d'Izeaux,38
38438,38650,Saint-Paul-lès-Monestier,38
38439,38570,Crêts en Belledonne,38
38440,38870,Saint-Pierre-de-Bressieux,38
38442,38380,Saint-Pierre-de-Chartreuse,38
38443,38160,Saint-Pierre-de-Chérennes,38
38444,38350,Saint-Pierre-de-Méaroz,38
38445,38220,Saint-Pierre-de-Mésage,38
38446,38380,Saint-Pierre-d'Entremont,38
38448,38370,Saint-Prim,38
38449,38070,Saint-Quentin-Fallavier,38
38450,38210,Saint-Quentin-sur-Isère,38
38451,38460,Saint-Romain-de-Jalionas,38
38452,38150,Saint-Romain-de-Surieu,38
38453,38160,Saint-Romans,38
38456,38710,Châtel-en-Trièves,38
38457,38870,Saint-Siméon-de-Bressieux,38
38458,38510,Saint-Sorlin-de-Morestel,38
38459,38200,Saint-Sorlin-de-Vienne,38
38460,38620,Saint-Sulpice-des-Rivoires,38
38462,38119,Saint-Théoffrey,38
38463,38160,Saint-Vérand,38
38464,38110,Saint-Victor-de-Cessieu,38
38465,38510,Saint-Victor-de-Morestel,38
38466,38660,Saint-Vincent-de-Mercuze,38
38467,38890,Salagnon,38
38468,38150,Salaise-sur-Sanne,38
38469,38970,La Salette-Fallavaux,38
38470,38350,La Salle-en-Beaumont,38
38471,38700,Le Sappey-en-Chartreuse,38
38472,38700,Sarcenas,38
38473,38260,Sardieu,38
38474,38360,Sassenage,38
38475,38290,Satolas-et-Bonce,38
38476,38440,Savas-Mépin,38
38478,38220,Séchilienne,38
38479,38260,Semons,38
38480,38780,Septème,38
38481,38300,Sérézin-de-la-Tour,38
38483,38510,Sermérieu,38
38484,38200,Serpaize,38
38485,38170,Seyssinet-Pariset,38
38486,38180,Seyssins,38
38487,38200,Seyssuel,38
38488,38460,Siccieu-Saint-Julien-et-Carisieu,38
38489,38350,Siévoz,38
38490,38590,Sillans,38
38492,38650,Sinard,38
38494,38460,Soleymieu,38
38495,38840,La Sône,38
38496,38150,Sonnay,38
38497,38350,Sousville,38
38498,38300,Succieu,38
38499,38350,Susville,38
38500,38470,Têche,38
38501,38570,Tencin,38
38503,38660,La Terrasse,38
38504,38570,Theys,38
38505,38260,Thodure,38
38507,38230,Tignieu-Jameyzieu,38
38508,38690,Torchefelon,38
38509,38110,La Tour-du-Pin,38
38511,38660,Le Touvet,38
38512,38300,Tramolé,38
38513,38650,Treffort,38
38514,38710,Tréminis,38
38515,38460,Trept,38
38516,38700,La Tronche,38
38517,38210,Tullins,38
38518,38740,Valbonnais,38
38519,38540,Valencin,38
38520,38730,Valencogne,38
38521,38350,La Valette,38
38522,38740,Valjouffrey,38
38523,38470,Varacieux,38
38524,38760,Varces-Allières-et-Risset,38
38525,38890,Vasselin,38
38526,38470,Vatilieu,38
38527,38114,Vaujany,38
38528,38410,Vaulnaveys-le-Bas,38
38529,38410,Vaulnaveys-le-Haut,38
38530,38090,Vaulx-Milieu,38
38531,38620,Velanne,38
38532,38460,Vénérieu,38
38534,38520,Vénosc,38
38535,38460,Vernas,38
38536,38150,Vernioz,38
38537,38290,La Verpillière,38
38538,38420,Le Versoud,38
38539,38390,Vertrieu,38
38540,38113,Veurey-Voroize,38
38542,38460,Veyssilieu,38
38543,38510,Vézeronce-Curtin,38
38544,38200,Vienne,38
38545,38450,Vif,38
38546,38890,Vignieu,38
38547,38190,Villard-Bonnot,38
38548,38250,Villard-de-Lans,38
38549,38520,Villard-Notre-Dame,38
38550,38114,Villard-Reculas,38
38551,38520,Villard-Reymond,38
38552,38119,Villard-Saint-Christophe,38
38553,38090,Villefontaine,38
38554,38460,Villemoirieu,38
38555,38440,Villeneuve-de-Marc,38
38556,38150,Ville-sous-Anjou,38
38557,38280,Villette-d'Anthon,38
38558,38200,Villette-de-Vienne,38
38559,38470,Vinay,38
38560,38730,Virieu,38
38561,38980,Viriville,38
38562,38220,Vizille,38
38563,38500,Voiron,38
38564,38620,Voissant,38
38565,38340,Voreppe,38
38566,38210,Vourey,38
38567,38410,Chamrousse,38
39001,39500,Abergement-la-Ronce,39
39002,39600,Abergement-le-Grand,39
39003,39800,Abergement-le-Petit,39
39004,39110,Abergement-lès-Thésy,39
39006,39110,Aiglepierre,39
39007,39270,Alièze,39
39008,39700,Amange,39
39009,39110,Andelot-en-Montagne,39
39010,39320,Andelot-Morval,39
39011,39120,Annoire,39
39013,39600,Arbois,39
39014,39290,Archelange,39
39015,39300,Ardon,39
39016,39240,Arinthod,39
39017,39140,Arlay,39
39018,39240,Aromas,39
39019,39600,Les Arsures,39
39020,39250,Arsure-Arsurette,39
39021,39270,La Chailleuse,39
39022,39120,Asnans-Beauvoisin,39
39024,39700,Audelange,39
39025,39190,Augea,39
39026,39380,Augerans,39
39027,39270,Augisey,39
39028,39800,Aumont,39
39029,39410,Aumur,39
39030,39100,Authume,39
39031,39700,Auxange,39
39032,39200,Avignon-lès-Saint-Claude,39
39034,39120,Balaiseaux,39
39035,39160,Balanod,39
39036,39320,La Balme-d'Épy,39
39037,39380,Bans,39
39038,39130,Barésia-sur-l'Ain,39
39039,39700,La Barre,39
39040,39800,Barretaine,39
39041,39210,Baume-les-Messieurs,39
39042,39100,Baverans,39
39045,39270,Beffia,39
39046,39310,Bellecombe,39
39047,39400,Bellefontaine,39
39049,39800,Bersaillin,39
39050,39800,Besain,39
39051,39290,Biarne,39
39052,39150,Bief-des-Maisons,39
39053,39250,Bief-du-Fourg,39
39054,39800,Biefmorin,39
39055,39250,Billecul,39
39056,39140,Bletterans,39
39057,39210,Blois-sur-Seille,39
39058,39130,Blye,39
39059,39220,Bois-d'Amont,39
39060,39230,Bois-de-Gand,39
39061,39130,Boissia,39
39063,39130,Bonlieu,39
39064,39190,Bonnaud,39
39065,39800,Bonnefontaine,39
39066,39570,Bornay,39
39068,39370,Les Bouchoux,39
39069,39320,Bourcia,39
39070,39300,Bourg-de-Sirod,39
39072,39110,Bracon,39
39073,39800,Brainans,39
39074,39290,Brans,39
39075,39230,Bréry,39
39077,39120,Bretenières,39
39078,39100,Brevans,39
39079,39570,Briod,39
39080,39320,Broissia,39
39081,39800,Buvilly,39
39083,39250,Censeau,39
39084,39110,Cernans,39
39085,39250,Cerniébaud,39
39086,39240,Cernon,39
39088,39570,Cesancey,39
39089,39240,Cézia,39
39090,39120,Chaînée-des-Coupis,39
39091,39150,Les Chalesmes,39
39092,39270,Chambéria,39
39093,39380,Chamblay,39
39094,39800,Chamole,39
39095,39600,Champagne-sur-Loue,39
39097,39300,Champagnole,39
39099,39500,Champdivers,39
39100,39230,Champrougier,39
39101,39100,Champvans,39
39102,1590,Chancia,39
39103,39110,La Chapelle-sur-Furieuse,39
39104,39140,Chapelle-Voland,39
39105,39300,Chapois,39
39106,39260,Charchilla,39
39107,39130,Charcier,39
39108,39250,Charency,39
39109,39130,Charézier,39
39110,39230,La Charme,39
39111,39240,Charnod,39
39112,39230,La Chassagne,39
39113,39360,Chassal,39
39114,39210,Château-Chalon,39
39115,39150,Château-des-Prés,39
39116,39600,La Châtelaine,39
39117,39380,Chatelay,39
39118,39130,Châtel-de-Joux,39
39119,39230,Le Chateley,39
39120,39300,Châtelneuf,39
39121,39700,Châtenois,39
39123,39240,Chatonnay,39
39124,39230,Chaumergy,39
39126,39150,La Chaumusse,39
39127,39800,Chaussenans,39
39128,39120,Chaussin,39
39129,39150,Chaux-des-Crotenay,39
39130,39150,Nanchez,39
39131,39150,La Chaux-du-Dombief,39
39132,39230,La Chaux-en-Bresse,39
39133,39110,Chaux-Champagny,39
39134,39270,Chavéria,39
39136,39230,Chemenot,39
39137,39240,Chemilla,39
39138,39120,Chemin,39
39139,39120,Chêne-Bernard,39
39140,39230,Chêne-Sec,39
39141,39290,Chevigny,39
39142,39190,Chevreaux,39
39143,39130,Chevrotaine,39
39145,39570,Chille,39
39146,39570,Chilly-le-Vignoble,39
39147,39110,Chilly-sur-Salins,39
39148,39240,Chisséria,39
39149,39380,Chissey-sur-Loue,39
39150,39100,Choisey,39
39151,39370,Choux,39
39154,39130,Clairvaux-les-Lacs,39
39155,39110,Clucy,39
39156,39130,Cogna,39
39157,39200,Coiserette,39
39158,39240,Coisia,39
39159,39800,Colonne,39
39160,39140,Commenailles,39
39163,39240,Condes,39
39164,39570,Conliège,39
39165,39300,Conte,39
39166,39240,Cornod,39
39167,39140,Cosges,39
39168,39570,Courbette,39
39169,39570,Courbouzon,39
39170,39570,Courlans,39
39171,39570,Courlaoux,39
39173,39190,Cousance,39
39174,39200,Coyrière,39
39175,39260,Coyron,39
39176,39600,Cramans,39
39179,39260,Crenans,39
39180,39270,Cressia,39
39182,39100,Crissey,39
39183,39300,Crotenay,39
39184,39260,Les Crozets,39
39185,39190,Cuisia,39
39186,39170,Cuttura,39
39187,39250,Cuvier,39
39188,39290,Dammartin-Marpain,39
39189,39500,Damparis,39
39191,39230,Darbonnay,39
39192,39130,Denezières,39
39193,39120,Le Deschaux,39
39194,39140,Desnes,39
39195,39320,Dessia,39
39196,39230,Les Deux-Fays,39
39197,39190,Digna,39
39198,39100,Dole,39
39199,39210,Domblans,39
39200,39270,Dompierre-sur-Mont,39
39201,39130,Doucier,39
39202,39110,Dournon,39
39203,39250,Doye,39
39204,39240,Dramelay,39
39205,39700,Éclans-Nenon,39
39206,39600,Écleux,39
39207,39270,Écrille,39
39208,39150,Entre-deux-Monts,39
39209,39160,Val-d'Épy,39
39210,39300,Équevillon,39
39211,39120,Les Essards-Taignevaux,39
39214,39250,Esserval-Tartre,39
39216,39130,Étival,39
39217,39570,L'Étoile,39
39218,39700,Étrepigney,39
39219,39700,Évans,39
39220,39700,Falletans,39
39221,39250,La Favière,39
39222,39800,Fay-en-Montagne,39
39223,39600,La Ferté,39
39224,39240,Fétigny,39
39225,39800,Le Fied,39
39227,39520,Foncine-le-Bas,39
39228,39460,Foncine-le-Haut,39
39229,39140,Fontainebrux,39
39230,39130,Fontenu,39
39232,39150,Fort-du-Plasne,39
39234,39230,Foulenay,39
39235,39700,Fraisans,39
39237,39250,Fraroz,39
39238,39290,Frasne-les-Meulières,39
39239,39130,La Frasnée,39
39240,39130,Le Frasnois,39
39241,39570,Frébuans,39
39244,39210,Frontenay,39
39245,39120,Gatey,39
39246,39350,Gendrey,39
39247,39240,Genod,39
39248,39110,Geraise,39
39249,39380,Germigney,39
39250,39570,Geruge,39
39251,39570,Gevingey,39
39252,39100,Gevry,39
39253,39320,Gigny,39
39254,39250,Gillois,39
39255,39190,Gizia,39
39258,39150,Grande-Rivière,39
39259,39600,Grange-de-Vaivre,39
39261,39320,Graye-et-Charnay,39
39262,39290,Gredisans,39
39263,39800,Grozon,39
39264,39190,Grusse,39
39265,39130,Hautecour,39
39266,39120,Les Hays,39
39267,39110,Ivory,39
39268,39110,Ivrey,39
39269,39360,Jeurre,39
39270,39100,Jouhe,39
39271,39150,Lac-des-Rouges-Truites,39
39272,39210,Ladoye-sur-Seille,39
39273,39320,Montlainsia,39
39274,1410,Lajoux,39
39275,39310,Lamoura,39
39277,39300,Le Larderet,39
39278,39130,Largillay-Marsonnay,39
39279,39140,Larnaud,39
39280,39360,Larrivoire,39
39281,39300,Le Latet,39
39282,39250,La Latette,39
39283,1590,Lavancia-Epercy,39
39284,39700,Lavangeot,39
39285,39700,Lavans-lès-Dole,39
39286,39170,Lavans-lès-Saint-Claude,39
39287,39240,Lavans-sur-Valouse,39
39288,39210,Lavigny,39
39289,39260,Lect,39
39290,39240,Valzin en Petite Montagne,39
39291,39110,Lemuy,39
39293,39170,Leschères,39
39295,39320,Loisia,39
39297,39400,Longchaumois,39
39298,39250,Longcochon,39
39299,39120,Longwy-sur-le-Doubs,39
39300,39000,Lons-le-Saunier,39
39301,39300,Loulle,39
39302,39350,Louvatange,39
39303,39320,Louvenne,39
39304,39210,Le Louverot,39
39305,39380,La Loye,39
39306,39570,Macornay,39
39307,39260,Maisod,39
39308,39700,Malange,39
39309,39190,Mallerey,39
39310,39230,Mantry,39
39312,39240,Marigna-sur-Valouse,39
39314,39270,Marnézia,39
39315,39110,Marnoz,39
39317,39210,La Marre,39
39318,39260,Martigna,39
39319,39600,Mathenay,39
39320,39190,Maynal,39
39321,39210,Menétru-le-Vignoble,39
39322,39130,Menétrux-en-Joux,39
39323,39290,Menotey,39
39324,39270,Mérona,39
39325,39600,Mesnay,39
39326,39130,Mesnois,39
39327,39570,Messia-sur-Sorne,39
39328,39260,Meussia,39
39329,39250,Mièges,39
39330,39800,Miéry,39
39331,39250,Mignovillard,39
39333,39260,Moirans-en-Montagne,39
39334,39570,Moiron,39
39335,39290,Moissey,39
39337,39600,Molamboz,39
39338,39500,Molay,39
39339,39360,Molinges,39
39341,39310,Les Molunes,39
39342,39230,Monay,39
39343,39320,Monnetay,39
39344,39300,Monnet-la-Ville,39
39345,39100,Monnières,39
39346,39160,Montagna-le-Reconduit,39
39347,39320,Montagna-le-Templier,39
39349,39210,Montain,39
39350,39380,Montbarrey,39
39351,39260,Montcusel,39
39352,39700,Monteplain,39
39353,39320,Montfleur,39
39354,39800,Montholier,39
39355,39600,Montigny-lès-Arsures,39
39356,39300,Montigny-sur-l'Ain,39
39359,39110,Montmarlon,39
39360,39290,Montmirey-la-Ville,39
39361,39290,Montmirey-le-Château,39
39362,39570,Montmorot,39
39365,39380,Mont-sous-Vaudrey,39
39366,39300,Mont-sur-Monnet,39
39367,39400,Morbier,39
39368,39400,Hauts de Bienne,39
39370,39330,Mouchard,39
39372,39250,Mournans-Charbonny,39
39373,39310,Les Moussières,39
39375,39270,Moutonne,39
39376,39300,Moutoux,39
39377,39290,Mutigney,39
39378,39160,Les Trois Châteaux,39
39379,39140,Nance,39
39380,39270,Nancuise,39
39381,39300,Les Nans,39
39385,39120,Neublans-Abergement,39
39386,39800,Neuvilley,39
39387,39380,Nevy-lès-Dole,39
39388,39210,Nevy-sur-Seille,39
39389,39300,Ney,39
39390,39570,Nogna,39
39391,39250,Nozeroy,39
39392,39290,Offlanges,39
39393,39250,Onglières,39
39394,39270,Onoz,39
39395,39190,Orbagna,39
39396,39700,Orchamps,39
39397,39270,Orgelet,39
39398,39350,Ougney,39
39399,39380,Ounans,39
39400,39700,Our,39
39401,39800,Oussières,39
39402,39350,Pagney,39
39403,39330,Pagnoz,39
39404,39570,Pannessières,39
39405,39100,Parcey,39
39406,39300,Le Pasquier,39
39407,39230,Passenans,39
39408,39130,Patornay,39
39409,39290,Peintre,39
39411,39570,Perrigny,39
39412,39120,Peseux,39
39413,39370,La Pesse,39
39414,39350,Le Petit-Mercey,39
39415,39120,Petit-Noir,39
39417,39150,Les Piards,39
39418,39800,Picarreau,39
39419,39300,Pillemoine,39
39420,39270,Pimorin,39
39422,39210,Plainoiseau,39
39423,39270,Plaisia,39
39424,39150,Les Planches-en-Montagne,39
39425,39600,Les Planches-près-Arbois,39
39426,39210,Plasne,39
39427,39250,Plénise,39
39428,39250,Plénisette,39
39429,39120,Pleure,39
39430,39700,Plumont,39
39431,39570,Poids-de-Fiole,39
39432,39290,Pointre,39
39435,39130,Pont-de-Poitte,39
39436,39110,Pont-d'Héry,39
39437,39300,Pont-du-Navoy,39
39439,39330,Port-Lesney,39
39440,39170,Pratz,39
39441,39220,Prémanon,39
39443,39270,Présilly,39
39444,39110,Pretin,39
39445,39570,Publy,39
39446,39600,Pupillin,39
39447,39570,Quintigny,39
39449,39290,Rainans,39
39451,39700,Ranchot,39
39452,39700,Rans,39
39453,39170,Ravilloles,39
39454,39230,Recanoz,39
39455,39270,Reithouse,39
39456,39140,Relans,39
39457,39140,Les Repôts,39
39458,39570,Revigny,39
39460,39200,La Rixouse,39
39461,39250,Rix,39
39462,39700,Rochefort-sur-Nenon,39
39463,39360,Rogna,39
39465,39700,Romange,39
39466,39190,Rosay,39
39467,39190,Rotalier,39
39468,39270,Rothonay,39
39469,39350,Rouffange,39
39470,39220,Les Rousses,39
39471,39140,Ruffey-sur-Seille,39
39472,39230,Rye,39
39473,39130,Saffloz,39
39475,39160,Saint-Amour,39
39477,39120,Saint-Baraing,39
39478,39200,Saint-Claude,39
39479,39600,Saint-Cyr-Montmalin,39
39481,39300,Saint-Germain-en-Montagne,39
39483,39240,Saint-Hymetière,39
39484,39160,Saint-Jean-d'Étreux,39
39485,39320,Val Suran,39
39486,39230,Saint-Lamain,39
39487,39150,Saint-Laurent-en-Grandvaux,39
39489,39230,Saint-Lothain,39
39491,39170,Coteaux du Lizon,39
39493,39130,Saint-Maurice-Crillat,39
39495,39110,Saint-Thiébaud,39
39497,39110,Saizenay,39
39498,39700,Salans,39
39499,39350,Saligney,39
39500,39110,Salins-les-Bains,39
39501,39100,Sampans,39
39502,39380,Santans,39
39503,39300,Sapois,39
39504,39270,Sarrogna,39
39505,39130,Saugeot,39
39506,39240,Savigna,39
39507,39120,Séligney,39
39508,39230,Sellières,39
39510,39310,Septmoncel les Molunes,39
39511,39230,Sergenaux,39
39512,39120,Sergenon,39
39513,39700,Sermange,39
39514,39700,Serre-les-Moulières,39
39517,39300,Sirod,39
39518,39130,Songeson,39
39519,39130,Soucia,39
39520,39380,Souvans,39
39522,39300,Supt,39
39523,39300,Syam,39
39525,39120,Tassenières,39
39526,39500,Tavaux,39
39527,39350,Taxenne,39
39528,39290,Thervay,39
39529,39110,Thésy,39
39530,39240,Thoirette-Coisia,39
39531,39130,Thoiria,39
39532,39160,Thoissia,39
39533,39230,Toulouse-le-Château,39
39534,39270,La Tour-du-Meix,39
39535,39800,Tourmont,39
39537,39570,Trenal,39
39538,39130,Uxelles,39
39539,39600,Vadans,39
39540,39300,Valempoulières,39
39542,39240,Valfin-sur-Valouse,39
39543,39300,Vannoz,39
39545,39300,Le Vaudioux,39
39546,39380,Vaudrey,39
39547,39360,Vaux-lès-Saint-Claude,39
39548,39800,Vaux-sur-Poligny,39
39549,39190,Vercia,39
39550,39570,Verges,39
39551,39160,Véria,39
39552,39570,Vernantois,39
39553,39210,Le Vernois,39
39554,39300,Vers-en-Montagne,39
39555,39230,Vers-sous-Sellières,39
39556,39130,Vertamboz,39
39557,39240,Vescles,39
39558,39570,Vevy,39
39559,39380,La Vieille-Loye,39
39560,39200,Villard-Saint-Sauveur,39
39561,39260,Villards-d'Héria,39
39562,39150,Villard-sur-Bienne,39
39564,39320,Villechantria,39
39565,39600,Villeneuve-d'Aval,39
39566,39240,Villeneuve-lès-Charnod,39
39567,39570,Villeneuve-sous-Pymont,39
39568,39800,Villerserine,39
39569,39600,Villers-Farlay,39
39570,39120,Villers-les-Bois,39
39571,39120,Villers-Robert,39
39572,39600,Villette-lès-Arbois,39
39573,39100,Villette-lès-Dole,39
39574,39140,Villevieux,39
39575,39230,Le Villey,39
39576,39190,Val-Sonnette,39
39577,39230,Vincent-Froideville,39
39579,39360,Viry,39
39581,39350,Vitreux,39
39582,39210,Voiteur,39
39583,39240,Vosbles-Valfin,39
39584,39700,Vriange,39
39585,39360,Vulvoz,39
39586,39110,Aresches,39
40001,40800,Aire-sur-l'Adour,40
40002,40330,Amou,40
40003,40990,Angoumé,40
40004,40150,Angresse,40
40005,40320,Arboucave,40
40006,40110,Arengosse,40
40007,40700,Argelos,40
40008,40430,Argelouse,40
40009,40110,Arjuzanx,40
40011,40330,Arsague,40
40012,40090,Artassenx,40
40013,40190,Arthez-d'Armagnac,40
40014,40120,Arue,40
40015,40310,Arx,40
40016,40700,Aubagnan,40
40017,40500,Audignon,40
40018,40400,Audon,40
40019,40200,Aureilhan,40
40020,40500,Aurice,40
40021,40140,Azur,40
40022,40320,Bahus-Soubiran,40
40023,40380,Baigts,40
40024,40500,Banos,40
40025,40090,Bascons,40
40026,40500,Bas-Mauco,40
40027,40700,Bassercles,40
40028,40360,Bastennes,40
40029,40320,Bats,40
40030,40310,Baudignan,40
40031,40400,Bégaar,40
40032,40410,Belhade,40
40033,40120,Bélis,40
40034,40300,Bélus,40
40035,40180,Bénesse-lès-Dax,40
40036,40230,Bénesse-Maremne,40
40037,40280,Benquet,40
40038,40250,Bergouey,40
40039,40240,Betbezer-d'Armagnac,40
40040,40370,Beylongue,40
40041,40700,Beyries,40
40042,40390,Biarrotte,40
40043,40170,Bias,40
40044,40390,Biaudos,40
40046,40600,Biscarrosse,40
40047,40330,Bonnegarde,40
40048,40370,Boos,40
40049,40270,Bordères-et-Lamensans,40
40050,40090,Bostens,40
40051,40090,Bougue,40
40052,40190,Bourdalat,40
40053,40120,Bourriot-Bergonce,40
40054,40330,Brassempouy,40
40055,40280,Bretagne-de-Marsan,40
40056,40420,Brocas,40
40057,40320,Buanes,40
40058,40120,Cachen,40
40059,40300,Cagnotte,40
40060,40430,Callen,40
40062,40090,Campet-et-Lamolère,40
40063,40180,Candresse,40
40064,40090,Canenx-et-Réaut,40
40065,40130,Capbreton,40
40066,40400,Carcarès-Sainte-Croix,40
40067,40400,Carcen-Ponson,40
40068,40380,Cassen,40
40069,40700,Castaignos-Souslens,40
40070,40270,Castandet,40
40071,40360,Castelnau-Chalosse,40
40072,40320,Castelnau-Tursan,40
40073,40700,Castelner,40
40074,40330,Castel-Sarrazin,40
40075,40260,Castets,40
40076,40500,Cauna,40
40077,40300,Cauneille,40
40078,40250,Caupenne,40
40080,40270,Cazères-sur-l'Adour,40
40081,40090,Cère,40
40082,40320,Classun,40
40083,40320,Clèdes,40
40085,40210,Commensacq,40
40086,40500,Coudures,40
40087,40240,Créon-d'Armagnac,40
40088,40100,Dax,40
40089,40700,Doazit,40
40090,40360,Donzacq,40
40091,40800,Duhort-Bachen,40
40092,40500,Dumes,40
40093,40310,Escalans,40
40094,40210,Escource,40
40095,40290,Estibeaux,40
40096,40240,Estigarde,40
40097,40320,Eugénie-les-Bains,40
40098,40500,Eyres-Moncube,40
40100,40190,Le Frêche,40
40101,40350,Gaas,40
40102,40310,Gabarret,40
40103,40090,Gaillères,40
40104,40380,Gamarde-les-Bains,40
40105,40420,Garein,40
40106,40180,Garrey,40
40107,40110,Garrosse,40
40108,40160,Gastes,40
40109,40330,Gaujacq,40
40110,40320,Geaune,40
40111,40090,Geloux,40
40112,40380,Gibret,40
40113,40180,Goos,40
40114,40990,Gourbera,40
40115,40465,Gousse,40
40116,40400,Gouts,40
40117,40270,Grenade-sur-l'Adour,40
40118,40290,Habas,40
40119,40700,Hagetmau,40
40120,40300,Hastingues,40
40121,40250,Hauriet,40
40122,40280,Haut-Mauco,40
40123,40990,Herm,40
40124,40310,Herré,40
40125,40180,Heugas,40
40126,40180,Hinx,40
40127,40190,Hontanx,40
40128,40700,Horsarrieu,40
40129,40230,Josse,40
40130,40700,Labastide-Chalosse,40
40131,40240,Labastide-d'Armagnac,40
40133,40530,Labenne,40
40134,40210,Labouheyre,40
40135,40420,Labrit,40
40136,40320,Lacajunte,40
40137,40120,Lacquy,40
40138,40700,Lacrabe,40
40139,40090,Laglorieuse,40
40140,40240,Lagrange,40
40141,40250,Lahosse,40
40142,40465,Laluque,40
40143,40250,Lamothe,40
40144,40250,Larbey,40
40145,40270,Larrivière-Saint-Savin,40
40146,40800,Latrille,40
40147,40250,Laurède,40
40149,40120,Lencouacq,40
40150,40550,Léon,40
40151,40400,Lesgor,40
40152,40260,Lesperon,40
40153,40250,Le Leuy,40
40154,40170,Lévignacq,40
40155,40260,Linxe,40
40156,40410,Liposthey,40
40157,40170,Lit-et-Mixe,40
40158,40240,Losse,40
40159,40380,Louer,40
40160,40250,Lourquen,40
40161,40240,Lubbon,40
40162,40090,Lucbardez-et-Bargues,40
40163,40210,Lüe,40
40164,40120,Retjons,40
40165,40630,Luglon,40
40166,40270,Lussagnet,40
40167,40430,Luxey,40
40168,40140,Magescq,40
40169,40120,Maillas,40
40170,40120,Maillères,40
40171,40410,Mano,40
40172,40700,Mant,40
40173,40330,Marpaps,40
40174,40320,Mauries,40
40175,40270,Maurrin,40
40176,40240,Mauvezin-d'Armagnac,40
40177,40250,Maylis,40
40179,40990,Mées,40
40182,40170,Mézos,40
40183,40350,Mimbaste,40
40184,40200,Mimizan,40
40185,40320,Miramont-Sensacq,40
40186,40290,Misson,40
40187,40660,Moliets-et-Maa,40
40188,40700,Momuy,40
40189,40700,Monget,40
40192,40000,Mont-de-Marsan,40
40194,40380,Montfort-en-Chalosse,40
40196,40500,Montsoué,40
40197,40110,Morcenx,40
40198,40700,Morganx,40
40199,40290,Mouscardès,40
40200,40410,Moustey,40
40201,40250,Mugron,40
40202,40180,Narrosse,40
40203,40330,Nassiet,40
40204,40250,Nerbis,40
40205,40380,Nousse,40
40206,40300,Oeyregave,40
40207,40180,Oeyreluy,40
40208,40380,Onard,40
40209,40440,Ondres,40
40210,40110,Onesse-Laharie,40
40211,40300,Orist,40
40212,40300,Orthevielle,40
40213,40230,Orx,40
40214,40290,Ossages,40
40215,40110,Ousse-Suzan,40
40216,40380,Ozourt,40
40217,40160,Parentis-en-Born,40
40218,40310,Parleboscq,40
40219,40320,Payros-Cazautets,40
40220,40320,Pécorade,40
40221,40190,Perquie,40
40222,40300,Pey,40
40223,40700,Peyre,40
40224,40300,Peyrehorade,40
40225,40320,Philondenx,40
40226,40320,Pimbo,40
40227,40410,Pissos,40
40228,40360,Pomarez,40
40229,40200,Pontenx-les-Forges,40
40230,40465,Pontonx-sur-l'Adour,40
40231,40300,Port-de-Lanne,40
40232,40700,Poudenx,40
40233,40350,Pouillon,40
40234,40120,Pouydesseaux,40
40235,40380,Poyanne,40
40236,40380,Poyartin,40
40237,40465,Préchacq-les-Bains,40
40238,40190,Pujo-le-Plan,40
40239,40320,Puyol-Cazalet,40
40240,40270,Renung,40
40242,40310,Rimbez-et-Baudiets,40
40243,40370,Rion-des-Landes,40
40244,40180,Rivière-Saas-et-Gourby,40
40246,40630,Sabres,40
40247,40800,Saint-Agnet,40
40248,40390,Saint-André-de-Seignanx,40
40253,40700,Saint-Cricq-Chalosse,40
40254,40300,Saint-Cricq-du-Gave,40
40255,40190,Saint-Cricq-Villeneuve,40
40256,40300,Saint-Étienne-d'Orthe,40
40257,40200,Sainte-Eulalie-en-Born,40
40258,40190,Sainte-Foy,40
40259,40190,Saint-Gein,40
40260,40380,Saint-Geours-d'Auribat,40
40261,40230,Saint-Geours-de-Maremne,40
40262,40120,Saint-Gor,40
40263,40380,Saint-Jean-de-Lier,40
40264,40230,Saint-Jean-de-Marsacq,40
40265,40240,Saint-Julien-d'Armagnac,40
40266,40170,Saint-Julien-en-Born,40
40268,40390,Saint-Laurent-de-Gosse,40
40269,40300,Saint-Lon-les-Mines,40
40270,40320,Saint-Loubouer,40
40271,40390,Sainte-Marie-de-Gosse,40
40272,40390,Saint-Martin-de-Hinx,40
40273,40390,Saint-Martin-de-Seignanx,40
40274,40090,Saint-Martin-d'Oney,40
40275,40270,Saint-Maurice-sur-Adour,40
40276,40550,Saint-Michel-Escalus,40
40277,40180,Saint-Pandelon,40
40278,40200,Saint-Paul-en-Born,40
40279,40990,Saint-Paul-lès-Dax,40
40280,40090,Saint-Perdon,40
40282,40500,Saint-Sever,40
40284,40230,Saint-Vincent-de-Tyrosse,40
40285,40400,Saint-Yaguen,40
40286,40320,Samadet,40
40287,40460,Sanguinet,40
40288,40120,Sarbazan,40
40289,40500,Sarraziet,40
40290,40800,Sarron,40
40291,40230,Saubion,40
40292,40230,Saubrigues,40
40293,40180,Saubusse,40
40294,40180,Saugnac-et-Cambran,40
40295,40410,Saugnacq-et-Muret,40
40296,40510,Seignosse,40
40297,40420,Le Sen,40
40298,40700,Serres-Gaston,40
40299,40700,Serreslous-et-Arribans,40
40300,40180,Seyresse,40
40301,40180,Siest,40
40302,40110,Sindères,40
40303,40210,Solférino,40
40304,40150,Soorts-Hossegor,40
40306,40300,Sorde-l'Abbaye,40
40307,40430,Sore,40
40308,40180,Sort-en-Chalosse,40
40309,40250,Souprosse,40
40310,40140,Soustons,40
40311,40260,Taller,40
40312,40220,Tarnos,40
40313,40400,Tartas,40
40314,40180,Tercis-les-Bains,40
40315,40990,Téthieu,40
40316,40360,Tilh,40
40317,40230,Tosse,40
40318,40250,Toulouzette,40
40319,40630,Trensacq,40
40320,40090,Uchacq-et-Parentis,40
40321,40320,Urgons,40
40322,40170,Uza,40
40323,40420,Vert,40
40324,40380,Vicq-d'Auribat,40
40325,40320,Vielle-Tursan,40
40326,40560,Vielle-Saint-Girons,40
40327,40240,Vielle-Soubiran,40
40328,40480,Vieux-Boucau-les-Bains,40
40329,40270,Le Vignau,40
40330,40110,Villenave,40
40331,40190,Villeneuve-de-Marsan,40
40332,40160,Ychoux,40
40333,40110,Ygos-Saint-Saturnin,40
40334,40180,Yzosse,40
41001,41310,Ambloy,41
41002,41400,Angé,41
41003,41100,Areines,41
41004,41800,Artins,41
41005,41170,Arville,41
41006,41240,Autainville,41
41008,41500,Avaray,41
41009,41330,Averdon,41
41010,41100,Azé,41
41012,41170,Baillou,41
41013,41250,Bauzy,41
41014,41170,Beauchêne,41
41017,41240,Binas,41
41018,41000,Blois,41
41019,41290,Boisseau,41
41020,41800,Bonneveau,41
41022,41270,Bouffry,41
41024,41270,Boursay,41
41025,41250,Bracieux,41
41026,41160,Brévainville,41
41027,41370,Briou,41
41028,41160,Busloup,41
41029,41120,Candé-sur-Beuvron,41
41030,41360,Cellé,41
41032,41120,Chailles,41
41033,41190,Chambon-sur-Cisse,41
41035,41330,Champigny-en-Beauce,41
41036,41600,Chaon,41
41037,41290,La Chapelle-Enchérie,41
41038,41320,La Chapelle-Montmartin,41
41039,41500,La Chapelle-Saint-Martin-en-Plaine,41
41040,41330,La Chapelle-Vendômoise,41
41041,41270,La Chapelle-Vicomtesse,41
41043,41130,Châtillon-sur-Cher,41
41044,41320,Châtres-sur-Cher,41
41045,41150,Chaumont-sur-Loire,41
41046,41600,Chaumont-sur-Tharonne,41
41047,41260,La Chaussée-Saint-Victor,41
41048,41270,Chauvigny-du-Perche,41
41049,41700,Chémery,41
41050,41700,Cheverny,41
41051,41400,Chissay-en-Touraine,41
41052,41120,Chitenay,41
41053,41170,Choue,41
41054,41700,Choussy,41
41055,41150,Valloire-sur-Cisse,41
41057,41290,Conan,41
41058,41370,Concriers,41
41060,41170,Cormenon,41
41061,41120,Cormeray,41
41062,41700,Couddes,41
41063,41110,Couffy,41
41065,41100,Coulommiers-la-Tour,41
41067,41700,Cour-Cheverny,41
41068,41230,Courmemin,41
41069,41500,Cour-sur-Loire,41
41070,41800,Couture-sur-Loir,41
41071,41220,Crouy-sur-Cosson,41
41072,41100,Crucheray,41
41073,41160,Danzé,41
41074,41220,Dhuizon,41
41075,41270,Droué,41
41077,41290,Épiais,41
41078,41360,Épuisay,41
41079,41800,Les Essarts,41
41080,41400,Faverolles-sur-Cher,41
41081,41100,Faye,41
41082,41120,Feings,41
41083,41210,La Ferté-Beauharnais,41
41084,41300,La Ferté-Imbault,41
41085,41220,La Ferté-Saint-Cyr,41
41086,41250,Fontaines-en-Sologne,41
41087,41800,Fontaine-les-Coteaux,41
41088,41270,Fontaine-Raoul,41
41090,41360,Fortan,41
41092,41120,Fougères-sur-Bièvre,41
41093,41190,Françay,41
41095,41160,Fréteval,41
41096,41270,Le Gault-du-Perche,41
41097,41130,Gièvres,41
41098,41310,Gombergean,41
41099,41230,Gy-en-Sologne,41
41100,41800,Les Hayes,41
41101,41190,Herbault,41
41102,41800,Houssay,41
41103,41310,Huisseau-en-Beauce,41
41104,41350,Huisseau-sur-Cosson,41
41105,41370,Josnes,41
41106,41600,Lamotte-Beuvron,41
41107,41310,Lancé,41
41108,41190,Lancôme,41
41109,41190,Landes-le-Gaulois,41
41110,41320,Langon-sur-Cher,41
41112,41230,Lassay-sur-Croisne,41
41113,41800,Lavardin,41
41114,41500,Lestiou,41
41118,41200,Loreux,41
41119,41370,Lorges,41
41120,41360,Lunay,41
41121,41370,La Madeleine-Villefrouin,41
41122,41320,Maray,41
41123,41370,Marchenoir,41
41124,41100,Marcilly-en-Beauce,41
41125,41210,Marcilly-en-Gault,41
41126,41110,Mareuil-sur-Cher,41
41127,41210,La Marolle-en-Sologne,41
41129,41250,Maslives,41
41130,41500,Maves,41
41131,41100,Mazangé,41
41132,41140,Méhers,41
41134,41500,Menars,41
41135,41320,Mennetou-sur-Cher,41
41136,41500,Mer,41
41137,41150,Mesland,41
41139,41130,Meusnes,41
41140,41200,Millançay,41
41141,41160,Moisy,41
41142,41190,Valencisse,41
41143,41170,Mondoubleau,41
41144,41150,Monteaux,41
41145,41120,Monthou-sur-Bièvre,41
41146,41400,Monthou-sur-Cher,41
41147,41120,Les Montils,41
41148,41350,Montlivault,41
41149,41800,Montoire-sur-le-Loir,41
41150,41250,Mont-près-Chambord,41
41151,41400,Montrichard Val de Cher,41
41152,41210,Montrieux-en-Sologne,41
41153,41800,Montrouveau,41
41154,41160,Morée,41
41155,41500,Muides-sur-Loire,41
41156,41500,Mulsans,41
41157,41230,Mur-de-Sologne,41
41158,41100,Naveil,41
41159,41210,Neung-sur-Beuvron,41
41161,41600,Nouan-le-Fuzelier,41
41163,41310,Nourray,41
41164,41140,Noyers-sur-Cher,41
41166,41700,Oisly,41
41167,41150,Veuzain-sur-Loire,41
41168,41300,Orçay,41
41170,41120,Ouchamps,41
41171,41290,Oucques La Nouvelle,41
41172,41160,Ouzouer-le-Doyen,41
41173,41160,Beauce la Romaine,41
41175,41100,Pezou,41
41176,41300,Pierrefitte-sur-Sauldre,41
41177,41170,Le Plessis-Dorin,41
41178,41370,Le Plessis-l'Échelle,41
41179,41270,Le Poislay,41
41180,41400,Pontlevoy,41
41181,41110,Pouillé,41
41182,41190,Pray,41
41184,41310,Prunay-Cassereau,41
41185,41200,Pruniers-en-Sologne,41
41186,41160,Rahart,41
41187,41100,Renay,41
41188,41290,Rhodon,41
41189,41150,Rilly-sur-Loire,41
41190,41100,Rocé,41
41192,41800,Les Roches-l'Évêque,41
41193,41270,Romilly,41
41194,41200,Romorantin-Lanthenay,41
41195,41230,Rougeou,41
41196,41270,Ruan-sur-Egvonne,41
41197,41170,Saint-Agil,41
41199,41310,Saint-Amand-Longpré,41
41203,41330,Saint-Bohaire,41
41204,41350,Saint-Claude-de-Diray,41
41205,41190,Saint-Cyr-du-Gault,41
41206,41000,Saint-Denis-sur-Loire,41
41207,41500,Saint-Dyé-sur-Loire,41
41208,41190,Saint-Étienne-des-Guérets,41
41209,41100,Saint-Firmin-des-Prés,41
41210,41290,Sainte-Gemmes,41
41211,41400,Saint-Georges-sur-Cher,41
41212,41350,Saint-Gervais-la-Forêt,41
41213,41310,Saint-Gourgon,41
41214,41160,Saint-Hilaire-la-Gravelle,41
41215,41800,Saint-Jacques-des-Guérets,41
41216,41160,Saint-Jean-Froidmentel,41
41217,41400,Saint-Julien-de-Chédon,41
41218,41320,Saint-Julien-sur-Cher,41
41220,41220,Saint-Laurent-Nouan,41
41221,41370,Saint-Léonard-en-Beauce,41
41223,41190,Saint-Lubin-en-Vergonnois,41
41224,41170,Saint-Marc-du-Cor,41
41225,41800,Saint-Martin-des-Bois,41
41226,41100,Saint-Ouen,41
41228,41800,Saint-Rimay,41
41229,41140,Saint-Romain-sur-Cher,41
41230,41000,Saint-Sulpice-de-Pommeray,41
41231,41210,Saint-Viâtre,41
41232,41300,Salbris,41
41233,41120,Sambin,41
41235,41170,Sargé-sur-Braye,41
41236,41310,Sasnières,41
41237,41700,Sassay,41
41238,41360,Savigny-sur-Braye,41
41239,41110,Seigy,41
41240,41150,Seillac,41
41241,41300,Selles-Saint-Denis,41
41242,41130,Selles-sur-Cher,41
41243,41100,Selommes,41
41245,41500,Séris,41
41246,41120,Seur,41
41247,41230,Soings-en-Sologne,41
41248,41170,Couëtron-au-Perche,41
41249,41300,Souesmes,41
41251,41600,Souvigny-en-Sologne,41
41252,41500,Suèvres,41
41253,41370,Talcy,41
41255,41800,Ternay,41
41256,41300,Theillay,41
41258,41140,Thésée,41
41259,41100,Thoré-la-Rochette,41
41260,41220,Thoury,41
41261,41190,Tourailles,41
41262,41250,Tour-en-Sologne,41
41263,41800,Tréhet,41
41265,41800,Troo,41
41266,41120,Valaire,41
41267,41400,Vallières-les-Grandes,41
41268,41230,Veilleins,41
41269,41100,Vendôme,41
41271,41230,Vernou-en-Sologne,41
41272,41150,Veuves,41
41273,41290,Vievy-le-Rayé,41
41274,41800,Villavard,41
41275,41160,La Ville-aux-Clercs,41
41276,41000,Villebarou,41
41277,41270,Villebout,41
41278,41310,Villechauve,41
41279,41800,Villedieu-le-Château,41
41280,41200,Villefranche-sur-Cher,41
41281,41330,Villefrancœur,41
41282,41200,Villeherviers,41
41283,41100,Villemardy,41
41284,41290,Villeneuve-Frouville,41
41285,41220,Villeny,41
41286,41310,Villeporcher,41
41287,41100,Villerable,41
41288,41000,Villerbon,41
41289,41240,Villermain,41
41290,41100,Villeromain,41
41291,41100,Villetrun,41
41292,41500,Villexanton,41
41293,41100,Villiersfaux,41
41294,41100,Villiers-sur-Loir,41
41296,41600,Vouzon,41
41297,41600,Yvoy-le-Marron,41
42001,42380,Aboën,42
42002,42130,Ailleux,42
42003,42820,Ambierle,42
42004,42260,Amions,42
42005,42160,Andrézieux-Bouthéon,42
42006,42550,Apinac,42
42007,42460,Arcinges,42
42008,42370,Arcon,42
42009,42130,Arthun,42
42010,42330,Aveizieux,42
42011,42510,Balbigny,42
42012,42600,Bard,42
42013,42210,Bellegarde-en-Forez,42
42014,42670,Belleroche,42
42015,42670,Belmont-de-la-Loire,42
42016,42720,La Bénisson-Dieu,42
42017,42660,Le Bessat,42
42018,42520,Bessey,42
42019,42130,Boën-sur-Lignon,42
42020,42210,Boisset-lès-Montrond,42
42021,42560,Boisset-Saint-Priest,42
42023,42220,Bourg-Argental,42
42025,42460,Boyer,42
42026,42720,Briennon,42
42027,42260,Bully,42
42028,42220,Burdignes,42
42030,42260,Bussy-Albieux,42
42031,42240,Caloire,42
42032,42320,Cellieu,42
42033,42460,Le Cergne,42
42035,42130,Cezay,42
42036,42800,Chagnon,42
42037,42600,Chalain-d'Uzore,42
42038,42600,Chalain-le-Comtal,42
42039,42920,Chalmazel-Jeansagnière,42
42040,42440,La Chamba,42
42041,42110,Chambéon,42
42042,42170,Chambles,42
42044,42500,Le Chambon-Feugerolles,42
42045,42440,La Chambonie,42
42046,42600,Champdieu,42
42047,42430,Champoly,42
42048,42190,Chandon,42
42049,42310,Changy,42
42050,42380,La Chapelle-en-Lafaye,42
42051,42410,La Chapelle-Villars,42
42052,42190,Charlieu,42
42056,42410,Chavanay,42
42058,42560,Chazelles-sur-Lavieu,42
42059,42140,Chazelles-sur-Lyon,42
42060,42560,Chenereilles,42
42061,42430,Cherier,42
42063,42114,Chirassimont,42
42064,42410,Chuyer,42
42065,42110,Civens,42
42066,42110,Cleppé,42
42068,42840,Combre,42
42069,42120,Commelle-Vernay,42
42070,42123,Cordelle,42
42071,42120,Le Coteau,42
42072,42111,La Côte-en-Couzan,42
42073,42360,Cottance,42
42074,42460,Coutouvre,42
42075,42210,Craintilleux,42
42076,42260,Cremeaux,42
42077,42540,Croizet-sur-Gand,42
42078,42310,Le Crozet,42
42079,42460,Cuinzier,42
42082,42260,Dancé,42
42083,42800,Dargoire,42
42084,42130,Débats-Rivière-d'Orpra,42
42085,42740,Doizieux,42
42086,42670,Écoche,42
42087,42600,Écotay-l'Olme,42
42088,42110,Épercieux-Saint-Paul,42
42089,42600,Essertines-en-Châtelneuf,42
42090,42360,Essertines-en-Donzy,42
42092,42580,L'Étrat,42
42093,42320,Farnay,42
42094,42110,Feurs,42
42095,42700,Firminy,42
42097,42480,La Fouillouse,42
42098,42470,Fourneaux,42
42099,42490,Fraisses,42
42100,42140,La Gimond,42
42101,42220,Graix,42
42102,42140,Grammond,42
42103,42320,La Grand-Croix,42
42104,42460,La Gresle,42
42105,42600,Grézieux-le-Fromental,42
42106,42260,Grézolles,42
42107,42560,Gumières,42
42108,42210,L'Hôpital-le-Grand,42
42109,42130,L'Hôpital-sous-Rochefort,42
42110,42152,L'Horme,42
42112,42460,Jarnosse,42
42113,42110,Jas,42
42115,42660,Jonzieux,42
42116,42430,Juré,42
42117,42560,Lavieu,42
42118,42470,Lay,42
42119,42130,Leigneux,42
42120,42155,Lentigny,42
42121,42600,Lérigneux,42
42122,42600,Lézigneux,42
42123,42420,Lorette,42
42124,42520,Lupé,42
42125,42260,Luré,42
42126,42380,Luriecq,42
42127,42300,Mably,42
42128,42114,Machézal,42
42129,42520,Maclas,42
42130,42600,Magneux-Haute-Rive,42
42131,42750,Maizilly,42
42132,42520,Malleval,42
42133,42140,Marcenod,42
42134,42130,Marcilly-le-Châtel,42
42135,42210,Marclopt,42
42137,42560,Margerie-Chantagret,42
42138,42140,Maringes,42
42139,42660,Marlhes,42
42140,42560,Marols,42
42142,42380,Merle-Leignec,42
42143,42110,Mizérieux,42
42145,42840,Montagny,42
42146,42380,Montarcher,42
42147,42600,Montbrison,42
42148,42360,Montchal,42
42149,42210,Montrond-les-Bains,42
42150,42130,Montverdun,42
42151,42600,Mornand-en-Forez,42
42152,42720,Nandax,42
42153,42470,Neaux,42
42154,42510,Néronde,42
42155,42510,Nervieux,42
42156,42590,Neulise,42
42157,42640,Noailly,42
42158,42370,Les Noës,42
42159,42440,Noirétable,42
42160,42260,Nollieux,42
42161,42120,Notre-Dame-de-Boisset,42
42162,42155,Ouches,42
42163,42310,La Pacaudière,42
42164,42990,Palogneux,42
42165,42360,Panissières,42
42166,42120,Parigny,42
42167,42410,Pavezin,42
42168,42410,Pélussin,42
42169,42380,Périgneux,42
42170,42120,Perreux,42
42171,42590,Pinay,42
42172,42660,Planfoy,42
42174,42110,Poncins,42
42175,42110,Pouilly-lès-Feurs,42
42176,42155,Pouilly-les-Nonains,42
42177,42720,Pouilly-sous-Charlieu,42
42179,42600,Pralong,42
42180,42600,Précieux,42
42181,42630,Régny,42
42182,42370,Renaison,42
42183,42150,La Ricamarie,42
42184,42153,Riorges,42
42185,42340,Rivas,42
42186,42800,Rive-de-Gier,42
42187,42300,Roanne,42
42189,42230,Roche-la-Molière,42
42191,42520,Roisey,42
42192,42380,Rozier-Côtes-d'Aurec,42
42193,42810,Rozier-en-Donzy,42
42194,42310,Sail-les-Bains,42
42195,42890,Sail-sous-Couzan,42
42196,42510,Sainte-Agathe-en-Donzy,42
42197,42130,Sainte-Agathe-la-Bouteresse,42
42198,42370,Saint-Alban-les-Eaux,42
42199,42370,Saint-André-d'Apchon,42
42200,42210,Saint-André-le-Puy,42
42202,42110,Saint-Barthélemy-Lestra,42
42203,42310,Saint-Bonnet-des-Quarts,42
42204,42380,Saint-Bonnet-le-Château,42
42205,42940,Saint-Bonnet-le-Courreau,42
42206,42330,Saint-Bonnet-les-Oules,42
42207,42400,Saint-Chamond,42
42208,42320,Saint-Christo-en-Jarez,42
42209,42540,Sainte-Colombe-sur-Gand,42
42210,42800,Sainte-Croix-en-Jarez,42
42212,42123,Saint-Cyr-de-Favières,42
42213,42114,Saint-Cyr-de-Valorges,42
42214,42210,Saint-Cyr-les-Vignes,42
42215,42750,Saint-Denis-de-Cabanne,42
42216,42140,Saint-Denis-sur-Coise,42
42217,42111,Saint-Didier-sur-Rochefort,42
42218,42000,Saint-Étienne,42
42219,42130,Saint-Étienne-le-Molard,42
42220,42640,Saint-Forgeux-Lespinasse,42
42221,42110,Sainte-Foy-Saint-Sulpice,42
42222,42330,Saint-Galmier,42
42223,42530,Saint-Genest-Lerpt,42
42224,42660,Saint-Genest-Malifaux,42
42225,42800,Genilac,42
42226,42510,Saint-Georges-de-Baroille,42
42227,42990,Saint-Georges-en-Couzan,42
42228,42610,Saint-Georges-Haute-Ville,42
42229,42670,Saint-Germain-la-Montagne,42
42230,42260,Saint-Germain-Laval,42
42231,42640,Saint-Germain-Lespinasse,42
42232,42370,Saint-Haon-le-Châtel,42
42233,42370,Saint-Haon-le-Vieux,42
42234,42570,Saint-Héand,42
42235,42380,Saint-Hilaire-Cusson-la-Valmitte,42
42236,42190,Saint-Hilaire-sous-Charlieu,42
42237,42650,Saint-Jean-Bonnefonds,42
42238,42440,Saint-Jean-la-Vêtre,42
42239,42155,Saint-Jean-Saint-Maurice-sur-Loire,42
42240,42560,Saint-Jean-Soleymieux,42
42241,42590,Saint-Jodard,42
42242,42800,Saint-Joseph,42
42243,42260,Saint-Julien-d'Oddes,42
42245,42440,Saint-Julien-la-Vêtre,42
42246,42220,Saint-Julien-Molin-Molette,42
42247,42990,Saint-Just-en-Bas,42
42248,42430,Saint-Just-en-Chevalet,42
42249,42540,Saint-Just-la-Pendue,42
42251,42210,Saint-Laurent-la-Conche,42
42252,42130,Saint-Laurent-Rochefort,42
42253,42155,Saint-Léger-sur-Roanne,42
42254,42122,Saint-Marcel-de-Félines,42
42255,42430,Saint-Marcel-d'Urfé,42
42256,42680,Saint-Marcellin-en-Forez,42
42257,42620,Saint-Martin-d'Estréaux,42
42259,42800,Saint-Martin-la-Plaine,42
42260,42260,Saint-Martin-la-Sauveté,42
42261,42110,Saint-Martin-Lestra,42
42262,42240,Saint-Maurice-en-Gourgois,42
42264,42330,Saint-Médard-en-Forez,42
42265,42410,Saint-Michel-sur-Rhône,42
42266,42380,Saint-Nizier-de-Fornas,42
42267,42190,Saint-Nizier-sous-Charlieu,42
42268,42590,Saint-Paul-de-Vézelin,42
42269,42600,Saint-Paul-d'Uzore,42
42270,42240,Saint-Paul-en-Cornillon,42
42271,42740,Saint-Paul-en-Jarez,42
42272,42520,Saint-Pierre-de-Bœuf,42
42273,42190,Saint-Pierre-la-Noaille,42
42274,42260,Saint-Polgues,42
42275,42270,Saint-Priest-en-Jarez,42
42276,42830,Saint-Priest-la-Prugne,42
42277,42590,Saint-Priest-la-Roche,42
42278,42440,Saint-Priest-la-Vêtre,42
42279,42170,Saint-Just-Saint-Rambert,42
42280,42660,Saint-Régis-du-Coin,42
42281,42370,Saint-Rirand,42
42282,42430,Saint-Romain-d'Urfé,42
42283,42800,Saint-Romain-en-Jarez,42
42284,42640,Saint-Romain-la-Motte,42
42285,42610,Saint-Romain-le-Puy,42
42286,42660,Saint-Romain-les-Atheux,42
42287,42220,Saint-Sauveur-en-Rue,42
42288,42130,Saint-Sixte,42
42289,42470,Saint-Symphorien-de-Lay,42
42290,42600,Saint-Thomas-la-Garde,42
42291,42111,Saint-Thurin,42
42293,42630,Saint-Victor-sur-Rhins,42
42294,42120,Saint-Vincent-de-Boisset,42
42295,42440,Les Salles,42
42296,42110,Salt-en-Donzy,42
42297,42110,Salvizinet,42
42298,42990,Sauvain,42
42300,42460,Sevelinges,42
42301,42560,Soleymieux,42
42303,42260,Souternon,42
42304,42450,Sury-le-Comtal,42
42305,42350,La Talaudière,42
42306,42660,Tarentaise,42
42307,42800,Tartaras,42
42308,42740,La Terrasse-sur-Dorlay,42
42310,42220,Thélis-la-Combe,42
42311,42580,La Tour-en-Jarez,42
42312,42380,La Tourette,42
42313,42130,Trelins,42
42314,42830,La Tuilière,42
42315,42210,Unias,42
42316,42240,Unieux,42
42317,42310,Urbise,42
42318,42550,Usson-en-Forez,42
42319,42110,Valeille,42
42320,42320,Valfleury,42
42321,42111,La Valla-sur-Rochefort,42
42322,42131,La Valla-en-Gier,42
42323,42340,Veauche,42
42324,42340,Veauchette,42
42325,42590,Vendranges,42
42326,42520,Véranne,42
42327,42410,Vérin,42
42328,42600,Verrières-en-Forez,42
42329,42220,La Versanne,42
42331,42155,Villemontais,42
42332,42300,Villerest,42
42333,42460,Villers,42
42334,42780,Violay,42
42335,42140,Viricelles,42
42336,42140,Virigneux,42
42337,42310,Vivans,42
42338,42720,Vougy,42
42339,42430,Chausseterre,42
43001,43100,Agnat,43
43002,43000,Aiguilhe,43
43003,43270,Allègre,43
43004,43150,Alleyrac,43
43005,43580,Alleyras,43
43007,43200,Araules,43
43008,43490,Arlempdes,43
43009,43380,Arlet,43
43010,43700,Arsac-en-Velay,43
43011,43380,Aubazat,43
43012,43110,Aurec-sur-Loire,43
43013,43300,Vissac-Auteyrac,43
43014,43450,Autrac,43
43015,43300,Auvers,43
43016,43390,Auzon,43
43017,43390,Azérat,43
43018,43370,Bains,43
43020,43210,Bas-en-Basset,43
43023,43500,Beaune-sur-Arzon,43
43024,43200,Beaux,43
43025,43590,Beauzac,43
43026,43350,Bellevue-la-Montagne,43
43027,43160,Berbezit,43
43028,43200,Bessamorel,43
43029,43170,La Besseyre-Saint-Mary,43
43030,43350,Blanzac,43
43031,43380,Blassac,43
43032,43700,Blavozy,43
43033,43450,Blesle,43
43037,43510,Le Bouchet-Saint-Nicolas,43
43038,43360,Bournoncle-Saint-Pierre,43
43039,43370,Le Brignon,43
43040,43100,Brioude,43
43041,43700,Brives-Charensac,43
43042,43510,Cayres,43
43043,43270,Céaux-d'Allègre,43
43044,43380,Cerzat,43
43045,43000,Ceyssac,43
43046,43770,Chadrac,43
43047,43150,Chadron,43
43048,43160,La Chaise-Dieu,43
43049,43800,Chamalières-sur-Loire,43
43050,43410,Chambezon,43
43051,43400,Le Chambon-sur-Lignon,43
43052,43440,Champagnac-le-Vieux,43
43053,43260,Champclause,43
43054,43170,Chanaleilles,43
43055,43100,Chaniat,43
43056,43300,Chanteuges,43
43057,43270,La Chapelle-Bertin,43
43058,43120,La Chapelle-d'Aurec,43
43059,43160,La Chapelle-Geneste,43
43060,43300,Charraix,43
43061,43700,Chaspinhac,43
43062,43320,Chaspuzac,43
43063,43230,Chassagnes,43
43065,43300,Chastel,43
43066,43430,Chaudeyrolles,43
43067,43230,Chavaniac-Lafayette,43
43070,43380,Chilhac,43
43071,43500,Chomelix,43
43072,43230,La Chomette,43
43073,43160,Cistrières,43
43074,43100,Cohade,43
43075,43230,Collat,43
43076,43160,Connangles,43
43077,43490,Costaros,43
43078,43700,Coubon,43
43079,43230,Couteuges,43
43080,43500,Craponne-sur-Arzon,43
43082,43300,Cronce,43
43083,43170,Cubelles,43
43084,43370,Cussac-sur-Loire,43
43085,43300,Desges,43
43086,43230,Domeyrat,43
43087,43220,Dunières,43
43088,43450,Espalem,43
43089,43000,Espaly-Saint-Marcel,43
43090,43170,Esplantas-Vazeilles,43
43091,43150,Les Estables,43
43092,43430,Fay-sur-Lignon,43
43094,43300,Ferrussac,43
43095,43320,Fix-Saint-Geneys,43
43096,43100,Fontannes,43
43097,43150,Freycenet-la-Cuche,43
43098,43150,Freycenet-la-Tour,43
43099,43250,Frugerès-les-Mines,43
43100,43230,Frugières-le-Pin,43
43101,43150,Goudet,43
43103,43450,Grenier-Montgon,43
43105,43100,Javaugues,43
43106,43230,Jax,43
43107,43230,Josat,43
43108,43500,Jullianges,43
43111,43340,Landos,43
43112,43300,Langeac,43
43113,43260,Lantriac,43
43114,43200,Lapte,43
43115,43150,Laussonne,43
43116,43440,Laval-sur-Doulon,43
43117,43100,Lavaudieu,43
43118,43380,Lavoûte-Chilhac,43
43119,43800,Lavoûte-sur-Loire,43
43120,43410,Lempdes-sur-Allagnon,43
43121,43410,Léotoing,43
43123,43360,Lorlanges,43
43124,43320,Loudes,43
43125,43100,Lubilhac,43
43126,43800,Malrevers,43
43127,43210,Malvalette,43
43128,43160,Malvières,43
43129,43190,Le Mas-de-Tence,43
43130,43520,Mazet-Saint-Voy,43
43131,43230,Mazerat-Aurouze,43
43132,43300,Mazeyrat-d'Allier,43
43134,43800,Mézères,43
43135,43150,Le Monastier-sur-Gazeille,43
43136,43580,Monistrol-d'Allier,43
43137,43120,Monistrol-sur-Loire,43
43138,43270,Monlet,43
43139,43230,Montclard,43
43141,43290,Montfaucon-en-Velay,43
43142,43290,Montregard,43
43143,43260,Montusclat,43
43144,43150,Moudeyres,43
43145,43510,Ouides,43
43148,43230,Paulhaguet,43
43149,43300,Pébrac,43
43150,43200,Le Pertuis,43
43151,43300,Pinols,43
43153,43330,Pont-Salomon,43
43154,43420,Pradelles,43
43156,43150,Présailles,43
43157,43000,Le Puy-en-Velay,43
43158,43260,Queyrières,43
43159,43290,Raucoules,43
43160,43340,Rauret,43
43162,43130,Retournac,43
43163,43220,Riotord,43
43164,43810,Roche-en-Régnier,43
43166,43130,Saint-André-de-Chalencon,43
43167,43300,Saint-Arcons-d'Allier,43
43168,43420,Saint-Arcons-de-Barges,43
43169,43380,Saint-Austremoine,43
43170,43100,Saint-Beauzire,43
43171,43300,Saint-Bérain,43
43172,43290,Saint-Bonnet-le-Froid,43
43173,43340,Saint-Christophe-d'Allier,43
43174,43370,Saint-Christophe-sur-Dolaison,43
43175,43380,Saint-Cirgues,43
43176,43580,Saint-Didier-d'Allier,43
43177,43140,Saint-Didier-en-Velay,43
43178,43440,Saint-Didier-sur-Doulon,43
43180,43420,Saint-Étienne-du-Vigan,43
43181,43260,Saint-Étienne-Lardeyrol,43
43182,43450,Saint-Étienne-sur-Blesle,43
43183,43230,Sainte-Eugénie-de-Villeneuve,43
43184,43330,Saint-Ferréol-d'Auroure,43
43185,43250,Sainte-Florine,43
43187,43350,Saint-Geneys-près-Saint-Paulien,43
43188,43230,Saint-Georges-d'Aurac,43
43189,43500,Saint-Georges-Lagricol,43
43190,43700,Saint-Germain-Laprade,43
43191,43360,Saint-Géron,43
43192,43340,Saint-Haon,43
43194,43260,Saint-Hostien,43
43195,43380,Saint-Ilpize,43
43196,43500,Saint-Jean-d'Aubrigoux,43
43197,43320,Saint-Jean-de-Nay,43
43198,43510,Saint-Jean-Lachalm,43
43199,43200,Saint-Jeures,43
43200,43260,Saint-Julien-Chapteuil,43
43201,43500,Saint-Julien-d'Ance,43
43202,43300,Saint-Julien-des-Chazes,43
43203,43200,Saint-Julien-du-Pinet,43
43204,43220,Saint-Julien-Molhesabate,43
43205,43240,Saint-Just-Malmont,43
43206,43100,Saint-Just-près-Brioude,43
43207,43100,Saint-Laurent-Chabreuges,43
43208,43230,Sainte-Marguerite,43
43210,43150,Saint-Martin-de-Fugères,43
43211,43200,Saint-Maurice-de-Lignon,43
43212,43500,Saint-Pal-de-Chalencon,43
43213,43620,Saint-Pal-de-Mons,43
43214,43160,Saint-Pal-de-Senouire,43
43215,43420,Saint-Paul-de-Tartas,43
43216,43350,Saint-Paulien,43
43217,43810,Saint-Pierre-du-Champ,43
43218,43260,Saint-Pierre-Eynac,43
43219,43230,Saint-Préjet-Armandon,43
43220,43580,Saint-Préjet-d'Allier,43
43221,43580,Saint-Privat-d'Allier,43
43222,43380,Saint-Privat-du-Dragon,43
43223,43620,Saint-Romain-Lachalm,43
43224,43600,Sainte-Sigolène,43
43225,43580,Saint-Vénérand,43
43226,43440,Saint-Vert,43
43227,43140,Saint-Victor-Malescours,43
43228,43500,Saint-Victor-sur-Arlanc,43
43229,43320,Saint-Vidal,43
43232,43230,Salzuit,43
43233,43320,Sanssac-l'Église,43
43234,43170,Saugues,43
43236,43140,La Séauve-sur-Semène,43
43237,43160,Sembadel,43
43238,43510,Séneujols,43
43239,43300,Siaugues-Sainte-Marie,43
43240,43130,Solignac-sous-Roche,43
43241,43370,Solignac-sur-Loire,43
43242,43300,Tailhac,43
43244,43190,Tence,43
43245,43170,Thoras,43
43246,43530,Tiranges,43
43247,43450,Torsiac,43
43249,43210,Valprivas,43
43250,43230,Vals-le-Chastel,43
43251,43750,Vals-près-le-Puy,43
43252,43270,Varennes-Saint-Honorat,43
43253,43430,Les Vastres,43
43254,43320,Vazeilles-Limandre,43
43256,43170,Venteuges,43
43257,43320,Vergezac,43
43258,43360,Vergongheon,43
43259,43270,Vernassal,43
43261,43390,Vézézoux,43
43262,43100,Vieille-Brioude,43
43263,43490,Vielprat,43
43264,43380,Villeneuve-d'Allier,43
43265,43600,Les Villettes,43
43267,43800,Vorey,43
43268,43200,Yssingeaux,43
44001,44170,Abbaretz,44
44002,44140,Aigrefeuille-sur-Maine,44
44003,44150,Ancenis,44
44005,44320,Chaumes-en-Retz,44
44006,44410,Assérac,44
44007,44460,Avessac,44
44009,44115,Basse-Goulaine,44
44010,44740,Batz-sur-Mer,44
44012,44760,La Bernerie-en-Retz,44
44013,44160,Besné,44
44014,44140,Le Bignon,44
44015,44130,Blain,44
44016,44430,La Boissière-du-Doré,44
44017,44540,Bonnœuvre,44
44018,44830,Bouaye,44
44019,44260,Bouée,44
44020,44340,Bouguenais,44
44021,44580,Villeneuve-en-Retz,44
44023,44130,Bouvron,44
44024,44830,Brains,44
44025,44750,Campbon,44
44026,44470,Carquefou,44
44027,44390,Casson,44
44028,44850,Le Cellier,44
44029,44450,Divatte-sur-Loire,44
44030,44410,La Chapelle-des-Marais,44
44031,44670,La Chapelle-Glain,44
44032,44330,La Chapelle-Heulin,44
44033,44260,La Chapelle-Launay,44
44035,44240,La Chapelle-sur-Erdre,44
44036,44110,Châteaubriant,44
44037,44690,Château-Thébaud,44
44038,44320,Chauvé,44
44039,44640,Cheix-en-Retz,44
44041,44118,La Chevrolière,44
44043,44190,Clisson,44
44044,44290,Conquereuil,44
44045,44360,Cordemais,44
44046,44560,Corsept,44
44047,44220,Couëron,44
44048,44521,Couffé,44
44049,44490,Le Croisic,44
44050,44160,Crossac,44
44051,44590,Derval,44
44052,44480,Donges,44
44053,44530,Drefféac,44
44054,44110,Erbray,44
44055,44500,La Baule-Escoublac,44
44056,44130,Fay-de-Bretagne,44
44057,44460,Fégréac,44
44058,44660,Fercé,44
44061,44320,Frossay,44
44062,44130,Le Gâvre,44
44063,44190,Gétigné,44
44064,44190,Gorges,44
44065,44520,Grand-Auverné,44
44066,44119,Grandchamps-des-Fontaines,44
44067,44290,Guémené-Penfao,44
44068,44530,Guenrouet,44
44069,44350,Guérande,44
44070,44690,La Haie-Fouassière,44
44071,44115,Haute-Goulaine,44
44072,44410,Herbignac,44
44073,44810,Héric,44
44074,44610,Indre,44
44075,44520,Issé,44
44076,44170,Jans,44
44077,44440,Joué-sur-Erdre,44
44078,44670,Juigné-des-Moutiers,44
44079,44430,Le Landreau,44
44080,44260,Lavau-sur-Loire,44
44081,44650,Legé,44
44083,44310,La Limouzinière,44
44084,44430,Le Loroux-Bottereau,44
44085,44110,Louisfert,44
44086,44590,Lusanger,44
44087,44270,Machecoul-Saint-Même,44
44088,44690,Maisdon-sur-Sèvre,44
44089,44260,Malville,44
44090,44270,La Marne,44
44091,44170,Marsac-sur-Don,44
44092,44290,Massérac,44
44093,44540,Maumusson,44
44094,44470,Mauves-sur-Loire,44
44095,44520,La Meilleraye-de-Bretagne,44
44096,44522,Mésanger,44
44097,44420,Mesquer,44
44098,44780,Missillac,44
44099,44520,Moisdon-la-Rivière,44
44101,44620,La Montagne,44
44102,44140,Montbert,44
44103,44550,Montoir-de-Bretagne,44
44104,44370,Montrelais,44
44105,44590,Mouais,44
44106,44760,Les Moutiers-en-Retz,44
44107,44850,Mouzeil,44
44108,44330,Mouzillon,44
44109,44000,Nantes,44
44110,44390,Nort-sur-Erdre,44
44111,44130,Notre-Dame-des-Landes,44
44112,44110,Noyal-sur-Brutz,44
44114,44700,Orvault,44
44115,44521,Oudon,44
44116,44560,Paimbœuf,44
44117,44330,Le Pallet,44
44118,44440,Pannecé,44
44119,44270,Paulx,44
44120,44640,Le Pellerin,44
44121,44670,Petit-Auverné,44
44122,44390,Petit-Mars,44
44123,44290,Pierric,44
44125,44420,Piriac-sur-Mer,44
44126,44770,La Plaine-sur-Mer,44
44127,44140,La Planche,44
44128,44630,Plessé,44
44129,44160,Pontchâteau,44
44130,44860,Pont-Saint-Martin,44
44131,44210,Pornic,44
44132,44380,Pornichet,44
44133,44710,Port-Saint-Père,44
44134,44522,Pouillé-les-Côteaux,44
44135,44510,Le Pouliguen,44
44136,44770,Préfailles,44
44137,44260,Prinquiau,44
44138,44390,Puceul,44
44140,44330,La Regrippière,44
44141,44430,La Remaudière,44
44142,44140,Remouillé,44
44143,44400,Rezé,44
44144,44440,Riaillé,44
44145,44640,Rouans,44
44146,44660,Rougé,44
44148,44660,Ruffigné,44
44149,44390,Saffré,44
44150,44860,Saint-Aignan-Grandlieu,44
44152,44160,Sainte-Anne-sur-Brivet,44
44153,44110,Saint-Aubin-des-Châteaux,44
44154,44250,Saint-Brevin-les-Pins,44
44155,44310,Saint-Colomban,44
44156,44650,Corcoué-sur-Logne,44
44157,44270,Saint-Étienne-de-Mer-Morte,44
44158,44360,Saint-Étienne-de-Montluc,44
44159,44690,Saint-Fiacre-sur-Maine,44
44160,44150,Saint-Géréon,44
44161,44530,Saint-Gildas-des-Bois,44
44162,44800,Saint-Herblain,44
44163,44150,Vair-sur-Loire,44
44164,44680,Saint-Hilaire-de-Chaléons,44
44165,44190,Saint-Hilaire-de-Clisson,44
44166,44640,Saint-Jean-de-Boiseau,44
44168,44720,Saint-Joachim,44
44169,44450,Saint-Julien-de-Concelles,44
44170,44670,Saint-Julien-de-Vouvantes,44
44171,44710,Saint-Léger-les-Vignes,44
44172,44980,Sainte-Luce-sur-Loire,44
44173,44190,Saint-Lumine-de-Clisson,44
44174,44310,Saint-Lumine-de-Coutais,44
44175,44410,Saint-Lyphard,44
44176,44550,Saint-Malo-de-Guersac,44
44178,44680,Saint-Mars-de-Coutais,44
44179,44850,Saint-Mars-du-Désert,44
44180,44540,Vallons-de-l'Erdre,44
44182,44730,Saint-Michel-Chef-Chef,44
44183,44350,Saint-Molf,44
44185,44460,Saint-Nicolas-de-Redon,44
44186,44680,Sainte-Pazanne,44
44187,44320,Saint-Père-en-Retz,44
44188,44310,Saint-Philbert-de-Grand-Lieu,44
44189,44160,Sainte-Reine-de-Bretagne,44
44190,44230,Saint-Sébastien-sur-Loire,44
44192,44320,Saint-Viaud,44
44193,44590,Saint-Vincent-des-Landes,44
44194,44880,Sautron,44
44195,44260,Savenay,44
44196,44530,Sévérac,44
44197,44590,Sion-les-Mines,44
44198,44840,Les Sorinières,44
44199,44110,Soudan,44
44200,44660,Soulvache,44
44201,44240,Sucé-sur-Erdre,44
44202,44440,Teillé,44
44203,44360,Le Temple-de-Bretagne,44
44204,44470,Thouaré-sur-Loire,44
44205,44390,Les Touches,44
44206,44650,Touvois,44
44207,44440,Trans-sur-Erdre,44
44208,44170,Treffieux,44
44209,44119,Treillières,44
44210,44570,Trignac,44
44211,44420,La Turballe,44
44212,44330,Vallet,44
44213,44370,Loireauxence,44
44214,44170,Vay,44
44215,44120,Vertou,44
44217,44360,Vigneux-de-Bretagne,44
44218,44110,Villepot,44
44219,44540,Vritz,44
44220,44640,Vue,44
44221,44810,La Chevallerais,44
44222,44522,La Roche-Blanche,44
44223,44140,Geneston,44
44224,44170,La Grigonnais,44
45001,45230,Adon,45
45002,45230,Aillant-sur-Milleron,45
45005,45480,Andonville,45
45008,45410,Artenay,45
45009,45170,Aschères-le-Marché,45
45010,45300,Ascoux,45
45011,45170,Attray,45
45012,45300,Audeville,45
45013,45330,Augerville-la-Rivière,45
45014,45390,Aulnay-la-Rivière,45
45015,45480,Autruy-sur-Juine,45
45016,45500,Autry-le-Châtel,45
45017,45270,Auvilliers-en-Gâtinais,45
45018,45340,Auxy,45
45019,45130,Baccon,45
45020,45130,Le Bardon,45
45021,45340,Barville-en-Gâtinais,45
45022,45340,Batilly-en-Gâtinais,45
45023,45420,Batilly-en-Puisaye,45
45024,45130,Baule,45
45025,45480,Bazoches-les-Gallerandes,45
45026,45210,Bazoches-sur-le-Betz,45
45027,45270,Beauchamps-sur-Huillard,45
45028,45190,Beaugency,45
45029,45630,Beaulieu-sur-Loire,45
45030,45340,Beaune-la-Rolande,45
45032,45210,Le Bignon-Mirabeau,45
45033,45390,Boësses,45
45034,45760,Boigny-sur-Bionne,45
45035,45340,Boiscommun,45
45036,45290,Boismorand,45
45037,45480,Boisseaux,45
45038,45300,Bondaroy,45
45039,45460,Bonnée,45
45040,45420,Bonny-sur-Loire,45
45041,45340,Bordeaux-en-Gâtinais,45
45043,45430,Bou,45
45044,45170,Bougy-lez-Neuville,45
45045,45300,Bouilly-en-Gâtinais,45
45046,45140,Boulay-les-Barres,45
45047,45300,Bouzonville-aux-Bois,45
45049,45460,Bouzy-la-Forêt,45
45050,45300,Boynes,45
45051,45460,Bray-Saint-Aignan,45
45052,45250,Breteau,45
45053,45250,Briare,45
45054,45390,Briarres-sur-Essonne,45
45055,45310,Bricy,45
45056,45390,Bromeilles,45
45058,45410,Bucy-le-Roi,45
45059,45140,Bucy-Saint-Liphard,45
45060,45230,La Bussière,45
45061,45120,Cepoy,45
45062,45520,Cercottes,45
45064,45360,Cernoy-en-Berry,45
45065,45300,Césarville-Dossainville,45
45066,45260,Chailly-en-Gâtinais,45
45067,45380,Chaingy,45
45068,45120,Châlette-sur-Loing,45
45069,45340,Chambon-la-Forêt,45
45070,45420,Champoulet,45
45072,45400,Chanteau,45
45073,45320,Chantecoq,45
45074,45310,La Chapelle-Onzerain,45
45075,45380,La Chapelle-Saint-Mesmin,45
45076,45210,La Chapelle-Saint-Sépulcre,45
45077,45230,La Chapelle-sur-Aveyron,45
45078,45270,Chapelon,45
45079,45230,Le Charme,45
45080,45480,Charmont-en-Beauce,45
45081,45130,Charsonville,45
45082,45110,Châteauneuf-sur-Loire,45
45083,45220,Château-Renard,45
45084,45260,Châtenoy,45
45085,45230,Châtillon-Coligny,45
45086,45480,Châtillon-le-Roi,45
45087,45360,Châtillon-sur-Loire,45
45088,45480,Chaussy,45
45089,45430,Chécy,45
45092,45700,Chevillon-sur-Huillard,45
45093,45520,Chevilly,45
45094,45210,Chevry-sous-le-Bignon,45
45095,45170,Chilleurs-aux-Bois,45
45096,45290,Les Choux,45
45097,45220,Chuelles,45
45098,45370,Cléry-Saint-André,45
45099,45310,Coinces,45
45100,45800,Combleux,45
45101,45530,Combreux,45
45102,45700,Conflans-sur-Loing,45
45103,45490,Corbeilles,45
45104,45120,Corquilleroy,45
45105,45700,Cortrat,45
45107,45260,Coudroy,45
45108,45720,Coullons,45
45109,45130,Coulmiers,45
45111,45300,Courcy-aux-Loges,45
45112,45260,La Cour-Marigny,45
45113,45320,Courtemaux,45
45114,45490,Courtempierre,45
45116,45190,Cravant,45
45118,45170,Crottes-en-Pithiverais,45
45119,45300,Dadonville,45
45120,45420,Dammarie-en-Puisaye,45
45121,45230,Dammarie-sur-Loing,45
45122,45570,Dampierre-en-Burly,45
45123,45150,Darvoy,45
45124,45390,Desmonts,45
45125,45390,Dimancheville,45
45126,45450,Donnery,45
45127,45680,Dordives,45
45129,45220,Douchy-Montcorbon,45
45130,45370,Dry,45
45131,45390,Échilleuses,45
45132,45340,Égry,45
45133,45300,Engenville,45
45134,45130,Épieds-en-Beauce,45
45135,45480,Erceville,45
45136,45320,Ervauville,45
45137,45300,Escrennes,45
45138,45250,Escrignelles,45
45139,45300,Estouy,45
45141,45420,Faverelles,45
45142,45450,Fay-aux-Loges,45
45143,45230,Feins-en-Gâtinais,45
45144,45150,Férolles,45
45145,45210,Ferrières-en-Gâtinais,45
45146,45240,La Ferté-Saint-Aubin,45
45147,45400,Fleury-les-Aubrais,45
45148,45210,Fontenay-sur-Loing,45
45149,45320,Foucherolles,45
45150,45270,Fréville-du-Gâtinais,45
45151,45340,Gaubertin,45
45152,45310,Gémigny,45
45153,45110,Germigny-des-Prés,45
45154,45520,Gidy,45
45155,45500,Gien,45
45156,45120,Girolles,45
45157,45300,Givraines,45
45158,45490,Gondreville,45
45159,45390,Grangermont,45
45160,45480,Greneville-en-Beauce,45
45162,45300,Guigneville,45
45165,45220,Gy-les-Nonains,45
45166,45520,Huêtre,45
45167,45130,Huisseau-sur-Mauves,45
45168,45450,Ingrannes,45
45169,45140,Ingré,45
45170,45300,Intville-la-Guétard,45
45171,45620,Isdes,45
45173,45150,Jargeau,45
45174,45480,Jouy-en-Pithiverais,45
45175,45370,Jouy-le-Potier,45
45176,45340,Juranville,45
45178,45270,Ladon,45
45179,45740,Lailly-en-Val,45
45180,45290,Langesse,45
45181,45480,Léouville,45
45182,45240,Ligny-le-Ribault,45
45183,45410,Lion-en-Beauce,45
45184,45600,Lion-en-Sullias,45
45185,45700,Lombreuil,45
45186,45490,Lorcy,45
45187,45260,Lorris,45
45188,45470,Loury,45
45189,45210,Louzouer,45
45191,45300,Le Malesherbois,45
45193,45240,Marcilly-en-Villette,45
45194,45430,Mardié,45
45195,45300,Mareau-aux-Bois,45
45196,45370,Mareau-aux-Prés,45
45197,45760,Marigny-les-Usages,45
45198,45300,Marsainvilliers,45
45199,45220,Melleroy,45
45200,45240,Ménestreau-en-Villette,45
45201,45210,Mérinville,45
45202,45190,Messas,45
45203,45130,Meung-sur-Loire,45
45204,45370,Mézières-lez-Cléry,45
45205,45270,Mézières-en-Gâtinais,45
45206,45490,Mignères,45
45207,45490,Mignerette,45
45208,45200,Montargis,45
45209,45340,Montbarrois,45
45210,45230,Montbouy,45
45212,45700,Montcresson,45
45213,45260,Montereau,45
45215,45340,Montliard,45
45216,45700,Mormant-sur-Vernisson,45
45217,45300,Morville-en-Beauce,45
45218,45290,Le Moulinet-sur-Solin,45
45220,45340,Nancray-sur-Rimarde,45
45222,45210,Nargis,45
45223,45270,Nesploy,45
45224,45170,Neuville-aux-Bois,45
45225,45390,La Neuville-sur-Essonne,45
45226,45510,Neuvy-en-Sullias,45
45227,45500,Nevoy,45
45228,45340,Nibelle,45
45229,45290,Nogent-sur-Vernisson,45
45231,45170,Oison,45
45232,45160,Olivet,45
45233,45390,Ondreville-sur-Essonne,45
45234,45000,Orléans,45
45238,45250,Ousson-sur-Loire,45
45239,45290,Oussoy-en-Gâtinais,45
45240,45480,Outarville,45
45241,45150,Ouvrouer-les-Champs,45
45242,45290,Ouzouer-des-Champs,45
45243,45270,Ouzouer-sous-Bellegarde,45
45244,45570,Ouzouer-sur-Loire,45
45245,45250,Ouzouer-sur-Trézée,45
45246,45300,Pannecières,45
45247,45700,Pannes,45
45248,45310,Patay,45
45249,45200,Paucourt,45
45250,45210,Pers-en-Gâtinais,45
45251,45360,Pierrefitte-ès-Bois,45
45252,45300,Pithiviers,45
45253,45300,Pithiviers-le-Vieil,45
45254,45500,Poilly-lez-Gien,45
45255,45490,Préfontaines,45
45256,45260,Presnoy,45
45257,45290,Pressigny-les-Pins,45
45258,45390,Puiseaux,45
45259,45270,Quiers-sur-Bézonde,45
45260,45300,Ramoulu,45
45261,45470,Rebréchien,45
45262,45310,Rouvray-Sainte-Croix,45
45263,45300,Rouvres-Saint-Jean,45
45264,45130,Rozières-en-Beauce,45
45265,45210,Rozoy-le-Vieil,45
45266,45410,Ruan,45
45267,45460,Saint-Aignan-des-Gués,45
45268,45600,Saint-Aignan-le-Jaillard,45
45269,45130,Saint-Ay,45
45270,45730,Saint-Benoît-sur-Loire,45
45271,45500,Saint-Brisson-sur-Loire,45
45272,45590,Saint-Cyr-en-Val,45
45273,45550,Saint-Denis-de-l'Hôtel,45
45274,45560,Saint-Denis-en-Val,45
45275,45220,Saint-Firmin-des-Bois,45
45276,45360,Saint-Firmin-sur-Loire,45
45278,45230,Sainte-Geneviève-des-Bois,45
45280,45500,Saint-Gondon,45
45281,45320,Saint-Hilaire-les-Andrésis,45
45282,45160,Saint-Hilaire-Saint-Mesmin,45
45283,45700,Saint-Hilaire-sur-Puiseaux,45
45284,45800,Saint-Jean-de-Braye,45
45285,45140,Saint-Jean-de-la-Ruelle,45
45287,45210,Saint-Loup-de-Gonois,45
45288,45340,Saint-Loup-des-Vignes,45
45289,45170,Saint-Lyé-la-Forêt,45
45290,45110,Saint-Martin-d'Abbat,45
45291,45500,Saint-Martin-sur-Ocre,45
45292,45230,Saint-Maurice-sur-Aveyron,45
45293,45700,Saint-Maurice-sur-Fessard,45
45296,45310,Saint-Péravy-la-Colombe,45
45297,45600,Saint-Père-sur-Loire,45
45298,45750,Saint-Pryvé-Saint-Mesmin,45
45299,45310,Saint-Sigismond,45
45300,45640,Sandillon,45
45301,45170,Santeau,45
45302,45770,Saran,45
45303,45490,Sceaux-du-Gâtinais,45
45305,45530,Seichebrières,45
45306,45210,La Selle-en-Hermoy,45
45307,45210,La Selle-sur-le-Bied,45
45308,45400,Semoy,45
45309,45240,Sennely,45
45310,45300,Sermaises,45
45311,45110,Sigloy,45
45312,45700,Solterre,45
45313,45410,Sougy,45
45314,45450,Sully-la-Chapelle,45
45315,45600,Sully-sur-Loire,45
45316,45530,Sury-aux-Bois,45
45317,45190,Tavers,45
45320,45300,Thignonville,45
45321,45260,Thimory,45
45322,45210,Thorailles,45
45324,45510,Tigy,45
45325,45170,Tivernon,45
45326,45310,Tournoisis,45
45327,45470,Traînou,45
45328,45490,Treilles-en-Gâtinais,45
45329,45220,Triguères,45
45330,45410,Trinay,45
45331,45510,Vannes-sur-Cosson,45
45332,45290,Varennes-Changy,45
45333,45760,Vennecy,45
45334,45260,Vieilles-Maisons-sur-Joudry,45
45335,45510,Vienne-en-Val,45
45336,45600,Viglain,45
45337,45310,Villamblain,45
45338,45700,Villemandeur,45
45339,45270,Villemoutiers,45
45340,45600,Villemurlin,45
45341,45310,Villeneuve-sur-Conie,45
45342,45170,Villereau,45
45343,45700,Villevoques,45
45344,45190,Villorceau,45
45345,45700,Vimory,45
45346,45530,Vitry-aux-Loges,45
45347,45300,Vrigny,45
45348,45300,Yèvre-la-Ville,45
46003,46500,Alvignac,46
46004,46120,Anglars,46
46005,46140,Anglars-Juillac,46
46006,46300,Anglars-Nozac,46
46007,46090,Arcambal,46
46008,46250,Les Arques,46
46009,46320,Assier,46
46010,46090,Aujols,46
46011,46400,Autoire,46
46012,46120,Aynac,46
46013,46230,Bach,46
46014,46800,Bagat-en-Quercy,46
46015,46270,Bagnac-sur-Célé,46
46016,46600,Baladou,46
46017,46400,Bannes,46
46018,46500,Le Bastit,46
46021,46100,Béduer,46
46022,46140,Bélaye,46
46023,46230,Belfort-du-Quercy,46
46024,46130,Belmont-Bretenoux,46
46026,46230,Belmont-Sainte-Foi,46
46027,46090,Berganty,46
46028,46110,Bétaille,46
46029,46130,Biars-sur-Cère,46
46030,46500,Bio,46
46031,46330,Blars,46
46033,46800,Le Boulvé,46
46034,46120,Le Bourg,46
46036,46120,Le Bouyssou,46
46037,46330,Bouziès,46
46038,46130,Bretenoux,46
46039,46320,Brengues,46
46040,46330,Cabrerets,46
46041,46160,Cadrieu,46
46042,46000,Cahors,46
46043,46130,Cahus,46
46044,46140,Caillac,46
46045,46160,Cajarc,46
46046,46150,Calamane,46
46049,46160,Calvignac,46
46050,46140,Cambayrac,46
46052,46100,Camboulit,46
46053,46100,Camburat,46
46054,46240,Caniac-du-Causse,46
46055,46100,Capdenac,46
46056,46160,Carayac,46
46057,46100,Cardaillac,46
46058,46110,Carennac,46
46059,46500,Carlucet,46
46060,46140,Carnac-Rouffiac,46
46061,46700,Cassagnes,46
46062,46140,Castelfranc,46
46063,46170,Castelnau Montratier-Sainte Alauzie,46
46064,46150,Catus,46
46065,46110,Cavagnac,46
46066,46250,Cazals,46
46067,46600,Cazillac,46
46068,46330,Cénevières,46
46070,46230,Cieurac,46
46072,46310,Concorès,46
46073,46260,Concots,46
46075,46100,Corn,46
46076,46130,Cornac,46
46077,46090,Cours,46
46078,46500,Couzou,46
46080,46150,Crayssac,46
46081,46330,Crégols,46
46082,46230,Cremps,46
46083,46600,Cressensac,46
46085,46270,Cuzac,46
46086,46600,Cuzance,46
46087,46340,Dégagnac,46
46088,46140,Douelle,46
46089,46700,Duravel,46
46090,46320,Durbans,46
46091,46230,Escamps,46
46092,46090,Esclauzels,46
46093,46320,Espagnac-Sainte-Eulalie,46
46094,46320,Espédaillac,46
46095,46090,Espère,46
46096,46120,Espeyroux,46
46097,46130,Estal,46
46098,46300,Fajoles,46
46100,46100,Faycelles,46
46101,46270,Felzins,46
46102,46100,Figeac,46
46103,46170,Saint-Paul-Flaugnac,46
46104,46320,Flaujac-Gare,46
46105,46090,Flaujac-Poujols,46
46107,46700,Floressas,46
46109,46230,Fontanes,46
46111,46100,Fourmagnac,46
46112,46090,Francoulès,46
46113,46310,Frayssinet,46
46114,46250,Frayssinet-le-Gélat,46
46115,46400,Frayssinhes,46
46117,46130,Gagnac-sur-Cère,46
46119,46150,Gigouzac,46
46120,46250,Gindou,46
46121,46300,Ginouillac,46
46122,46130,Gintrac,46
46123,46130,Girac,46
46124,46130,Glanes,46
46125,46210,Gorses,46
46126,46250,Goujounac,46
46128,46500,Gramat,46
46129,46160,Gréalou,46
46130,46700,Grézels,46
46132,46500,Issendolus,46
46133,46320,Issepts,46
46134,46150,Les Junies,46
46135,46210,Labastide-du-Haut-Mont,46
46136,46150,Labastide-du-Vert,46
46137,46090,Labastide-Marnhac,46
46138,46240,Cœur de Causse,46
46139,46120,Labathude,46
46140,46230,Laburgade,46
46142,46700,Lacapelle-Cabanac,46
46143,46120,Lacapelle-Marival,46
46145,46200,Lachapelle-Auzac,46
46146,46400,Ladirat,46
46147,46220,Lagardelle,46
46148,46230,Lalbenque,46
46149,46090,Lamagdelaine,46
46151,46240,Lamothe-Cassel,46
46152,46350,Lamothe-Fénelon,46
46153,46200,Lanzac,46
46154,46260,Laramière,46
46155,46160,Larnagol,46
46156,46090,Bellefont-La Rauze,46
46157,46160,Larroque-Toirac,46
46158,46800,Lascabanes,46
46159,46400,Latouille-Lentillac,46
46160,46210,Latronquière,46
46161,46210,Lauresses,46
46162,46360,Lauzès,46
46163,46130,Laval-de-Cère,46
46164,46340,Lavercantière,46
46165,46500,Lavergne,46
46167,46330,Lentillac-du-Causse,46
46168,46100,Lentillac-Saint-Blaise,46
46169,46300,Léobard,46
46170,46120,Leyme,46
46172,46170,Lhospitalet,46
46173,46260,Limogne-en-Quercy,46
46174,46270,Linac,46
46175,46100,Lissac-et-Mouret,46
46176,46320,Livernon,46
46177,46130,Loubressac,46
46179,46260,Lugagnac,46
46180,46100,Lunan,46
46181,46240,Lunegarde,46
46182,46140,Luzech,46
46183,46160,Marcilhac-sur-Célé,46
46184,46250,Marminiac,46
46185,46600,Martel,46
46186,46350,Masclat,46
46188,46090,Maxou,46
46189,46500,Mayrinhac-Lentour,46
46190,46150,Mechmont,46
46191,46090,Mercuès,46
46192,46200,Meyronne,46
46193,46500,Miers,46
46194,46300,Milhac,46
46196,46310,Montamel,46
46197,46090,Le Montat,46
46198,46160,Montbrun,46
46199,46700,Montcabrier,46
46200,46250,Montcléra,46
46201,46800,Montcuq-en-Quercy-Blanc,46
46202,46230,Montdoumerc,46
46203,46210,Montet-et-Bouxal,46
46205,46150,Montgesty,46
46206,46800,Montlauzun,46
46207,46270,Montredon,46
46208,46600,Montvalent,46
46209,46350,Nadaillac-de-Rouge,46
46210,46360,Nadillac,46
46211,46150,Nuzéjouls,46
46212,46330,Orniac,46
46213,46500,Padirac,46
46215,46350,Payrac,46
46216,46300,Payrignac,46
46217,46170,Pern,46
46218,46220,Pescadoires,46
46219,46310,Peyrilles,46
46220,46200,Pinsac,46
46221,46100,Planioles,46
46222,46250,Pomarède,46
46223,46150,Pontcirq,46
46225,46220,Prayssac,46
46226,46270,Prendeignes,46
46227,46260,Promilhanes,46
46228,46130,Prudhomat,46
46229,46130,Puybrun,46
46230,46260,Puyjourdes,46
46231,46700,Puy-l'Évêque,46
46232,46110,Les Quatre-Routes-du-Lot,46
46234,46340,Rampoux,46
46236,46350,Reilhaguet,46
46237,46320,Reyrevignes,46
46239,46200,Le Roc,46
46240,46500,Rocamadour,46
46241,46300,Rouffilhac,46
46242,46120,Rudelle,46
46243,46120,Rueyres,46
46244,46210,Sabadel-Latronquière,46
46245,46360,Sabadel-Lauzès,46
46248,46170,Sainte-Alauzie,46
46249,46120,Saint-Bressou,46
46251,46400,Saint-Céré,46
46252,46360,Les Pechs du Vers,46
46253,46310,Saint-Chamarand,46
46254,46160,Saint-Chels,46
46256,46330,Saint-Cirq-Lapopie,46
46257,46300,Saint-Cirq-Madelon,46
46258,46300,Saint-Cirq-Souillaguet,46
46262,46800,Lendou-en-Quercy,46
46263,46800,Saint-Daunès,46
46264,46150,Saint-Denis-Catus,46
46265,46600,Saint-Denis-lès-Martel,46
46267,46310,Saint-Germain-du-Bel-Air,46
46268,46330,Saint Géry-Vers,46
46270,46260,Saint-Jean-de-Laur,46
46271,46400,Saint-Jean-Lespinasse,46
46272,46270,Saint-Jean-Mirabel,46
46273,46400,Saint-Laurent-les-Tours,46
46274,46800,Saint-Laurent-Lolmie,46
46276,46330,Saint-Martin-Labouval,46
46277,46700,Saint-Martin-le-Redon,46
46278,46800,Saint-Matré,46
46279,46120,Saint-Maurice-en-Quercy,46
46281,46400,Saint-Médard-de-Presque,46
46282,46210,Saint-Médard-Nicourby,46
46283,46110,Saint-Michel-de-Bannières,46
46284,46130,Saint-Michel-Loubéjou,46
46285,46800,Saint-Pantaléon,46
46286,46400,Saint-Paul-de-Vern,46
46289,46160,Saint-Pierre-Toirac,46
46290,46300,Saint-Projet,46
46293,46200,Saint-Sozy,46
46295,46400,Saint-Vincent-du-Pendit,46
46296,46140,Saint-Vincent-Rive-d'Olt,46
46297,46340,Salviac,46
46299,46330,Sauliac-sur-Célé,46
46300,46800,Saux,46
46302,46210,Sénaillac-Latronquière,46
46303,46360,Sénaillac-Lauzès,46
46304,46240,Séniergues,46
46305,46700,Sérignac,46
46306,46320,Sonac,46
46307,46700,Soturac,46
46308,46300,Soucirac,46
46309,46200,Souillac,46
46310,46240,Soulomès,46
46311,46190,Sousceyrac-en-Quercy,46
46312,46110,Strenquels,46
46314,46120,Terrou,46
46315,46190,Teyssieu,46
46316,46150,Thédirac,46
46317,46500,Thégra,46
46318,46120,Thémines,46
46319,46120,Théminettes,46
46320,46330,Tour-de-Faure,46
46322,46090,Trespoux-Rassiels,46
46324,46310,Uzech,46
46327,46090,Valroufié,46
46328,46260,Varaire,46
46329,46230,Vaylats,46
46330,46110,Vayrac,46
46331,46090,Vers,46
46332,46100,Viazac,46
46333,46260,Vidaillac,46
46335,46090,Villesèque,46
46336,46700,Vire-sur-Lot,46
46337,46200,Mayrac,46
46338,46210,Bessonies,46
46339,46400,Saint-Jean-Lagineste,46
46340,46090,Saint-Pierre-Lafeuille,46
47001,47000,Agen,47
47002,47350,Agmé,47
47003,47800,Agnac,47
47004,47190,Aiguillon,47
47005,47800,Allemans-du-Dropt,47
47006,47110,Allez-et-Cazeneuve,47
47008,47160,Ambrus,47
47009,47170,Andiran,47
47010,47700,Antagnac,47
47011,47370,Anthé,47
47012,47700,Anzex,47
47013,47250,Argenton,47
47014,47800,Armillac,47
47015,47220,Astaffort,47
47017,47140,Auradou,47
47018,47120,Auriac-sur-Dropt,47
47019,47480,Bajamont,47
47020,47120,Baleyssagues,47
47021,47230,Barbaste,47
47022,47130,Bazens,47
47023,47290,Beaugas,47
47026,47700,Beauziac,47
47028,47200,Birac-sur-Trec,47
47029,47500,Blanquefort-sur-Briolance,47
47030,47470,Blaymont,47
47031,47550,Boé,47
47032,47240,Bon-Encontre,47
47033,47290,Boudy-de-Beauregard,47
47034,47250,Bouglon,47
47035,47410,Bourgougnague,47
47036,47370,Bourlens,47
47037,47210,Bournel,47
47038,47320,Bourran,47
47039,47420,Boussès,47
47041,47130,Bruch,47
47042,47260,Brugnac,47
47043,47160,Buzet-sur-Baïse,47
47045,47600,Calignac,47
47046,47430,Calonges,47
47048,47290,Cancon,47
47049,47440,Casseneuil,47
47050,47340,Cassignas,47
47051,47240,Castelculier,47
47052,47700,Casteljaloux,47
47053,47340,Castella,47
47054,47260,Castelmoron-sur-Lot,47
47055,47290,Castelnaud-de-Gratecambe,47
47056,47180,Castelnau-sur-Gupie,47
47057,47330,Castillonnès,47
47058,47160,Caubeyres,47
47059,47120,Caubon-Saint-Sauveur,47
47060,47220,Caudecoste,47
47061,47430,Caumont-sur-Garonne,47
47062,47470,Cauzac,47
47063,47330,Cavarc,47
47064,47370,Cazideroque,47
47065,47320,Clairac,47
47066,47130,Clermont-Dessous,47
47067,47270,Clermont-Soubiran,47
47068,47250,Cocumont,47
47069,47450,Colayrac-Saint-Cirq,47
47070,47500,Condezaygues,47
47071,47260,Coulx,47
47072,47370,Courbiac,47
47074,47180,Couthures-sur-Garonne,47
47075,47340,La Croix-Blanche,47
47076,47220,Cuq,47
47077,47500,Cuzorn,47
47078,47160,Damazan,47
47079,47140,Dausse,47
47080,47210,Dévillac,47
47081,47110,Dolmayrac,47
47082,47470,Dondas,47
47083,47210,Doudrac,47
47084,47330,Douzains,47
47085,47420,Durance,47
47086,47120,Duras,47
47087,47470,Engayrac,47
47088,47350,Escassefort,47
47089,47120,Esclottes,47
47090,47600,Espiens,47
47091,47310,Estillac,47
47092,47220,Fals,47
47093,47700,Fargues-sur-Ourbise,47
47094,47400,Fauguerolles,47
47095,47400,Fauillet,47
47096,47330,Ferrensac,47
47097,47230,Feugarolles,47
47098,47600,Fieux,47
47099,47260,Fongrave,47
47100,47510,Foulayronnes,47
47101,47200,Fourques-sur-Garonne,47
47102,47600,Francescas,47
47103,47600,Fréchou,47
47104,47360,Frégimont,47
47105,47140,Frespech,47
47106,47500,Fumel,47
47107,47190,Galapian,47
47109,47150,Gavaudun,47
47110,47400,Gontaud-de-Nogaret,47
47111,47260,Granges-sur-Lot,47
47112,47400,Grateloup-Saint-Gayrand,47
47113,47270,Grayssas,47
47114,47250,Grézet-Cavagnan,47
47115,47250,Guérin,47
47117,47340,Hautefage-la-Tour,47
47118,47400,Hautesvignes,47
47119,47420,Houeillès,47
47120,47180,Jusix,47
47121,47250,Labastide-Castel-Amouroux,47
47122,47350,Labretonie,47
47123,47150,Lacapelle-Biron,47
47124,47150,Lacaussade,47
47125,47360,Lacépède,47
47126,47350,Lachapelle,47
47127,47320,Lafitte-sur-Lot,47
47128,47240,Lafox,47
47129,47190,Lagarrigue,47
47130,47400,Lagruère,47
47131,47180,Lagupie,47
47132,47330,Lalandusse,47
47133,47310,Lamontjoie,47
47134,47170,Lannes,47
47135,47260,Laparade,47
47136,47800,Laperche,47
47137,47310,Laplume,47
47138,47340,Laroque-Timbaut,47
47140,47360,Laugnac,47
47141,47150,Laussou,47
47142,47410,Lauzun,47
47143,47230,Lavardac,47
47145,47390,Layrac,47
47146,47300,Lédat,47
47147,47120,Lévignac-de-Guyenne,47
47148,47700,Leyritz-Moncassin,47
47151,47120,Loubès-Bernac,47
47152,47290,Lougratte,47
47154,47360,Lusignan-Petit,47
47155,47360,Madaillan,47
47156,47200,Marcellus,47
47157,47200,Marmande,47
47158,47220,Marmont-Pachas,47
47159,47430,Le Mas-d'Agenais,47
47160,47370,Masquières,47
47161,47140,Massels,47
47162,47140,Massoulès,47
47163,47200,Mauvezin-sur-Gupie,47
47164,47210,Mazières-Naresse,47
47165,47180,Meilhan-sur-Garonne,47
47167,47170,Mézin,47
47168,47800,Miramont-de-Guyenne,47
47169,47310,Moirax,47
47170,47290,Monbahus,47
47171,47340,Monbalen,47
47172,47310,Moncaut,47
47174,47600,Moncrabeau,47
47175,47150,Monflanquin,47
47176,47230,Mongaillard,47
47177,47160,Monheurt,47
47179,47500,Monsempron-Libos,47
47180,47600,Montagnac-sur-Auvignon,47
47181,47150,Montagnac-sur-Lède,47
47182,47380,Montastruc,47
47185,47500,Montayral,47
47187,47120,Monteton,47
47188,47800,Montignac-de-Lauzun,47
47189,47350,Montignac-Toupinerie,47
47191,47200,Montpouillan,47
47192,47290,Monviel,47
47194,47800,Moustier,47
47195,47600,Nérac,47
47196,47190,Nicole,47
47197,47600,Nomdieu,47
47198,47440,Pailloles,47
47199,47120,Pardaillan,47
47200,47210,Parranquet,47
47202,47150,Paulhiac,47
47203,47140,Penne-d'Agenais,47
47204,47350,Peyrière,47
47205,47700,Pindères,47
47206,47380,Pinel-Hauterive,47
47207,47230,Pompiey,47
47208,47420,Pompogne,47
47209,47480,Pont-du-Casse,47
47210,47130,Port-Sainte-Marie,47
47211,47170,Poudenas,47
47212,47700,Poussignac,47
47213,47360,Prayssas,47
47214,47160,Puch-d'Agenais,47
47216,47350,Puymiclan,47
47217,47270,Puymirol,47
47218,47800,Puysserampion,47
47219,47210,Rayet,47
47220,47160,Razimet,47
47221,47170,Réaup-Lisse,47
47222,47700,La Réunion,47
47224,47250,Romestaing,47
47226,47800,Roumagne,47
47227,47700,Ruffiac,47
47228,47340,Saint-Antoine-de-Ficalba,47
47232,47350,Saint-Barthélemy-d'Agenais,47
47233,47180,Sainte-Bazeille,47
47234,47270,Saint-Caprais-de-Lerm,47
47235,47410,Saint-Colomb-de-Lauzun,47
47236,47120,Sainte-Colombe-de-Duras,47
47237,47300,Sainte-Colombe-de-Villeneuve,47
47238,47310,Sainte-Colombe-en-Bruilhois,47
47239,47380,Saint-Étienne-de-Fougères,47
47240,47210,Saint-Étienne-de-Villeréal,47
47241,47210,Saint-Eutrope-de-Born,47
47242,47500,Saint-Front-sur-Lémance,47
47244,47250,Sainte-Gemme-Martaillac,47
47245,47120,Saint-Géraud,47
47246,47450,Saint-Hilaire-de-Lusignan,47
47247,47120,Saint-Jean-de-Duras,47
47248,47270,Saint-Jean-de-Thurac,47
47252,47110,Sainte-Livrade-sur-Lot,47
47254,47700,Saint-Martin-Curton,47
47255,47270,Saint-Martin-de-Beauville,47
47256,47210,Saint-Martin-de-Villeréal,47
47257,47180,Saint-Martin-Petit,47
47258,47170,Sainte-Maure-de-Peyriac,47
47259,47290,Saint-Maurice-de-Lestapel,47
47260,47270,Saint-Maurin,47
47262,47220,Saint-Nicolas-de-la-Balerme,47
47263,47200,Saint-Pardoux-du-Breuil,47
47264,47800,Saint-Pardoux-Isaac,47
47265,47290,Saint-Pastour,47
47266,47170,Saint-Pé-Saint-Simon,47
47267,47160,Saint-Pierre-de-Buzet,47
47269,47270,Saint-Pierre-de-Clairac,47
47271,47120,Saint-Pierre-sur-Dropt,47
47272,47330,Saint-Quentin-du-Dropt,47
47274,47270,Saint-Romain-le-Noble,47
47275,47360,Saint-Salvy,47
47276,47360,Saint-Sardos,47
47277,47180,Saint-Sauveur-de-Meilhan,47
47280,47140,Saint-Sylvestre-sur-Lot,47
47281,47270,Saint-Urcisse,47
47282,47310,Saint-Vincent-de-Lamontjoie,47
47283,47500,Saint-Vite,47
47285,47250,Samazan,47
47286,47420,Sauméjan,47
47287,47600,Saumont,47
47288,47340,Sauvagnas,47
47289,47270,La Sauvetat-de-Savères,47
47290,47800,La Sauvetat-du-Dropt,47
47291,47150,La Sauvetat-sur-Lède,47
47292,47500,Sauveterre-la-Lémance,47
47293,47220,Sauveterre-Saint-Denis,47
47294,47120,Savignac-de-Duras,47
47295,47150,Savignac-sur-Leyze,47
47296,47410,Ségalas,47
47297,47360,Sembas,47
47298,47430,Sénestis,47
47299,47410,Sérignac-Péboudou,47
47300,47310,Sérignac-sur-Garonne,47
47301,47350,Seyches,47
47302,47170,Sos,47
47303,47120,Soumensac,47
47306,47110,Le Temple-sur-Lot,47
47308,47230,Thouars-sur-Garonne,47
47309,47380,Tombebœuf,47
47310,47400,Tonneins,47
47311,47210,Tourliac,47
47312,47370,Tournon-d'Agenais,47
47313,47380,Tourtrès,47
47314,47140,Trémons,47
47315,47140,Trentels,47
47316,47400,Varès,47
47317,47260,Verteuil-d'Agenais,47
47318,47230,Vianne,47
47319,47380,Villebramar,47
47320,47160,Villefranche-du-Queyran,47
47321,47120,Villeneuve-de-Duras,47
47323,47300,Villeneuve-sur-Lot,47
47324,47210,Villeréal,47
47325,47400,Villeton,47
47326,47200,Virazeil,47
47327,47230,Xaintrailles,47
48001,48310,Albaret-le-Comtal,48
48002,48200,Albaret-Sainte-Marie,48
48003,48190,Allenc,48
48004,48800,Altier,48
48005,48100,Antrenas,48
48007,48310,Arzenc-d'Apcher,48
48008,48170,Arzenc-de-Randon,48
48009,48130,Peyre en Aubrac,48
48010,48600,Auroux,48
48012,48200,Les Monts-Verts,48
48013,48000,Badaroux,48
48014,48190,Bagnols-les-Bains,48
48015,48800,Pied-de-Borne,48
48016,48000,Balsièges,48
48017,48500,Banassac-Canilhac,48
48019,48400,Barre-des-Cévennes,48
48020,48400,Bassurels,48
48021,48250,La Bastide-Puylaurent,48
48023,48170,Belvezet,48
48025,48200,Les Bessons,48
48026,48200,Blavignac,48
48027,48190,Mont Lozère et Goulet,48
48028,48400,Les Bondons,48
48030,48000,Brenoux,48
48032,48100,Le Buisson,48
48034,48500,La Canourgue,48
48036,48400,Cassagnas,48
48037,48190,Chadenet,48
48038,48600,Chambon-le-Château,48
48039,48230,Chanac,48
48040,48250,Chasseradès,48
48041,48300,Chastanier,48
48042,48000,Chastel-Nouvel,48
48043,48170,Châteauneuf-de-Randon,48
48044,48310,Chauchailles,48
48045,48170,Chaudeyrac,48
48046,48140,Chaulhac,48
48047,48130,La Chaze-de-Peyre,48
48048,48300,Cheylard-l'Évêque,48
48050,48400,Bédouès-Cocurès,48
48051,48160,Le Collet-de-Dèze,48
48053,48190,Cubières,48
48054,48190,Cubiérettes,48
48055,48230,Cultures,48
48056,48230,Esclanèdes,48
48057,48700,Estables,48
48058,48310,La Fage-Montivernoux,48
48059,48200,La Fage-Saint-Julien,48
48060,48130,Fau-de-Peyre,48
48061,48400,Florac Trois Rivières,48
48063,48700,Fontans,48
48064,48310,Fournels,48
48065,48400,Fraissinet-de-Fourques,48
48068,48100,Gabrias,48
48069,48150,Gatuzières,48
48070,48600,Grandrieu,48
48071,48260,Grandvals,48
48073,48340,Les Hermaux,48
48074,48150,Hures-la-Parade,48
48075,48320,Ispagnac,48
48076,48130,Javols,48
48077,48140,Julianges,48
48078,48100,Lachamp,48
48079,48120,Lajo,48
48080,48300,Langogne,48
48082,48170,Laubert,48
48083,48700,Les Laubies,48
48084,48600,Laval-Atger,48
48085,48500,Laval-du-Tarn,48
48086,48250,Luc,48
48087,48270,Prinsuéjols-Malbouzon,48
48088,48210,La Malène,48
48089,48140,Le Malzieu-Forain,48
48090,48140,Le Malzieu-Ville,48
48092,48100,Marvejols,48
48093,48190,Mas-d'Orcières,48
48094,48500,Massegros Causses Gorges,48
48095,48000,Mende,48
48096,48150,Meyrueis,48
48097,48110,Moissac-Vallée-Française,48
48098,48110,Molezon,48
48099,48100,Bourgs sur Colagne,48
48103,48100,Montrodat,48
48104,48260,Nasbinals,48
48105,48300,Naussac-Fontanes,48
48106,48310,Noalhac,48
48107,48100,Palhers,48
48108,48600,La Panouse,48
48110,48140,Paulhac-en-Margeride,48
48111,48000,Pelouse,48
48115,48110,Le Pompidou,48
48116,48220,Pont de Montvert - Sud Mont Lozère,48
48117,48800,Pourcharesses,48
48119,48800,Prévenchères,48
48120,48100,Prinsuéjols,48
48123,48260,Recoules-d'Aubrac,48
48124,48100,Recoules-de-Fumas,48
48125,48500,Le Recoux,48
48126,48700,Ribennes,48
48127,48700,Rieutort-de-Randon,48
48128,48200,Rimeize,48
48130,48400,Rousses,48
48131,48150,Le Rozier,48
48132,48120,Saint-Alban-sur-Limagnole,48
48135,48800,Saint-André-Capcèze,48
48136,48240,Saint-André-de-Lancize,48
48138,48100,Saint-Bonnet-de-Chirac,48
48139,48600,Saint Bonnet-Laval,48
48140,48200,Saint-Chély-d'Apcher,48
48141,48210,Mas-Saint-Chély,48
48142,48130,Sainte-Colombe-de-Peyre,48
48144,48110,Sainte-Croix-Vallée-Française,48
48145,48700,Saint-Denis-en-Margeride,48
48146,48210,Gorges du Tarn Causses,48
48147,48000,Saint-Étienne-du-Valdonnez,48
48148,48330,Saint-Étienne-Vallée-Française,48
48150,48300,Saint-Flour-de-Mercoire,48
48151,48170,Saint-Frézal-d'Albuges,48
48152,48160,Ventalon en Cévennes,48
48153,48700,Saint-Gal,48
48154,48500,Saint-Georges-de-Lévéjac,48
48155,48370,Saint-Germain-de-Calberte,48
48156,48340,Saint-Germain-du-Teil,48
48158,48160,Saint-Hilaire-de-Lavit,48
48160,48170,Saint-Jean-la-Fouillouse,48
48162,48400,Saint-Julien-d'Arpaon,48
48163,48160,Saint-Julien-des-Points,48
48164,48190,Saint-Julien-du-Tournel,48
48165,48100,Saint-Laurent-de-Muret,48
48167,48310,Saint-Laurent-de-Veyrès,48
48168,48100,Saint-Léger-de-Peyre,48
48169,48140,Saint-Léger-du-Malzieu,48
48170,48160,Saint-Martin-de-Boubaux,48
48171,48110,Saint-Martin-de-Lansuscle,48
48173,48160,Saint-Michel-de-Dèze,48
48174,48600,Saint-Paul-le-Froid,48
48175,48340,Saint-Pierre-de-Nogaret,48
48176,48150,Saint-Pierre-des-Tripiers,48
48177,48200,Saint-Pierre-le-Vieux,48
48178,48240,Saint-Privat-de-Vallongue,48
48179,48140,Saint-Privat-du-Fau,48
48180,48500,Saint-Rome-de-Dolan,48
48182,48170,Saint-Sauveur-de-Ginestoux,48
48183,48130,Saint-Sauveur-de-Peyre,48
48187,48100,Les Salces,48
48188,48700,Serverette,48
48189,48000,Servières,48
48191,48500,La Tieule,48
48192,48340,Trélans,48
48193,48400,Vebron,48
48194,48220,Vialas,48
48195,48210,Les Vignes,48
49001,49320,Les Alleuds,49
49003,49700,Tuffalun,49
49007,49000,Angers,49
49008,49440,Angrie,49
49009,49260,Antoigné,49
49010,49420,Armaillé,49
49011,49260,Artannes-sur-Thouet,49
49012,49540,Aubigné-sur-Layon,49
49013,49490,Auverse,49
49014,49500,Aviré,49
49015,49240,Avrillé,49
49017,49430,Baracé,49
49018,49150,Baugé-en-Anjou,49
49020,49070,Beaucouzé,49
49021,49250,Beaufort-en-Anjou,49
49022,49750,Beaulieu-sur-Layon,49
49023,49110,Beaupréau-en-Mauges,49
49026,49370,Bécon-les-Granits,49
49027,49122,Bégrolles-en-Mauges,49
49028,49170,Béhuard,49
49029,49320,Blaison-Saint-Sulpice,49
49030,49160,Blou,49
49035,49080,Bouchemaine,49
49036,49520,Bouillé-Ménard,49
49037,49520,Le Bourg-d'Iré,49
49038,49520,Bourg-l'Évêque,49
49041,49650,Brain-sur-Allonnes,49
49044,49490,Breil,49
49045,49390,La Breille-les-Pins,49
49046,49260,Brézé,49
49047,49700,Brigné,49
49048,49125,Briollay,49
49050,49320,Brissac Loire Aubance,49
49051,49330,Brissarthe,49
49052,49490,Broc,49
49053,49700,Brossay,49
49054,49440,Candé,49
49055,49460,Cantenay-Épinard,49
49056,49420,Carbay,49
49057,49310,Cernusson,49
49058,49360,Les Cerqueux,49
49060,49400,Chacé,49
49061,49440,Challain-la-Potherie,49
49062,49490,Chalonnes-sous-le-Lude,49
49063,49290,Chalonnes-sur-Loire,49
49064,49220,Chambellay,49
49065,49330,Les Hauts d'Anjou,49
49067,49220,Chenillé-Champteussé,49
49068,49123,Champtocé-sur-Loire,49
49069,49270,Orée d'Anjou,49
49070,49340,Chanteloup-les-Bois,49
49073,49420,La Chapelle-Hullin,49
49076,49140,La Chapelle-Saint-Laud,49
49077,49500,La Chapelle-sur-Oudon,49
49078,49320,Charcé-Saint-Ellier-sur-Aubance,49
49080,49330,Châteauneuf-sur-Sarthe,49
49081,49520,Châtelais,49
49082,49290,Chaudefonds-sur-Layon,49
49086,49380,Terranjou,49
49087,49490,Chavaignes,49
49088,49420,Chazé-Henry,49
49089,49500,Chazé-sur-Argos,49
49090,49125,Cheffes,49
49091,49320,Chemellier,49
49092,49120,Chemillé-en-Anjou,49
49096,49330,Cherré,49
49098,49490,Chigné,49
49099,49300,Cholet,49
49100,49700,Cizay-la-Madeleine,49
49102,49560,Cléré-sur-Layon,49
49103,49520,Combrée,49
49104,49700,Concourson-sur-Layon,49
49105,49330,Contigné,49
49107,49140,Cornillé-les-Caves,49
49108,49440,La Cornuaille,49
49109,49690,Coron,49
49110,49140,Corzé,49
49112,49260,Le Coudray-Macouard,49
49114,49390,Courléon,49
49119,49640,Daumeray,49
49120,49190,Denée,49
49121,49700,Dénezé-sous-Doué,49
49122,49490,Dénezé-sous-le-Lude,49
49123,49400,Distré,49
49125,49700,Doué-en-Anjou,49
49127,49430,Durtal,49
49129,49000,Écouflant,49
49130,49460,Écuillé,49
49132,49330,Étriché,49
49135,49460,Feneu,49
49136,49500,La Ferrière-de-Flée,49
49138,49250,Les Bois d'Anjou,49
49140,49590,Fontevraud-l'Abbaye,49
49144,49440,Freigné,49
49150,49490,Genneteil,49
49155,49220,Grez-Neuville,49
49156,49520,Grugé-l'Hôpital,49
49158,49500,L'Hôtellerie-de-Flée,49
49159,49430,Huillé,49
49160,49123,Ingrandes-Le Fresne sur Loire,49
49161,49220,La Jaille-Yvon,49
49163,49140,Jarzé Villages,49
49167,49610,Les Garennes sur Loire,49
49170,49330,Juvardeil,49
49171,49150,La Lande-Chasles,49
49173,49490,Lasse,49
49174,49430,Lézigné,49
49175,49490,Linières-Bouton,49
49176,49220,Le Lion-d'Angers,49
49178,49440,Loiré,49
49180,49160,Longué-Jumelles,49
49182,49700,Louresse-Rochemenier,49
49183,49370,Val d'Erdre-Auxence,49
49184,49500,Louvaines,49
49186,49320,Luigné,49
49188,49140,Marcé,49
49189,49330,Marigné,49
49191,49540,Martigné-Briand,49
49192,49360,Maulévrier,49
49193,49122,Le May-sur-Èvre,49
49194,49140,Mazé-Milon,49
49195,49280,Mazières-en-Mauges,49
49197,49490,Meigné-le-Vicomte,49
49198,49700,Meigné,49
49200,49220,Longuenée-en-Anjou,49
49201,49250,La Ménitré,49
49202,49490,Méon,49
49205,49330,Miré,49
49208,49500,Montguillon,49
49209,49430,Montigné-lès-Rairies,49
49211,49310,Montilliers,49
49214,49460,Montreuil-Juigné,49
49215,49260,Montreuil-Bellay,49
49216,49140,Montreuil-sur-Loir,49
49217,49220,Montreuil-sur-Maine,49
49218,49110,Montrevault-sur-Èvre,49
49219,49730,Montsoreau,49
49220,49640,Morannes sur Sarthe-Daumeray,49
49221,49390,Mouliherne,49
49222,49610,Mozé-sur-Louet,49
49223,49610,Mûrs-Erigné,49
49224,49680,Neuillé,49
49226,49520,Noëllet,49
49227,49380,Notre-Dame-d'Allençon,49
49228,49490,Noyant-Villages,49
49229,49520,Noyant-la-Gravoyère,49
49231,49340,Nuaillé,49
49233,49500,Nyoiseau,49
49234,49390,Parçay-les-Pins,49
49236,49560,Passavant-sur-Layon,49
49237,49490,La Pellerine,49
49240,49360,La Plaine,49
49241,49124,Le Plessis-Grammoire,49
49244,49110,Mauges-sur-Loire,49
49246,49130,Les Ponts-de-Cé,49
49247,49170,La Possonnière,49
49248,49420,Ombrée d'Anjou,49
49250,49420,La Prévière,49
49253,49260,Le Puy-Notre-Dame,49
49254,49330,Querré,49
49257,49430,Les Rairies,49
49259,49190,Rochefort-sur-Loire,49
49261,49350,Gennes-Val-de-Loire,49
49262,49400,Rou-Marson,49
49266,49170,Saint-Augustin-des-Bois,49
49267,49124,Saint-Barthélemy-d'Anjou,49
49269,49280,Saint-Christophe-du-Bois,49
49271,49370,Saint-Clément-de-la-Place,49
49272,49350,Saint-Clément-des-Levées,49
49274,49260,Saint-Cyr-en-Bourg,49
49277,49500,Sainte-Gemmes-d'Andigné,49
49278,49130,Sainte-Gemmes-sur-Loire,49
49282,49700,Saint-Georges-sur-Layon,49
49283,49170,Saint-Georges-sur-Loire,49
49288,49130,Saint-Jean-de-la-Croix,49
49289,49070,Saint-Jean-de-Linières,49
49290,49320,Saint-Jean-des-Mauvrets,49
49291,49260,Saint-Just-sur-Dive,49
49292,49190,Val-du-Layon,49
49294,49070,Saint-Lambert-la-Potherie,49
49298,49170,Saint-Léger-des-Bois,49
49299,49280,Saint-Léger-sous-Cholet,49
49301,49230,Sèvremoine,49
49302,49260,Saint-Macaire-du-Bois,49
49304,49160,Saint-Martin-de-la-Place,49
49306,49170,Saint-Martin-du-Fouilloux,49
49307,49140,Loire-Authion,49
49308,49610,Saint-Melaine-sur-Aubance,49
49309,49420,Saint-Michel-et-Chanveaux,49
49310,49310,Saint-Paul-du-Bois,49
49311,49160,Saint-Philbert-du-Peuple,49
49317,49250,Saint-Rémy-la-Varenne,49
49318,49320,Saint-Saturnin-sur-Loire,49
49319,49500,Saint-Sauveur-de-Flée,49
49323,49112,Verrières-en-Anjou,49
49326,49800,Sarrigné,49
49327,49320,Saulgé-l'Hôpital,49
49328,49400,Saumur,49
49329,49170,Savennières,49
49330,49330,Sceaux-d'Anjou,49
49331,49500,Segré-en-Anjou Bleu,49
49332,49280,La Séguinière,49
49333,49140,Seiches-sur-le-Loir,49
49334,49140,Sermaise,49
49335,49330,Sœurdres,49
49336,49360,Somloire,49
49337,49140,Soucelles,49
49338,49610,Soulaines-sur-Aubance,49
49339,49460,Soulaire-et-Bourg,49
49341,49400,Souzay-Champigny,49
49343,49280,La Tessoualle,49
49344,49220,Thorigné-d'Anjou,49
49345,49380,Bellevigne-en-Layon,49
49347,49125,Tiercé,49
49352,49360,Toutlemonde,49
49353,49800,Trélazé,49
49354,49520,Le Tremblay,49
49355,49340,Trémentines,49
49358,49730,Turquant,49
49359,49700,Les Ulmes,49
49361,49730,Varennes-sur-Loire,49
49362,49400,Varrains,49
49363,49320,Vauchrétien,49
49364,49260,Vaudelnay,49
49365,49700,Les Verchers-sur-Layon,49
49366,49420,Vergonnes,49
49367,49220,Erdre-en-Anjou,49
49368,49390,Vernantes,49
49369,49390,Vernoil-le-Fourrier,49
49370,49400,Verrie,49
49371,49340,Vezins,49
49373,49310,Lys-Haut-Layon,49
49374,49400,Villebernier,49
49376,49370,Villemoisan,49
49377,49140,Villevêque,49
49378,49680,Vivy,49
49381,49360,Yzernay,49
50002,50180,Agneaux,50
50003,50230,Agon-Coutainville,50
50004,50680,Airel,50
50006,50620,Amigny,50
50007,50200,Ancteville,50
50008,50400,Anctoville-sur-Boscq,50
50013,50760,Anneville-en-Saire,50
50014,50560,Anneville-sur-Mer,50
50015,50660,Annoville,50
50016,50500,Appeville,50
50018,50240,Argouges,50
50019,50170,Aucey-la-Plaine,50
50020,50440,Auderville,50
50021,50480,Audouville-la-Hubert,50
50022,50630,Aumeville-Lestre,50
50024,50500,Auxais,50
50025,50300,Avranches,50
50026,50310,Azeville,50
50027,50530,Bacilly,50
50028,50450,La Baleine,50
50029,50720,Barenton,50
50030,50760,Barfleur,50
50031,50270,Barneville-Carteret,50
50032,50810,La Barre-de-Semilly,50
50034,50000,Baudre,50
50036,50500,Baupte,50
50037,50520,La Bazoge,50
50038,50320,Beauchamps,50
50039,50420,Beaucoudray,50
50040,50150,Beauficel,50
50041,50440,La Hague,50
50042,50170,Beauvoir,50
50045,50340,Benoîtville,50
50046,50810,Bérigny,50
50048,50800,Beslon,50
50049,50390,Besneville,50
50050,50420,Beuvrigny,50
50052,50360,Beuzeville-la-Bastille,50
50054,50160,Biéville,50
50055,50390,Biniville,50
50057,50440,Biville,50
50058,50560,Blainville-sur-Mer,50
50059,50480,Blosville,50
50060,50800,La Bloutière,50
50062,50800,Boisyvon,50
50064,50360,La Bonneville,50
50066,50610,Jullouville,50
50069,50800,Bourguenolles,50
50070,50480,Boutteville,50
50072,50200,Brainville,50
50073,50440,Branville-Hague,50
50074,50370,Brécey,50
50076,50290,Bréhal,50
50077,50110,Bretteville,50
50078,50430,Bretteville-sur-Ay,50
50079,50260,Breuville,50
50080,50500,Brévands,50
50081,50290,Bréville-sur-Mer,50
50082,50260,Bricquebec-en-Cotentin,50
50083,50340,Bricquebosq,50
50084,50200,Bricqueville-la-Blouette,50
50085,50290,Bricqueville-sur-Mer,50
50086,50330,Brillevast,50
50087,50700,Brix,50
50088,50150,Brouains,50
50089,50480,Brucheville,50
50090,50640,Buais-Les-Monts,50
50092,50200,Cambernon,50
50093,50570,Cametours,50
50094,50210,Camprond,50
50095,50750,Canisy,50
50097,50580,Canville-la-Rocque,50
50098,50570,Carantilly,50
50099,50480,Carentan les Marais,50
50100,50240,Carnet,50
50101,50330,Carneville,50
50102,50740,Carolles,50
50103,50480,Carquebut,50
50105,50390,Catteville,50
50106,50620,Cavigny,50
50107,50500,Catz,50
50108,50220,Céaux,50
50109,50510,Cérences,50
50110,50680,Cerisy-la-Forêt,50
50111,50210,Cerisy-la-Salle,50
50112,50370,La Chaise-Baudouin,50
50115,50320,Le Grippon,50
50118,50800,Champrepus,50
50119,50620,Les Champs-de-Losque,50
50121,50800,La Chapelle-Cécelin,50
50124,50370,La Chapelle-Urée,50
50125,50520,Chasseguey,50
50126,50870,Chavoy,50
50129,50100,Cherbourg-en-Cotentin,50
50130,50800,Chérencé-le-Héron,50
50131,50520,Chérencé-le-Roussel,50
50135,50330,Clitourps,50
50137,50800,La Colombe,50
50138,50700,Colomby,50
50139,50420,Condé-sur-Vire,50
50140,50660,Contrières,50
50142,50330,Vicq-sur-Mer,50
50143,50290,Coudeville-sur-Mer,50
50144,50670,Coulouvray-Boisbenâtre,50
50146,50220,Courtils,50
50147,50200,Coutances,50
50148,50680,Couvains,50
50149,50690,Couville,50
50151,50710,Créances,50
50152,50370,Les Cresnays,50
50154,50240,La Croix-Avranchin,50
50155,50220,Crollon,50
50156,50360,Crosville-sur-Douve,50
50158,50670,Cuves,50
50159,50750,Dangy,50
50160,50580,Denneville,50
50161,50620,Le Dézert,50
50162,50110,Digosville,50
50163,50440,Digulleville,50
50164,50420,Domjean,50
50165,50350,Donville-les-Bains,50
50166,50250,Doville,50
50167,50530,Dragey-Ronthon,50
50168,50220,Ducey-Les Chéris,50
50169,50310,Écausseville,50
50171,50440,Éculleville,50
50172,50310,Émondeville,50
50174,50320,Équilly,50
50175,50310,Éroudeville,50
50176,50260,L'Étang-Bertrand,50
50177,50360,Étienville,50
50178,50840,Fermanville,50
50181,50190,Feugères,50
50182,50190,La Feuillie,50
50183,50580,Fierville-les-Mines,50
50184,50340,Flamanville,50
50186,50700,Flottemanville,50
50187,50690,Flottemanville-Hague,50
50188,50320,Folligny,50
50190,50310,Fontenay-sur-Mer,50
50193,50850,Le Fresne-Poret,50
50194,50310,Fresville,50
50195,50150,Gathemo,50
50196,50760,Gatteville-le-Phare,50
50197,50450,Gavray,50
50198,50560,Geffosses,50
50199,50530,Genêts,50
50200,50850,Ger,50
50205,50300,La Godefroy,50
50206,50300,La Gohannière,50
50207,50390,Golleville,50
50208,50190,Gonfreville,50
50209,50330,Gonneville-Le Theil,50
50214,50420,Gouvets,50
50215,50200,Gouville sur Mer,50
50216,50620,Graignes-Mesnil-Angot,50
50217,50370,Le Grand-Celland,50
50218,50400,Granville,50
50219,50200,Gratot,50
50220,50440,Gréville-Hague,50
50221,50450,Grimesnil,50
50222,50340,Grosville,50
50223,50210,Guéhébert,50
50225,50410,Le Guislain,50
50227,50310,Le Ham,50
50228,50450,Hambye,50
50229,50730,Hamelin,50
50230,50690,Hardinvast,50
50231,50590,Hauteville-sur-Mer,50
50232,50570,Hauteville-la-Guichard,50
50233,50390,Hautteville-Bocage,50
50234,50410,La Haye-Bellefond,50
50235,50270,La Haye-d'Ectot,50
50236,50250,La Haye,50
50237,50320,La Haye-Pesnel,50
50238,50340,Héauville,50
50239,50180,Thèreval,50
50240,50340,Helleville,50
50241,50700,Hémevez,50
50243,50200,Heugueville-sur-Sienne,50
50244,50660,Hérenguerville,50
50246,50480,Hiesville,50
50247,50320,Hocquigny,50
50248,50620,Le Hommet-d'Arthenay,50
50251,50700,Huberville,50
50252,50510,Hudimesnil,50
50253,50170,Huisnes-sur-Mer,50
50256,50540,Isigny-le-Buat,50
50257,50440,Jobourg,50
50258,50310,Joganville,50
50259,50220,Juilley,50
50260,50520,Juvigny les Vallées,50
50261,50160,Lamberville,50
50262,50800,La Lande-d'Airou,50
50263,50600,Lapenty,50
50265,50430,Laulne,50
50266,50450,Lengronne,50
50267,50430,Lessay,50
50268,50310,Lestre,50
50269,50480,Liesville-sur-Douve,50
50270,50700,Lieusaint,50
50271,50670,Lingeard,50
50272,50660,Lingreville,50
50273,50250,Montsenelle,50
50274,50600,Les Loges-Marchis,50
50275,50370,Les Loges-sur-Brécey,50
50276,50530,Lolif,50
50278,50510,Le Loreur,50
50279,50570,Le Lorey,50
50281,50320,La Lucerne-d'Outremer,50
50282,50870,Le Luot,50
50283,50680,La Luzerne,50
50285,50260,Magneville,50
50288,50300,Marcey-les-Grèves,50
50289,50190,Marchésieux,50
50290,50220,Marcilly,50
50291,50410,Margueray,50
50292,50570,Marigny-Le-Lozon,50
50294,50690,Martinvast,50
50295,50410,Maupertuis,50
50296,50330,Maupertus-sur-Mer,50
50297,50880,La Meauffe,50
50298,50500,Méautis,50
50299,50580,Le Mesnil,50
50300,50520,Le Mesnil-Adelée,50
50301,50450,Le Mesnil-Amand,50
50302,50570,Le Mesnil-Amey,50
50304,50510,Le Mesnil-Aubert,50
50305,50110,Le Mesnil-au-Val,50
50308,50490,Le Mesnilbus,50
50310,50570,Le Mesnil-Eury,50
50311,50450,Le Mesnil-Garnier,50
50312,50670,Le Mesnil-Gilbert,50
50313,50750,Le Mesnil-Herman,50
50315,50600,Le Mesnillard,50
50317,50220,Le Mesnil-Ozenne,50
50318,50520,Le Mesnil-Rainfray,50
50320,50450,Le Mesnil-Rogues,50
50321,50000,Le Mesnil-Rouxelin,50
50323,50520,Le Mesnil-Tôve,50
50324,50620,Le Mesnil-Véneron,50
50325,50570,Le Mesnil-Vigot,50
50326,50450,Le Mesnil-Villeman,50
50327,50510,La Meurdraquière,50
50328,50190,Millières,50
50332,50270,Les Moitiers-d'Allonne,50
50333,50360,Les Moitiers-en-Bauptois,50
50334,50410,Montabot,50
50335,50700,Montaigu-la-Brisette,50
50336,50450,Montaigu-les-Bois,50
50337,50240,Montanel,50
50338,50410,Montbray,50
50340,50490,Montcuit,50
50341,50310,Montebourg,50
50342,50760,Montfarville,50
50345,50200,Monthuchon,50
50347,50240,Montjoie-Saint-Martin,50
50348,50620,Montmartin-en-Graignes,50
50349,50590,Montmartin-sur-Mer,50
50350,50210,Montpinchon,50
50351,50810,Montrabot,50
50352,50570,Montreuil-sur-Lozon,50
50353,50170,Le Mont-Saint-Michel,50
50354,50200,Montsurvent,50
50356,50680,Moon-sur-Elle,50
50357,50410,Morigny,50
50358,50630,Morsalines,50
50359,50140,Mortain-Bocage,50
50360,50700,Morville,50
50361,50320,La Mouche,50
50363,50420,Moyon Villages,50
50364,50490,Muneville-le-Bingard,50
50365,50290,Muneville-sur-Mer,50
50368,50190,Nay,50
50369,50260,Négreville,50
50370,50390,Néhou,50
50371,50140,Le Neufbourg,50
50372,50250,Neufmesnil,50
50373,50480,Neuville-au-Plain,50
50374,50250,Neuville-en-Beaumont,50
50376,50200,Nicorps,50
50378,50210,Notre-Dame-de-Cenilly,50
50379,50370,Notre-Dame-de-Livoye,50
50382,50690,Nouainville,50
50384,50630,Octeville-l'Avenel,50
50385,50440,Omonville-la-Petite,50
50386,50440,Omonville-la-Rogue,50
50387,50390,Orglandes,50
50388,50660,Orval sur Sienne,50
50389,50210,Ouville,50
50390,50310,Ozeville,50
50391,50600,Grandparigny,50
50393,50410,Percy-en-Normandie,50
50394,50190,Périers,50
50395,50630,La Pernelle,50
50397,50150,Perriers-en-Beauficel,50
50398,50160,Le Perron,50
50399,50370,Le Petit-Celland,50
50400,50250,Picauville,50
50401,50340,Pierreville,50
50402,50340,Les Pieux,50
50403,50770,Pirou,50
50404,50160,Placy-Montaigu,50
50405,50250,Le Plessis-Lastelle,50
50408,50220,Pontaubault,50
50409,50880,Pont-Hébert,50
50410,50170,Pontorson,50
50411,50300,Ponts,50
50412,50580,Portbail,50
50413,50220,Précey,50
50417,50630,Quettehou,50
50419,50660,Quettreville-sur-Sienne,50
50420,50750,Quibou,50
50421,50310,Quinéville,50
50422,50500,Raids,50
50423,50000,Rampan,50
50425,50260,Rauville-la-Bigot,50
50426,50390,Rauville-la-Place,50
50427,50480,Ravenoville,50
50428,50520,Reffuveille,50
50429,50590,Regnéville-sur-Mer,50
50430,50390,Reigneville-Bocage,50
50431,50570,Remilly Les Marais,50
50433,50760,Réville,50
50435,50260,Rocheville,50
50436,50140,Romagny Fontenay,50
50437,50210,Roncey,50
50438,50490,La Ronde-Haye,50
50442,50340,Le Rozel,50
50443,50170,Sacey,50
50444,50160,Saint-Amand-Villages,50
50445,50500,Saint-André-de-Bohon,50
50446,50680,Saint-André-de-l'Épine,50
50447,50380,Saint-Aubin-des-Préaux,50
50448,50240,Saint-Aubin-de-Terregatte,50
50449,50490,Saint-Aubin-du-Perron,50
50452,50730,Saint-Brice-de-Landelles,50
50453,50800,Sainte-Cécile,50
50454,50340,Saint-Christophe-du-Foc,50
50455,50680,Saint-Clair-sur-l'Elle,50
50456,50140,Saint-Clément-Rancoudray,50
50460,50440,Sainte-Croix-Hague,50
50462,50720,Saint-Cyr-du-Bailleul,50
50463,50450,Saint-Denis-le-Gast,50
50464,50210,Saint-Denis-le-Vêtu,50
50465,50750,Saint-Ébremond-de-Bonfossé,50
50467,50310,Saint-Floxel,50
50468,50620,Saint-Fromond,50
50471,50270,Saint-Georges-de-la-Rivière,50
50472,50370,Saint-Georges-de-Livoye,50
50473,50680,Saint-Georges-d'Elle,50
50474,50720,Saint-Georges-de-Rouelley,50
50475,50000,Saint-Georges-Montcocq,50
50476,50810,Saint-Germain-d'Elle,50
50477,50440,Saint-Germain-des-Vaux,50
50478,50700,Saint-Germain-de-Tournebut,50
50479,50480,Saint-Germain-de-Varreville,50
50481,50430,Saint-Germain-sur-Ay,50
50482,50190,Saint-Germain-sur-Sèves,50
50484,50600,Saint-Hilaire-du-Harcouët,50
50485,50500,Saint-Hilaire-Petitville,50
50486,50390,Saint-Jacques-de-Néhou,50
50487,50240,Saint-James,50
50488,50620,Saint-Jean-de-Daye,50
50489,50300,Saint-Jean-de-la-Haize,50
50490,50270,Saint-Jean-de-la-Rivière,50
50491,50680,Saint-Jean-de-Savigny,50
50492,50810,Saint-Jean-d'Elle,50
50493,50320,Saint-Jean-des-Champs,50
50495,50370,Saint-Jean-du-Corail-des-Bois,50
50496,50530,Saint-Jean-le-Thomas,50
50499,50670,Saint-Laurent-de-Cuves,50
50500,50240,Saint-Laurent-de-Terregatte,50
50502,50000,Saint-Lô,50
50503,50580,Saint-Lô-d'Ourville,50
50504,50420,Saint-Louet-sur-Vire,50
50506,50200,Saint-Malo-de-la-Lande,50
50510,50190,Saint-Martin-d'Aubigny,50
50511,50310,Saint-Martin-d'Audouville,50
50512,50750,Saint-Martin-de-Bonfossé,50
50513,50210,Saint-Martin-de-Cenilly,50
50514,50150,Chaulieu,50
50517,50480,Saint-Martin-de-Varreville,50
50518,50800,Saint-Martin-le-Bouillant,50
50519,50690,Saint-Martin-le-Gréard,50
50521,50800,Saint-Maur-des-Bois,50
50522,50270,Saint-Maurice-en-Cotentin,50
50523,50480,Sainte-Mère-Église,50
50524,50490,Saint-Michel-de-la-Pierre,50
50525,50670,Saint-Michel-de-Montjoie,50
50528,50250,Saint-Nicolas-de-Pierrepont,50
50529,50370,Saint-Nicolas-des-Bois,50
50531,50220,Saint-Ovin,50
50532,50380,Saint-Pair-sur-Mer,50
50533,50190,Saint-Patrice-de-Claids,50
50535,50870,Le Parc,50
50536,50270,Saint-Pierre-d'Arthéglise,50
50537,50200,Saint-Pierre-de-Coutances,50
50538,50810,Saint-Pierre-de-Semilly,50
50539,50330,Saint-Pierre-Église,50
50540,50530,Saint-Pierre-Langers,50
50541,50400,Saint-Planchers,50
50542,50670,Saint-Pois,50
50543,50220,Saint-Quentin-sur-le-Homme,50
50546,50750,Bourgvallées,50
50548,50250,Saint-Sauveur-de-Pierrepont,50
50549,50510,Saint-Sauveur-la-Pommeraye,50
50550,50490,Saint-Sauveur-Lendelin,50
50551,50390,Saint-Sauveur-le-Vicomte,50
50552,50190,Saint-Sébastien-de-Raids,50
50553,50240,Saint-Senier-de-Beuvron,50
50554,50300,Saint-Senier-sous-Avranches,50
50556,50750,Sainte-Suzanne-sur-Vire,50
50562,50550,Saint-Vaast-la-Hougue,50
50563,50420,Saint-Vigor-des-Monts,50
50564,50500,Terre-et-Marais,50
50565,50530,Sartilly-Baie-Bocage,50
50567,50700,Saussemesnil,50
50569,50210,Savigny,50
50570,50640,Savigny-le-Vieux,50
50571,50480,Sébeville,50
50572,50270,Sénoville,50
50573,50200,Servigny,50
50574,50170,Servon,50
50575,50690,Sideville,50
50576,50340,Siouville-Hague,50
50577,50270,Sortosville-en-Beaumont,50
50578,50310,Sortosville,50
50579,50260,Sottevast,50
50580,50340,Sotteville,50
50581,50750,Soulles,50
50582,50150,Sourdeval,50
50583,50450,Sourdeval-les-Bois,50
50585,50270,Surtainville,50
50587,50390,Taillepied,50
50588,50700,Tamerville,50
50589,50170,Tanis,50
50590,50320,Le Tanu,50
50591,50640,Le Teilleul,50
50592,50420,Tessy-Bocage,50
50593,50630,Teurthéville-Bocage,50
50594,50690,Teurthéville-Hague,50
50596,50330,Théville,50
50597,50870,Tirepied,50
50599,50470,Tollevast,50
50600,50460,Tonneville,50
50601,50160,Torigny-les-Villes,50
50603,50200,Tourville-sur-Sienne,50
50604,50340,Tréauville,50
50605,50660,Trelly,50
50606,50620,Tribehou,50
50608,50420,Troisgots,50
50609,50480,Turqueville,50
50611,50460,Urville-Nacqueville,50
50612,50300,Vains,50
50613,50760,Valcanville,50
50615,50700,Valognes,50
50616,50300,Le Val-Saint-Père,50
50617,50250,Varenguebec,50
50618,50330,Varouville,50
50619,50630,Le Vast,50
50620,50440,Vasteville,50
50621,50310,Vaudreville,50
50622,50490,Vaudrimesnil,50
50624,50200,La Vendelée,50
50626,50450,Ver,50
50627,50240,Vergoncey,50
50628,50370,Vernix,50
50631,50500,Les Veys,50
50633,50760,Le Vicel,50
50634,50630,Videcosville,50
50637,50410,Villebaudon,50
50639,50800,Villedieu-les-Poêles-Rouffigny,50
50640,50240,Villiers-le-Pré,50
50641,50680,Villiers-Fossard,50
50643,50690,Virandeville,50
50647,50400,Yquelon,50
50648,50700,Yvetot-Bocage,50
51001,51240,Ablancourt,51
51002,51530,Saint-Martin-d'Ablois,51
51003,51150,Aigny,51
51004,51260,Allemanche-Launay-et-Soyer,51
51006,51250,Alliancelles,51
51007,51150,Ambonnay,51
51008,51290,Ambrières,51
51009,51260,Anglure,51
51010,51230,Angluzelles-et-Courcelles,51
51012,51700,Anthenay,51
51013,51170,Aougny,51
51014,51170,Arcis-le-Ponsart,51
51015,51800,Argers,51
51016,51290,Arrigny,51
51017,51290,Arzillières-Neuville,51
51018,51150,Athis,51
51019,51600,Aubérive,51
51020,51170,Aubilly,51
51022,51240,Aulnay-l'Aître,51
51023,51150,Aulnay-sur-Marne,51
51025,51110,Auménancourt,51
51027,51800,Auve,51
51028,51160,Avenay-Val-d'Or,51
51029,51190,Avize,51
51030,51150,Aÿ-Champagne,51
51031,51400,Baconnes,51
51033,51270,Le Baizil,51
51036,51120,Barbonne-Fayel,51
51037,51170,Baslieux-lès-Fismes,51
51038,51700,Baslieux-sous-Châtillon,51
51039,51300,Bassu,51
51040,51300,Bassuet,51
51041,51260,Baudement,51
51043,51110,Bazancourt,51
51044,51360,Beaumont-sur-Vesle,51
51045,51270,Beaunay,51
51046,51490,Beine-Nauroy,51
51047,51330,Belval-en-Argonne,51
51048,51480,Belval-sous-Châtillon,51
51049,51130,Bergères-lès-Vertus,51
51050,51210,Bergères-sous-Montmirail,51
51051,51220,Berméricourt,51
51052,51420,Berru,51
51053,51800,Berzieux,51
51054,51490,Bétheniville,51
51055,51450,Bétheny,51
51056,51260,Bethon,51
51057,51330,Bettancourt-la-Longue,51
51058,51430,Bezannes,51
51059,51300,Bignicourt-sur-Marne,51
51060,51340,Bignicourt-sur-Saulx,51
51061,51400,Billy-le-Grand,51
51062,51800,Binarville,51
51063,51700,Binson-et-Orquigny,51
51065,51300,Blacy,51
51066,51300,Blaise-sous-Arzillières,51
51068,51340,Blesme,51
51070,51210,Boissy-le-Repos,51
51071,51310,Bouchy-Saint-Genest,51
51073,51170,Bouleuse,51
51074,51110,Boult-sur-Suippe,51
51075,51110,Bourgogne-Fresne,51
51076,51480,Boursault,51
51077,51140,Bouvancourt,51
51078,51400,Bouy,51
51079,51150,Bouzy,51
51080,51290,Brandonvillers,51
51081,51140,Branscourt,51
51082,51800,Braux-Sainte-Cohière,51
51083,51800,Braux-Saint-Remy,51
51084,51320,Bréban,51
51086,51140,Breuil,51
51087,51240,Breuvery-sur-Coole,51
51088,51220,Brimont,51
51089,51170,Brouillet,51
51090,51230,Broussy-le-Grand,51
51091,51230,Broussy-le-Petit,51
51092,51120,Broyes,51
51093,51530,Brugny-Vaudancourt,51
51094,51300,Brusson,51
51097,51600,Bussy-le-Château,51
51098,51330,Bussy-le-Repos,51
51099,51320,Bussy-Lettrée,51
51100,51270,La Caure,51
51102,51220,Cauroy-lès-Hermonville,51
51103,51260,La Celle-sous-Chantemerle,51
51104,51800,Cernay-en-Dormois,51
51105,51420,Cernay-lès-Reims,51
51107,51130,Chaintrix-Bierges,51
51108,51000,Châlons-en-Champagne,51
51109,51140,Châlons-sur-Vesle,51
51110,51130,Chaltrait,51
51111,51170,Chambrecy,51
51112,51500,Chamery,51
51113,51270,Champaubert,51
51116,51310,Champguyon,51
51117,51150,Champigneul-Champagne,51
51118,51370,Champigny,51
51119,51160,Champillon,51
51120,51480,Champlat-et-Boujacourt,51
51121,51700,Champvoisy,51
51124,51260,Chantemerle,51
51125,51290,Chapelaine,51
51126,51800,La Chapelle-Felcourt,51
51127,51260,La Chapelle-Lasson,51
51128,51270,La Chapelle-sous-Orbais,51
51129,51120,Charleville,51
51130,51330,Charmont,51
51132,51330,Les Charmontois,51
51133,51330,Le Châtelier,51
51134,51300,Châtelraould-Saint-Louvent,51
51135,51290,Châtillon-sur-Broué,51
51136,51700,Châtillon-sur-Marne,51
51137,51310,Châtillon-sur-Morin,51
51138,51800,Châtrices,51
51140,51170,Chaumuzy,51
51141,51240,La Chaussée-sur-Marne,51
51142,51530,Chavot-Courcourt,51
51143,51800,Le Chemin,51
51144,51250,Cheminon,51
51145,51140,Chenay,51
51146,51510,Cheniers,51
51147,51600,La Cheppe,51
51148,51240,Cheppes-la-Prairie,51
51149,51240,Chepy,51
51150,51150,Cherville,51
51151,51120,Chichey,51
51152,51500,Chigny-les-Roses,51
51153,51530,Chouilly,51
51154,51130,Clamanges,51
51155,51260,Clesles,51
51156,51300,Cloyes-sur-Marne,51
51157,51270,Coizard-Joches,51
51158,51130,Val-des-Marais,51
51160,51510,Compertrix,51
51161,51150,Condé-sur-Marne,51
51162,51260,Conflans-sur-Seine,51
51163,51270,Congy,51
51164,51230,Connantray-Vaurefroy,51
51165,51230,Connantre,51
51166,51330,Contault,51
51167,51320,Coole,51
51168,51510,Coolus,51
51169,51320,Corbeil,51
51170,51210,Corfélix,51
51171,51220,Cormicy,51
51172,51350,Cormontreuil,51
51173,51480,Cormoyeux,51
51174,51270,Corribert,51
51175,51210,Corrobert,51
51176,51230,Corroy,51
51177,51390,Coulommes-la-Montagne,51
51178,51240,Coupetz,51
51179,51240,Coupéville,51
51181,51140,Courcelles-Sapicourt,51
51182,51260,Courcemain,51
51184,51300,Courdemanges,51
51185,51310,Courgivaux,51
51186,51270,Courjeonnet,51
51187,51170,Courlandon,51
51188,51390,Courmas,51
51190,51480,Courtagnon,51
51191,51800,Courtémont,51
51192,51700,Courthiézy,51
51193,51460,Courtisols,51
51194,51170,Courville,51
51195,51300,Couvrot,51
51196,51530,Cramant,51
51197,51600,La Croix-en-Champagne,51
51198,51170,Crugny,51
51199,51480,Cuchery,51
51200,51530,Cuis,51
51201,51700,Cuisles,51
51202,51480,Cumières,51
51203,51400,Cuperly,51
51204,51480,Damery,51
51205,51400,Dampierre-au-Temple,51
51206,51330,Dampierre-le-Château,51
51208,51240,Dampierre-sur-Moivre,51
51210,51530,Dizy,51
51211,51800,Dommartin-Dampierre,51
51212,51320,Dommartin-Lettrée,51
51213,51800,Dommartin-sous-Hans,51
51214,51330,Dommartin-Varimont,51
51215,51300,Dompremy,51
51216,51490,Dontrien,51
51217,51700,Dormans,51
51218,51340,Val-de-Vière,51
51219,51290,Drosnay,51
51220,51300,Drouilly,51
51222,51800,Éclaires,51
51223,51290,Écollemont,51
51224,51300,Écriennes,51
51225,51500,Écueil,51
51226,51230,Écury-le-Repos,51
51227,51240,Écury-sur-Coole,51
51228,51800,Élise-Daucourt,51
51229,51330,Épense,51
51230,51200,Épernay,51
51232,51490,Époye,51
51233,51310,Escardes,51
51234,51260,Esclavolles-Lurey,51
51235,51120,Les Essarts-lès-Sézanne,51
51236,51310,Les Essarts-le-Vicomte,51
51237,51310,Esternay,51
51238,51270,Étoges,51
51240,51340,Étrepy,51
51241,51230,Euvy,51
51242,51510,Fagnières,51
51243,51230,Faux-Fresnay,51
51244,51320,Faux-Vésigneul,51
51245,51170,Faverolles-et-Coëmy,51
51246,51300,Favresse,51
51247,51270,Fèrebrianges,51
51248,51230,Fère-Champenoise,51
51249,51700,Festigny,51
51250,51170,Fismes,51
51252,51480,Fleury-la-Rivière,51
51253,51800,Florent-en-Argonne,51
51254,51120,Fontaine-Denis-Nuisy,51
51255,51800,Fontaine-en-Dormois,51
51256,51160,Fontaine-sur-Ay,51
51258,51120,La Forestière,51
51261,51110,Fresne-lès-Reims,51
51262,51300,Frignicourt,51
51263,51210,Fromentières,51
51264,51210,Le Gault-Soigny,51
51265,51120,Gaye,51
51267,51390,Germigny,51
51268,51130,Germinon,51
51269,51290,Giffaumont-Champaubert,51
51270,51290,Gigny-Bussy,51
51271,51130,Gionges,51
51272,51330,Givry-en-Argonne,51
51273,51130,Givry-lès-Loisy,51
51274,51800,Gizaucourt,51
51275,51300,Glannes,51
51276,51230,Gourgançon,51
51277,51290,Sainte-Marie-du-Lac-Nuisement,51
51278,51400,Les Grandes-Loges,51
51279,51260,Granges-sur-Aube,51
51280,51800,Gratreuil,51
51281,51190,Grauves,51
51282,51390,Gueux,51
51283,51800,Hans,51
51284,51300,Haussignémont,51
51285,51320,Haussimont,51
51287,51160,Hautvillers,51
51288,51300,Heiltz-le-Hutier,51
51289,51340,Heiltz-le-Maurupt,51
51290,51340,Heiltz-l'Évêque,51
51291,51220,Hermonville,51
51292,51460,Herpont,51
51293,51110,Heutrégiville,51
51294,51140,Hourges,51
51295,51300,Huiron,51
51296,51320,Humbauville,51
51298,51700,Igny-Comblizy,51
51299,51110,Isles-sur-Suippe,51
51300,51290,Isle-sur-Marne,51
51301,51150,Isse,51
51302,51190,Les Istres-et-Bury,51
51303,51150,Jâlons,51
51304,51210,Janvilliers,51
51305,51390,Janvry,51
51306,51310,Joiselle,51
51307,51600,Jonchery-sur-Suippe,51
51308,51140,Jonchery-sur-Vesle,51
51309,51700,Jonquery,51
51310,51390,Jouy-lès-Reims,51
51311,51340,Jussecourt-Minecourt,51
51313,51120,Lachy,51
51314,51170,Lagery,51
51316,51290,Larzicourt,51
51317,51600,Laval-sur-Tourbe,51
51318,51110,Lavannes,51
51319,51230,Lenharrée,51
51320,51700,Leuvrigny,51
51321,51170,Lhéry,51
51322,51290,Lignon,51
51323,51230,Linthelles,51
51324,51230,Linthes,51
51325,51300,Lisse-en-Champagne,51
51326,51400,Livry-Louvercy,51
51327,51130,Loisy-en-Brie,51
51328,51300,Loisy-sur-Marne,51
51329,51220,Loivre,51
51333,51500,Ludes,51
51334,51300,Luxémont-et-Villotte,51
51336,51800,Maffrécourt,51
51337,51170,Magneux,51
51338,51500,Mailly-Champagne,51
51339,51240,Mairy-sur-Marne,51
51340,51300,Maisons-en-Champagne,51
51341,51800,Malmy,51
51342,51530,Mancy,51
51343,51260,Marcilly-sur-Seine,51
51344,51530,Mardeuil,51
51345,51270,Mareuil-en-Brie,51
51346,51700,Mareuil-le-Port,51
51348,51170,Marfaux,51
51349,51290,Margerie-Hancourt,51
51353,51260,Marsangis,51
51354,51240,Marson,51
51355,51800,Massiges,51
51356,51300,Matignicourt-Goncourt,51
51357,51510,Matougues,51
51358,51340,Maurupt-le-Montois,51
51359,51210,Mécringes,51
51360,51120,Le Meix-Saint-Epoing,51
51361,51320,Le Meix-Tiercelin,51
51362,51220,Merfy,51
51363,51300,Merlaut,51
51364,51390,Méry-Prémecy,51
51365,51370,Les Mesneux,51
51367,51190,Le Mesnil-sur-Oger,51
51368,51800,Minaucourt-le-Mesnil-lès-Hurlus,51
51369,51120,Mœurs-Verdey,51
51370,51800,Moiremont,51
51371,51240,Moivre,51
51372,51470,Moncetz-Longevas,51
51373,51290,Moncetz-l'Abbaye,51
51374,51120,Mondement-Montgivroux,51
51375,51500,Montbré,51
51376,51260,Montgenost,51
51377,51320,Montépreux,51
51378,51530,Monthelon,51
51379,51140,Montigny-sur-Vesle,51
51380,51210,Montmirail,51
51381,51270,Montmort-Lucy,51
51382,51170,Mont-sur-Courville,51
51384,51530,Morangis,51
51386,51210,Morsains,51
51387,51530,Moslins,51
51388,51400,Mourmelon-le-Grand,51
51389,51400,Mourmelon-le-Petit,51
51390,51530,Moussy,51
51391,51140,Muizon,51
51392,51160,Mutigny,51
51393,51480,Nanteuil-la-Forêt,51
51395,51120,Nesle-la-Reposte,51
51396,51700,Nesle-le-Repons,51
51397,51330,La Neuville-aux-Bois,51
51398,51480,La Neuville-aux-Larris,51
51399,51800,La Neuville-au-Pont,51
51403,51420,Nogent-l'Abbesse,51
51404,51330,Noirlieu,51
51406,51300,Norrois,51
51407,51310,La Noue,51
51409,51240,Nuisement-sur-Coole,51
51411,51190,Oger,51
51413,51530,Oiry,51
51414,51700,Olizy,51
51415,51240,Omey,51
51416,51270,Orbais-l'Abbaye,51
51417,51300,Orconte,51
51419,51290,Outines,51
51420,51300,Outrepont,51
51421,51120,Oyes,51
51422,51390,Pargny-lès-Reims,51
51423,51340,Pargny-sur-Saulx,51
51424,51800,Passavant-en-Argonne,51
51425,51700,Passy-Grigny,51
51426,51120,Péas,51
51428,51400,Les Petites-Loges,51
51429,51140,Pévy,51
51430,51130,Pierre-Morains,51
51431,51530,Pierry,51
51432,51230,Pleurs,51
51433,51300,Plichancourt,51
51434,51150,Plivot,51
51435,51130,Pocancy,51
51436,51240,Pogny,51
51437,51170,Poilly,51
51438,51460,Poix,51
51439,51110,Pomacle,51
51440,51490,Pontfaverger-Moronvilliers,51
51441,51300,Ponthion,51
51442,51330,Possesse,51
51443,51260,Potangis,51
51445,51480,Pourcy,51
51446,51300,Pringy,51
51447,51400,Prosnes,51
51448,51140,Prouilly,51
51449,51360,Prunay,51
51450,51500,Puisieulx,51
51451,51120,Queudes,51
51452,51330,Rapsécourt,51
51453,51520,Recy,51
51454,51100,Reims,51
51455,51300,Reims-la-Brûlée,51
51456,51330,Remicourt,51
51457,51480,Reuil,51
51458,51120,Reuves,51
51459,51310,Réveillon,51
51460,51210,Rieux,51
51461,51500,Rilly-la-Montagne,51
51463,51300,Les Rivières-Henruel,51
51466,51170,Romigny,51
51469,51130,Rouffy,51
51470,51800,Rouvroy-Ripont,51
51471,51500,Sacy,51
51472,51300,Saint-Amand-sur-Fion,51
51473,51310,Saint-Bon,51
51474,51370,Saint-Brice-Courcelles,51
51475,51290,Saint-Chéron,51
51476,51460,Saint-Étienne-au-Temple,51
51477,51110,Saint-Étienne-sur-Suippe,51
51478,52100,Saint-Eulien,51
51479,51390,Saint-Euphraise-et-Clairizet,51
51482,51240,Saint-Germain-la-Ville,51
51483,51510,Saint-Gibrien,51
51485,51400,Saint-Hilaire-au-Temple,51
51486,51600,Saint-Hilaire-le-Grand,51
51487,51490,Saint-Hilaire-le-Petit,51
51488,51160,Saint-Imoges,51
51489,51330,Saint-Jean-devant-Possesse,51
51490,51240,Saint-Jean-sur-Moivre,51
51491,51600,Saint-Jean-sur-Tourbe,51
51492,51260,Saint-Just-Sauvage,51
51496,51300,Saint-Lumier-en-Champagne,51
51497,51340,Saint-Lumier-la-Populeuse,51
51498,51800,Saint-Mard-sur-Auve,51
51499,51130,Saint-Mard-lès-Rouffy,51
51500,51330,Saint-Mard-sur-le-Mont,51
51501,51600,Sainte-Marie-à-Py,51
51502,51240,Saint-Martin-aux-Champs,51
51503,51490,Saint-Martin-l'Heureux,51
51504,51520,Saint-Martin-sur-le-Pré,51
51505,51490,Saint-Masmes,51
51506,51470,Saint-Memmie,51
51507,51800,Sainte-Menehould,51
51508,51320,Saint-Ouen-Domprot,51
51510,51300,Saint-Quentin-les-Marais,51
51511,51120,Saint-Quentin-le-Verger,51
51512,51240,Saint-Quentin-sur-Coole,51
51513,51290,Saint-Remy-en-Bouzemont-Saint-Genest-et-Isson,51
51514,51120,Saint-Remy-sous-Broyes,51
51515,51600,Saint-Remy-sur-Bussy,51
51517,51600,Saint-Souplet-sur-Py,51
51518,51220,Saint-Thierry,51
51519,51800,Saint-Thomas-en-Argonne,51
51520,51290,Saint-Utin,51
51521,51340,Saint-Vrain,51
51522,52100,Sapignicourt,51
51523,51170,Sarcy,51
51524,51260,Saron-sur-Aube,51
51525,51520,Sarry,51
51526,51120,Saudoy,51
51527,51170,Savigny-sur-Ardres,51
51528,51340,Scrupt,51
51530,51400,Sept-Saulx,51
51531,51250,Sermaize-les-Bains,51
51532,51500,Sermiers,51
51533,51800,Servon-Melzicourt,51
51534,51170,Serzy-et-Prin,51
51535,51120,Sézanne,51
51536,51500,Sillery,51
51537,51800,Sivry-Ante,51
51538,51520,Sogny-aux-Moulins,51
51539,51340,Sogny-en-l'Angle,51
51542,51120,Soizy-aux-Bois,51
51543,51800,Somme-Bionne,51
51544,51600,Sommepy-Tahure,51
51545,51320,Sommesous,51
51546,51600,Somme-Suippe,51
51547,51600,Somme-Tourbe,51
51548,51460,Somme-Vesle,51
51549,51330,Somme-Yèvre,51
51550,51320,Sompuis,51
51551,51290,Somsois,51
51552,51240,Songy,51
51553,51600,Souain-Perthes-lès-Hurlus,51
51555,51320,Soudé,51
51556,51320,Soudron,51
51557,51300,Soulanges,51
51558,51130,Soulières,51
51559,51600,Suippes,51
51560,51270,Suizy-le-Franc,51
51562,51500,Taissy,51
51563,51270,Talus-Saint-Prix,51
51564,51150,Val de Livre,51
51565,51230,Thaas,51
51566,51510,Thibie,51
51567,51300,Thiéblemont-Farémont,51
51569,51370,Thillois,51
51570,51210,Le Thoult-Trosnay,51
51571,51360,Val-de-Vesle,51
51572,51460,Tilloy-et-Bellay,51
51573,51430,Tinqueux,51
51574,51240,Togny-aux-Bœufs,51
51576,51150,Tours-sur-Marne,51
51577,51170,Tramery,51
51578,51130,Trécon,51
51579,51210,Tréfols,51
51580,51380,Trépail,51
51581,51140,Treslon,51
51582,51140,Trigny,51
51583,51340,Trois-Fontaines-l'Abbaye,51
51584,51500,Trois-Puits,51
51585,51700,Troissy,51
51586,51170,Unchair,51
51587,51400,Vadenay,51
51588,51800,Valmy,51
51589,51330,Vanault-le-Châtel,51
51590,51340,Vanault-les-Dames,51
51591,51140,Vandeuil,51
51592,51700,Vandières,51
51594,51320,Vassimont-et-Chapelaine,51
51595,51320,Vatry,51
51597,51480,Vauciennes,51
51598,51300,Vauclerc,51
51599,51380,Vaudemange,51
51600,51600,Vaudesincourt,51
51601,51300,Vavray-le-Grand,51
51602,51300,Vavray-le-Petit,51
51603,51130,Vélye,51
51604,51140,Ventelay,51
51605,51480,Venteuil,51
51608,51330,Vernancourt,51
51611,51130,Vert-Toulon,51
51612,51130,Blancs-Coteaux,51
51613,51360,Verzenay,51
51614,51380,Verzy,51
51616,51240,Vésigneul-sur-Marne,51
51617,51520,La Veuve,51
51618,51210,Le Vézier,51
51619,51330,Le Vieil-Dampierre,51
51620,51800,Vienne-la-Ville,51
51621,51800,Vienne-le-Château,51
51622,51390,Ville-Dommange,51
51623,51500,Ville-en-Selve,51
51624,51170,Ville-en-Tardenois,51
51625,51310,Villeneuve-la-Lionne,51
51626,51120,La Villeneuve-lès-Charleville,51
51627,51130,Villeneuve-Renneville-Chevigny,51
51628,51120,Villeneuve-Saint-Vistre-et-Villevotte,51
51629,51500,Villers-Allerand,51
51630,51130,Villers-aux-Bois,51
51631,51500,Villers-aux-Nœuds,51
51632,51800,Villers-en-Argonne,51
51633,51220,Villers-Franqueux,51
51634,51510,Villers-le-Château,51
51636,51380,Villers-Marmery,51
51637,51700,Villers-sous-Châtillon,51
51638,51130,Villeseneux,51
51639,51270,La Ville-sous-Orbais,51
51640,51800,Ville-sur-Tourbe,51
51641,51270,Villevenard,51
51642,51260,Villiers-aux-Corneilles,51
51644,51700,Vincelles,51
51645,51120,Vindey,51
51646,51800,Virginy,51
51647,51300,Vitry-en-Perthois,51
51648,51240,Vitry-la-Ville,51
51649,51300,Vitry-le-François,51
51650,51800,Voilemont,51
51651,51130,Voipreux,51
51652,51260,Vouarces,51
51654,51340,Vouillers,51
51655,51130,Vouzy,51
51656,51150,Vraux,51
51658,51330,Vroil,51
51659,51800,Wargemoulin-Hurlus,51
51660,51110,Warmeriville,51
51662,51420,Witry-lès-Reims,51
51663,51530,Magenta,51
52001,52340,Ageville,52
52003,52700,Aillianville,52
52004,52230,Aingoulaincourt,52
52005,52120,Aizanville,52
52006,52130,Allichamps,52
52007,52110,Ambonville,52
52008,52700,Andelot-Blancheville,52
52009,52360,Andilly-en-Bassigny,52
52011,52310,Annéville-la-Prairie,52
52012,52230,Annonville,52
52013,52500,Anrosey,52
52014,52250,Aprey,52
52015,52500,Arbigny-sous-Varennes,52
52016,52160,Arbot,52
52017,52210,Arc-en-Barrois,52
52019,52110,Arnancourt,52
52021,52130,Attancourt,52
52022,52210,Aubepierre-sur-Aube,52
52023,52160,Auberive,52
52025,52240,Audeloncourt,52
52027,52190,Aujeurres,52
52028,52160,Aulnoy-sur-Aube,52
52029,52300,Autigny-le-Grand,52
52030,52300,Autigny-le-Petit,52
52031,52120,Autreville-sur-la-Renne,52
52033,52140,Avrecourt,52
52034,52130,Bailly-aux-Forges,52
52035,52250,Baissey,52
52038,52240,Bassoncourt,52
52039,52110,Baudrecourt,52
52040,52160,Bay-sur-Aube,52
52042,52260,Beauchemin,52
52044,52270,Roches-Bettaincourt,52
52045,52100,Bettancourt-la-Ferrée,52
52047,52110,Beurville,52
52050,52340,Biesles,52
52051,52500,Bize,52
52053,52330,Blaisy,52
52055,52300,Blécourt,52
52056,52120,Blessonville,52
52057,52110,Blumeray,52
52058,52310,Bologne,52
52059,52360,Bonnecourt,52
52060,52400,Bourbonne-les-Bains,52
52061,52700,Bourdons-sur-Rognon,52
52063,52150,Bourg-Sainte-Marie,52
52064,52150,Bourmont-entre-Meuse-et-Mouzon,52
52065,52110,Bouzancourt,52
52066,52110,Brachay,52
52067,52150,Brainville-sur-Meuse,52
52069,52120,Braux-le-Châtel,52
52070,52200,Brennes,52
52072,52000,Brethenay,52
52074,52240,Breuvannes-en-Bassigny,52
52075,52700,Briaucourt,52
52076,52120,Bricon,52
52079,52130,Brousseval,52
52082,52210,Bugnières,52
52083,52500,Champsevraine,52
52084,52700,Busson,52
52085,52240,Buxières-lès-Clefmont,52
52087,52000,Buxières-lès-Villiers,52
52088,52220,Ceffonds,52
52089,52360,Celles-en-Bassigny,52
52090,52600,Celsoy,52
52091,52320,Cerisières,52
52092,52160,Chalancey,52
52093,52600,Chalindrey,52
52094,52160,Vals-des-Tilles,52
52095,52700,Chalvraines,52
52097,52700,Chambroncourt,52
52099,52410,Chamouilley,52
52101,52150,Champigneulles-en-Bassigny,52
52102,52200,Champigny-lès-Langres,52
52103,52400,Champigny-sous-Varennes,52
52104,52100,Chancenay,52
52105,52360,Changey,52
52106,52260,Chanoy,52
52107,52700,Chantraines,52
52109,52110,Charmes-en-l'Angle,52
52110,52110,Charmes-la-Grande,52
52113,52190,Chassigny,52
52114,52120,Châteauvillain,52
52115,52200,Chatenay-Mâcheron,52
52116,52360,Chatenay-Vaudin,52
52118,52300,Chatonrupt-Sommermont,52
52119,52600,Chaudenay,52
52120,52140,Chauffourt,52
52122,52150,Chaumont-la-Ville,52
52123,52170,Chevillon,52
52124,52400,Chézeaux,52
52125,52000,Chamarandes-Choignes,52
52126,52190,Choilley-Dardenay,52
52127,52240,Choiseul,52
52128,52700,Cirey-lès-Mareilles,52
52129,52110,Cirey-sur-Blaise,52
52130,52370,Cirfontaines-en-Azois,52
52131,52230,Cirfontaines-en-Ornois,52
52132,52240,Clefmont,52
52133,52700,Clinchamp,52
52134,52600,Cohons,52
52135,52400,Coiffy-le-Bas,52
52136,52400,Coiffy-le-Haut,52
52137,52160,Colmier-le-Bas,52
52138,52160,Colmier-le-Haut,52
52140,52330,Colombey les Deux Églises,52
52142,52700,Consigny,52
52145,52500,Coublanc,52
52146,52210,Coupray,52
52147,52200,Courcelles-en-Montagne,52
52149,52110,Courcelles-sur-Blaise,52
52151,52210,Cour-l'Évêque,52
52155,52600,Culmont,52
52157,52330,Curmont,52
52158,52190,Cusey,52
52160,52110,Daillancourt,52
52161,52240,Daillecourt,52
52162,52140,Dammartin-sur-Meuse,52
52164,52400,Damrémont,52
52165,52210,Dancevoir,52
52167,52700,Darmannes,52
52168,52120,Dinteville,52
52169,52130,Domblain,52
52170,52190,Dommarien,52
52171,52110,Dommartin-le-Franc,52
52172,52110,Dommartin-le-Saint-Père,52
52173,52270,Domremy-Landéville,52
52174,52150,Doncourt-sur-Meuse,52
52175,52300,Donjeux,52
52177,52270,Doulaincourt-Saucourt,52
52178,52110,Doulevant-le-Château,52
52179,52130,Doulevant-le-Petit,52
52181,52230,Échenay,52
52182,52290,Éclaron-Braucourt-Sainte-Livière,52
52183,52700,Ecot-la-Combe,52
52184,52300,Effincourt,52
52185,52400,Enfonvelle,52
52187,52230,Épizon,52
52189,52190,Le Val-d'Esnoms,52
52190,52340,Esnouveaux,52
52193,52000,Euffigneix,52
52194,52410,Eurville-Bienville,52
52195,52500,Farincourt,52
52197,52500,Fayl-Billot,52
52198,52130,Fays,52
52199,52300,Ferrière-et-Lafolie,52
52201,52110,Flammerécourt,52
52203,52170,Fontaines-sur-Marne,52
52204,52700,Forcey,52
52205,52000,Foulain,52
52206,52220,Frampas,52
52207,52360,Frécourt,52
52208,52400,Fresnes-sur-Apance,52
52211,52320,Froncles,52
52212,52300,Fronville,52
52213,52500,Genevrières,52
52214,52320,La Genevroye,52
52216,52160,Germaines,52
52217,52150,Germainvilliers,52
52218,52230,Germay,52
52219,52230,Germisay,52
52220,52210,Giey-sur-Aujon,52
52221,52330,Gillancourt,52
52222,52230,Gillaumé,52
52225,52150,Goncourt,52
52227,52150,Graffigny-Chemin,52
52229,52500,Grenant,52
52230,52320,Gudmont-Villiers,52
52231,52300,Guindrecourt-aux-Ormes,52
52232,52330,Guindrecourt-sur-Blaise,52
52233,52400,Guyonvelle,52
52234,52150,Hâcourt,52
52235,52100,Hallignicourt,52
52237,52150,Harréville-les-Chanteurs,52
52240,52600,Heuilley-le-Grand,52
52242,52600,Haute-Amance,52
52243,52150,Huilliécourt,52
52244,52290,Humbécourt,52
52245,52700,Humberville,52
52246,52200,Humes-Jorquenay,52
52247,52150,Illoud,52
52248,52140,Is-en-Bassigny,52
52249,52190,Isômes,52
52250,52300,Joinville,52
52251,52000,Jonchery,52
52253,52330,Juzennecourt,52
52254,52330,Lachapelle-en-Blaisy,52
52256,52700,Lafauche,52
52257,52500,Laferté-sur-Amance,52
52258,52120,Laferté-sur-Aube,52
52260,52310,Lamancine,52
52262,52330,Lamothe-en-Blaisy,52
52264,52400,Laneuvelle,52
52265,52170,Bayard-sur-Marne,52
52266,52220,Laneuville-à-Rémy,52
52267,52100,Laneuville-au-Pont,52
52269,52200,Langres,52
52271,52800,Lanques-sur-Rognon,52
52272,52120,Lanty-sur-Aube,52
52273,52400,Larivière-Arnoncourt,52
52274,52120,Latrecey-Ormoy-sur-Aube,52
52275,52140,Lavernoy,52
52276,52000,Laville-aux-Bois,52
52277,52140,Lavilleneuve,52
52278,52330,Lavilleneuve-au-Roi,52
52280,52360,Lecey,52
52282,52210,Leffonds,52
52284,52110,Leschères-sur-le-Blaiseron,52
52285,52190,Leuchey,52
52286,52700,Leurville,52
52287,52150,Levécourt,52
52288,52230,Lezéville,52
52289,52700,Liffol-le-Petit,52
52292,52250,Longeau-Percey,52
52294,52130,Louvemont,52
52297,52000,Luzy-sur-Marne,52
52298,52500,Maâtz,52
52301,52240,Maisoncelles,52
52303,52500,Maizières-sur-Amance,52
52304,52150,Malaincourt-sur-Meuse,52
52305,52800,Mandres-la-Côte,52
52306,52700,Manois,52
52307,52260,Marac,52
52308,52370,Maranville,52
52310,52320,Marbéville,52
52311,52360,Marcilly-en-Bassigny,52
52312,52200,Mardor,52
52313,52700,Mareilles,52
52315,52800,Marnay-sur-Marne,52
52316,52300,Mathons,52
52318,52400,Melay,52
52319,52240,Mennouveaux,52
52320,52240,Merrey,52
52321,52110,Mertrud,52
52322,52310,Meures,52
52326,52320,Mirbel,52
52327,52100,Moëslains,52
52328,52400,Montcharvot,52
52330,52330,Montheries,52
52331,52220,La Porte du Der,52
52332,52140,Val-de-Meuse,52
52335,52700,Montot-sur-Rognon,52
52336,52130,Montreuil-sur-Blaise,52
52337,52230,Montreuil-sur-Thonnance,52
52341,52110,Morancourt,52
52342,52700,Morionvilliers,52
52344,52160,Mouilleron,52
52346,52300,Mussey-sur-Marne,52
52347,52170,Narcy,52
52348,52360,Neuilly-l'Évêque,52
52349,52000,Neuilly-sur-Suize,52
52350,52400,Neuvelle-lès-Voisey,52
52351,52150,Nijon,52
52352,52800,Ninville,52
52353,52800,Nogent,52
52354,52600,Noidant-Chatenoy,52
52355,52200,Noidant-le-Rocheux,52
52356,52300,Nomécourt,52
52357,52230,Noncourt-sur-le-Rongeant,52
52359,52110,Nully,52
52360,52190,Occey,52
52362,52360,Orbigny-au-Mont,52
52363,52360,Orbigny-au-Val,52
52364,52250,Orcevaux,52
52365,52120,Orges,52
52366,52200,Ormancey,52
52367,52310,Ormoy-lès-Sexfontaines,52
52369,52700,Orquevaux,52
52370,52300,Osne-le-Val,52
52371,52310,Oudincourt,52
52372,52150,Outremécourt,52
52373,52700,Ozières,52
52374,52600,Le Pailly,52
52375,52600,Palaiseul,52
52376,52230,Pansey,52
52377,52400,Parnoy-en-Bassigny,52
52378,52300,Paroy-sur-Saulx,52
52380,52200,Peigney,52
52383,52200,Perrancey-les-Vieux-Moulins,52
52384,52160,Perrogney-les-Fontaines,52
52385,52240,Perrusse,52
52388,52500,Pierremont-sur-Amance,52
52390,52500,Pisseloup,52
52391,52220,Planrupt,52
52392,52360,Plesnoy,52
52393,52160,Poinsenot,52
52394,52500,Poinson-lès-Fayl,52
52395,52160,Poinson-lès-Grancey,52
52396,52800,Poinson-lès-Nogent,52
52397,52360,Poiseul,52
52398,52230,Poissons,52
52399,52120,Pont-la-Ville,52
52400,52400,Le Châtelet-sur-Meuse,52
52401,52800,Poulangy,52
52403,52160,Praslay,52
52405,52190,Le Montsaugeonnais,52
52406,52500,Pressigny,52
52407,52700,Prez-sous-Lafauche,52
52411,52220,Rives Dervoises,52
52413,52130,Rachecourt-Suzémont,52
52414,52170,Rachecourt-sur-Marne,52
52415,52140,Rançonnières,52
52416,52140,Rangecourt,52
52419,52370,Rennepont,52
52420,52700,Reynel,52
52421,52000,Riaucourt,52
52422,52120,Richebourg,52
52423,52700,Rimaucourt,52
52424,52600,Rivières-le-Bois,52
52425,52190,Rivière-les-Fosses,52
52426,52330,Rizaucourt-Buchey,52
52428,52700,Rochefort-sur-la-Côte,52
52429,52410,Roches-sur-Marne,52
52431,52210,Rochetaillée,52
52432,52260,Rolampont,52
52433,52150,Romain-sur-Meuse,52
52436,52320,Rouécourt,52
52437,52160,Rouelles,52
52438,52500,Rougeux,52
52439,52160,Rouvres-sur-Aube,52
52440,52300,Rouvroy-sur-Marne,52
52442,52300,Rupt,52
52444,52700,Saint-Blin,52
52445,52190,Saint-Broingt-le-Bois,52
52446,52190,Saint-Broingt-les-Fosses,52
52447,52200,Saint-Ciergues,52
52448,52100,Saint-Dizier,52
52449,52200,Saints-Geosmes,52
52450,52210,Saint-Loup-sur-Aujon,52
52452,52200,Saint-Martin-lès-Langres,52
52453,52200,Saint-Maurice,52
52455,52150,Saint-Thiébault,52
52456,52300,Saint-Urbain-Maconcourt,52
52457,52200,Saint-Vallier-sur-Marne,52
52459,52800,Sarcey,52
52461,52140,Sarrey,52
52463,52230,Saudron,52
52464,52500,Saulles,52
52465,52140,Saulxures,52
52468,52700,Semilly,52
52469,52000,Semoutiers-Montsaon,52
52470,52400,Serqueux,52
52472,52330,Sexfontaines,52
52473,52700,Signéville,52
52474,52120,Silvarouvres,52
52475,52130,Sommancourt,52
52476,52150,Sommerécourt,52
52479,52220,Sommevoire,52
52480,52320,Soncourt-sur-Marne,52
52482,52150,Soulaucourt-sur-Mouzon,52
52483,52400,Soyers,52
52484,52300,Suzannecourt,52
52486,52210,Ternat,52
52487,52220,Thilleux,52
52488,52800,Thivet,52
52489,52240,Thol-lès-Millières,52
52490,52300,Thonnance-lès-Joinville,52
52491,52230,Thonnance-les-Moulins,52
52492,52600,Torcenay,52
52493,52500,Tornay,52
52494,52000,Treix,52
52495,52110,Trémilly,52
52497,52130,Troisfontaines-la-Ville,52
52499,52160,Vaillant,52
52500,52100,Valcourt,52
52502,52130,Valleret,52
52504,52400,Varennes-sur-Amance,52
52505,52150,Vaudrecourt,52
52506,52330,Vaudrémont,52
52507,52200,Vauxbons,52
52510,52130,Vaux-sur-Blaise,52
52511,52300,Vaux-sur-Saint-Urbain,52
52512,52300,Vecqueville,52
52514,52000,Verbiesles,52
52515,52250,Verseilles-le-Bas,52
52516,52250,Verseilles-le-Haut,52
52517,52700,Vesaignes-sous-Lafauche,52
52518,52800,Vesaignes-sur-Marne,52
52519,52190,Vesvres-sous-Chalancey,52
52522,52310,Viéville,52
52523,52700,Vignes-la-Côte,52
52524,52320,Vignory,52
52525,52120,Villars-en-Azois,52
52526,52160,Villars-Santenoge,52
52528,52130,Ville-en-Blaisois,52
52529,52190,Villegusien-le-Lac,52
52534,52100,Villiers-en-Lieu,52
52536,52190,Villiers-lès-Aprey,52
52538,52210,Villiers-sur-Suize,52
52539,52600,Violot,52
52540,52160,Vitry-en-Montagne,52
52541,52800,Vitry-lès-Nogent,52
52542,52160,Vivey,52
52543,52130,Voillecomte,52
52544,52400,Voisey,52
52545,52200,Voisines,52
52546,52500,Voncourt,52
52547,52320,Vouécourt,52
52548,52310,Vraincourt,52
52549,52240,Vroncourt-la-Côte,52
52550,52130,Wassy,52
53001,53940,Ahuillé,53
53002,53240,Alexain,53
53003,53300,Ambrières-les-Vallées,53
53004,53200,Ampoigné,53
53005,53240,Andouillé,53
53006,53290,Argenton-Notre-Dame,53
53007,53210,Argentré,53
53008,53440,Aron,53
53009,53170,Arquenay,53
53010,53600,Assé-le-Bérenger,53
53011,53230,Astillé,53
53013,53700,Averton,53
53015,53240,La Baconnière,53
53017,53340,Val-du-Maine,53
53018,53350,Ballots,53
53021,53440,La Bazoge-Montpinçon,53
53022,53170,La Bazouge-de-Chemeré,53
53023,53470,La Bazouge-des-Alleux,53
53025,53170,Bazougers,53
53026,53320,Beaulieu-sur-Oudon,53
53027,53290,Beaumont-Pied-de-Bœuf,53
53028,53440,Belgeard,53
53029,53290,Bierné,53
53030,53170,Le Bignon-du-Maine,53
53031,53240,La Bigottière,53
53032,53270,Blandouet,53
53034,53960,Bonchamp-lès-Laval,53
53035,53800,Bouchamps-lès-Craon,53
53036,53290,Bouère,53
53037,53290,Bouessay,53
53038,53370,Boulay-les-Ifs,53
53039,53410,Le Bourgneuf-la-Forêt,53
53040,53410,Bourgon,53
53041,53350,Brains-sur-les-Marches,53
53042,53120,Brecé,53
53043,53150,Brée,53
53045,53410,La Brûlatte,53
53046,53170,Le Buret,53
53047,53120,Carelles,53
53048,53420,Chailland,53
53049,53470,Châlons-du-Maine,53
53051,53640,Champéon,53
53052,53370,Champfrémont,53
53053,53160,Champgenéteux,53
53054,53810,Changé,53
53055,53300,Chantrigné,53
53056,53950,La Chapelle-Anthenaise,53
53057,53440,La Chapelle-au-Riboul,53
53058,53230,La Chapelle-Craonnaise,53
53059,53150,La Chapelle-Rainsouin,53
53061,53250,Charchigné,53
53062,53200,Château-Gontier,53
53063,53200,Châtelain,53
53064,53100,Châtillon-sur-Colmont,53
53065,53600,Châtres-la-Forêt,53
53066,53200,Chemazé,53
53067,53340,Chémeré-le-Roi,53
53068,53400,Chérancé,53
53069,53250,Chevaigné-du-Maine,53
53071,53120,Colombiers-du-Plessis,53
53072,53470,Commer,53
53073,53800,Congrier,53
53074,53100,Contest,53
53075,53230,Cosmes,53
53076,53340,Cossé-en-Champagne,53
53077,53230,Cossé-le-Vivien,53
53079,53300,Couesmes-Vaucé,53
53080,53250,Couptrain,53
53082,53230,Courbeveille,53
53083,53700,Courcité,53
53084,53400,Craon,53
53085,53700,Crennes-sur-Fraubée,53
53086,53380,La Croixille,53
53087,53170,La Cropte,53
53088,53540,Cuillé,53
53089,53200,Daon,53
53090,53400,Denazé,53
53092,53150,Deux-Évailles,53
53093,53190,La Dorée,53
53094,53260,Entrammes,53
53095,53340,Épineux-le-Seguin,53
53096,53500,Ernée,53
53097,53600,Évron,53
53098,53350,Fontaine-Couverte,53
53099,53260,Forcé,53
53100,53190,Fougerolles-du-Plessis,53
53102,53540,Gastines,53
53103,53940,Le Genest-Saint-Isle,53
53104,53200,Gennes-sur-Glaize,53
53105,53150,Gesnes,53
53106,53370,Gesvres,53
53107,53120,Gorron,53
53108,53410,La Gravelle,53
53109,53440,Grazay,53
53110,53290,Grez-en-Bouère,53
53111,53300,La Haie-Traversaine,53
53113,53160,Hambers,53
53114,53640,Hardanges,53
53115,53120,Hercé,53
53116,53640,Le Horps,53
53118,53110,Le Housseau-Brétignolles,53
53119,53970,L'Huisserie,53
53120,53160,Izé,53
53121,53250,Javron-les-Chapelles,53
53122,53160,Jublains,53
53123,53380,Juvigné,53
53124,53200,Prée-d'Anjou,53
53125,53190,Landivy,53
53126,53220,Larchamp,53
53127,53110,Lassay-les-Châteaux,53
53128,53540,Laubrières,53
53129,53410,Launay-Villiers,53
53131,53120,Lesbois,53
53132,53120,Levaré,53
53133,53140,Lignières-Orgères,53
53134,53150,Livet,53
53135,53400,Livré-la-Touche,53
53136,53200,Loigné-sur-Mayenne,53
53137,53320,Loiron-Ruillé,53
53138,53200,Longuefuye,53
53139,53700,Loupfougères,53
53140,53950,Louverné,53
53141,53210,Louvigné,53
53142,53250,Madré,53
53143,53170,Maisoncelles-du-Maine,53
53144,53440,Marcillé-la-Ville,53
53145,53200,Marigné-Peuton,53
53146,53470,Martigné-sur-Mayenne,53
53147,53100,Mayenne,53
53148,53400,Mée,53
53150,53200,Ménil,53
53151,53230,Méral,53
53152,53170,Meslay-du-Maine,53
53153,53600,Mézangers,53
53154,53220,Montaudin,53
53155,53500,Montenay,53
53156,53240,Montflours,53
53157,53970,Montigné-le-Brillant,53
53159,53150,Montourtier,53
53160,53640,Montreuil-Poulay,53
53161,53150,Montsûrs-Saint-Céneré,53
53162,53100,Moulay,53
53163,53150,Neau,53
53164,53250,Neuilly-le-Vendin,53
53165,53400,Niafles,53
53168,53970,Nuillé-sur-Vicoin,53
53170,53300,Oisseau,53
53172,53360,Origné,53
53173,53140,La Pallu,53
53174,53100,Parigné-sur-Braye,53
53175,53260,Parné-sur-Roc,53
53176,53300,Le Pas,53
53178,53360,Peuton,53
53179,53240,Placé,53
53180,53400,Pommerieux,53
53181,53220,Pontmain,53
53182,53410,Port-Brillet,53
53185,53140,Pré-en-Pail-Saint-Samson,53
53186,53360,Quelaines-Saint-Gault,53
53187,53370,Ravigny,53
53188,53800,Renazé,53
53189,53110,Rennes-en-Grenouilles,53
53190,53640,Le Ribay,53
53191,53350,La Roë,53
53192,53390,La Rouaudière,53
53193,53170,Ruillé-Froid-Fonds,53
53195,53470,Sacé,53
53196,53250,Saint-Aignan-de-Couptrain,53
53197,53390,Saint-Aignan-sur-Roë,53
53198,53700,Saint-Aubin-du-Désert,53
53199,53120,Saint-Aubin-Fosse-Louvain,53
53200,53100,Saint-Baudelle,53
53201,53940,Saint-Berthevin,53
53202,53220,Saint-Berthevin-la-Tannière,53
53204,53140,Saint-Calais-du-Désert,53
53205,53150,Saint-Céneré,53
53206,53170,Saint-Charles-la-Forêt,53
53207,53150,Saint-Christophe-du-Luat,53
53208,53140,Saint-Cyr-en-Pail,53
53209,53320,Saint-Cyr-le-Gravelais,53
53210,53290,Saint-Denis-d'Anjou,53
53211,53500,Saint-Denis-de-Gastines,53
53212,53170,Saint-Denis-du-Maine,53
53213,53220,Saint-Ellier-du-Maine,53
53215,53200,Saint-Fort,53
53216,53300,Saint-Fraimbault-de-Prières,53
53218,53600,Sainte-Gemmes-le-Robert,53
53219,53100,Saint-Georges-Buttavent,53
53220,53480,Saint-Georges-le-Fléchard,53
53221,53600,Saint-Georges-sur-Erve,53
53222,53240,Saint-Germain-d'Anxure,53
53223,53700,Saint-Germain-de-Coulamer,53
53224,53240,Saint-Germain-le-Fouilloux,53
53225,53240,Saint-Germain-le-Guillaume,53
53226,53380,Saint-Hilaire-du-Maine,53
53228,53270,Blandouet-Saint Jean,53
53229,53240,Saint-Jean-sur-Mayenne,53
53230,53110,Saint-Julien-du-Terroux,53
53231,53290,Saint-Laurent-des-Mortiers,53
53233,53290,Saint-Loup-du-Dorat,53
53234,53300,Saint-Loup-du-Gast,53
53235,53110,Sainte-Marie-du-Bois,53
53237,53300,Saint-Mars-sur-Colmont,53
53238,53220,Saint-Mars-sur-la-Futaie,53
53239,53160,Saint-Martin-de-Connée,53
53240,53800,Saint-Martin-du-Limet,53
53241,53290,Saint-Michel-de-Feins,53
53242,53350,Saint-Michel-de-la-Roë,53
53243,53410,Saint-Ouën-des-Toits,53
53244,53150,Saint-Ouën-des-Vallons,53
53245,53500,Saint-Pierre-des-Landes,53
53246,53370,Saint-Pierre-des-Nids,53
53247,53410,Saint-Pierre-la-Cour,53
53248,53270,Saint-Pierre-sur-Erve,53
53249,53160,Saint-Pierre-sur-Orthe,53
53250,53540,Saint-Poix,53
53251,53400,Saint-Quentin-les-Anges,53
53253,53800,Saint-Saturnin-du-Limet,53
53255,53270,Sainte-Suzanne-et-Chammes,53
53256,53160,Saint-Thomas-de-Courceriers,53
53257,53340,Saulges,53
53258,53800,La Selle-Craonnaise,53
53259,53390,Senonnes,53
53260,53360,Simplé,53
53261,53300,Soucé,53
53262,53210,Soulgé-sur-Ouette,53
53263,53110,Thubœuf,53
53264,53270,Thorigné-en-Charnie,53
53265,53270,Torcé-Viviers-en-Charnie,53
53266,53160,Trans,53
53267,53480,Vaiges,53
53269,53500,Vautorte,53
53270,53120,Vieuvy,53
53271,53700,Villaines-la-Juhel,53
53272,53250,Villepail,53
53273,53170,Villiers-Charlemagne,53
53274,53160,Vimarcé,53
53276,53600,Voutré,53
54001,54610,Abaucourt,54
54002,54800,Abbéville-lès-Conflans,54
54003,54115,Aboncourt,54
54004,54800,Affléville,54
54005,54740,Affracourt,54
54006,54770,Agincourt,54
54007,54460,Aingeray,54
54008,54170,Allain,54
54009,54800,Allamont,54
54010,54112,Allamps,54
54011,54260,Allondrelle-la-Malmaison,54
54013,54450,Amenoncourt,54
54014,54450,Ancerviller,54
54015,54560,Anderny,54
54017,54540,Angomont,54
54018,54150,Anoux,54
54019,54470,Ansauville,54
54020,54110,Anthelupt,54
54021,54760,Armaucourt,54
54022,54530,Arnaville,54
54023,54370,Arracourt,54
54024,54760,Arraye-et-Han,54
54025,54510,Art-sur-Meurthe,54
54026,54370,Athienville,54
54027,54700,Atton,54
54028,54580,Auboué,54
54029,54560,Audun-le-Roman,54
54030,54450,Autrepierre,54
54031,54380,Autreville-sur-Moselle,54
54032,54160,Autrey,54
54033,54490,Avillers,54
54034,54385,Avrainville,54
54035,54450,Avricourt,54
54036,54150,Avril,54
54037,54210,Azelot,54
54038,54122,Azerailles,54
54039,54120,Baccarat,54
54040,54540,Badonviller,54
54042,54290,Bainville-aux-Miroirs,54
54043,54550,Bainville-sur-Madon,54
54044,54450,Barbas,54
54045,54360,Barbonville,54
54046,54170,Barisey-au-Plain,54
54047,54170,Barisey-la-Côte,54
54048,54150,Les Baroches,54
54049,54620,Baslieux,54
54050,54370,Bathelémont,54
54051,54980,Batilly,54
54052,54115,Battigny,54
54053,54370,Bauzemont,54
54054,54290,Bayon,54
54055,54890,Bayonville-sur-Mad,54
54056,54620,Bazailles,54
54058,54800,Béchamps,54
54060,54940,Belleville,54
54061,54450,Bénaménil,54
54062,54740,Benney,54
54063,54470,Bernécourt,54
54064,54480,Bertrambois,54
54065,54120,Bertrichamps,54
54066,54640,Bettainvillers,54
54067,54620,Beuveille,54
54068,54115,Beuvezin,54
54070,54760,Bey-sur-Seille,54
54071,54370,Bezange-la-Grande,54
54072,54380,Bezaumont,54
54073,54200,Bicqueley,54
54074,54300,Bienville-la-Petite,54
54075,54540,Bionville,54
54076,54360,Blainville-sur-l'Eau,54
54077,54450,Blâmont,54
54078,54450,Blémerey,54
54079,54700,Blénod-lès-Pont-à-Mousson,54
54080,54113,Blénod-lès-Toul,54
54081,54620,Boismont,54
54083,54300,Bonviller,54
54084,54111,Mont-Bonvillers,54
54085,54290,Borville,54
54086,54200,Boucq,54
54087,54470,Bouillonville,54
54089,54770,Bouxières-aux-Chênes,54
54090,54136,Bouxières-aux-Dames,54
54091,54700,Bouxières-sous-Froidmont,54
54092,54930,Bouzanville,54
54094,54740,Bralleville,54
54095,54610,Bratte,54
54096,54190,Bréhain-la-Ville,54
54097,54540,Bréménil,54
54098,54290,Brémoncourt,54
54099,54150,Val de Briey,54
54100,54280,Brin-sur-Seille,54
54101,54120,Brouville,54
54102,54200,Bruley,54
54103,54800,Bruville,54
54104,54110,Buissoncourt,54
54105,54113,Bulligny,54
54106,54370,Bures,54
54107,54450,Buriville,54
54108,54210,Burthecourt-aux-Chênes,54
54109,54134,Ceintrey,54
54110,54420,Cerville,54
54111,54230,Chaligny,54
54112,54890,Chambley-Bussières,54
54113,54280,Champenoux,54
54114,54700,Champey-sur-Moselle,54
54115,54250,Champigneulles,54
54116,54300,Chanteheux,54
54117,54330,Chaouilley,54
54118,54260,Charency-Vezin,54
54119,54470,Charey,54
54120,54113,Charmes-la-Côte,54
54121,54360,Charmois,54
54122,54200,Chaudeney-sur-Moselle,54
54124,54450,Chazelles-sur-Albe,54
54125,54122,Chenevières,54
54126,54610,Chenicourt,54
54127,54720,Chenières,54
54128,54200,Choloy-Ménillot,54
54129,54480,Cirey-sur-Vezouze,54
54130,54290,Clayeures,54
54131,54610,Clémery,54
54132,54330,Clérey-sur-Brenon,54
54133,54370,Coincourt,54
54134,54260,Colmey,54
54135,54170,Colombey-les-Belles,54
54136,54800,Conflans-en-Jarnisy,54
54137,54870,Cons-la-Grandville,54
54138,54400,Cosnes-et-Romain,54
54139,54110,Courbesseaux,54
54141,54210,Coyviller,54
54142,54740,Crantenoy,54
54143,54170,Crépey,54
54144,54290,Crévéchamps,54
54145,54110,Crévic,54
54146,54113,Crézilles,54
54147,54300,Crion,54
54148,54300,Croismare,54
54149,54680,Crusnes,54
54150,54670,Custines,54
54152,54360,Damelevières,54
54153,54470,Dampvitoux,54
54154,54120,Deneuvre,54
54155,54370,Deuxville,54
54156,54930,Diarville,54
54157,54380,Dieulouard,54
54158,54170,Dolcourt,54
54159,54110,Dombasle-sur-Meurthe,54
54160,54385,Domèvre-en-Haye,54
54161,54450,Domèvre-sur-Vezouze,54
54162,54119,Domgermain,54
54163,54450,Domjevin,54
54164,54115,Dommarie-Eulmont,54
54165,54130,Dommartemont,54
54166,54470,Dommartin-la-Chaussée,54
54167,54200,Dommartin-lès-Toul,54
54168,54770,Dommartin-sous-Amance,54
54169,54490,Domprix,54
54170,54290,Domptail-en-l'Air,54
54171,54800,Doncourt-lès-Conflans,54
54172,54620,Doncourt-lès-Longuyon,54
54173,54370,Drouville,54
54174,54200,Écrouves,54
54175,54360,Einvaux,54
54176,54370,Einville-au-Jard,54
54177,54370,Emberménil,54
54178,54260,Épiez-sur-Chiers,54
54179,54610,Éply,54
54180,54280,Erbéviller-sur-Amezule,54
54181,54680,Errouville,54
54182,54470,Essey-et-Maizerais,54
54183,54830,Essey-la-Côte,54
54184,54270,Essey-lès-Nancy,54
54185,54330,Étreval,54
54186,54690,Eulmont,54
54187,54470,Euvezin,54
54188,54760,Faulx,54
54190,54115,Fécocourt,54
54191,54540,Fenneviller,54
54193,54470,Fey-en-Haye,54
54194,54560,Fillières,54
54195,54110,Flainval,54
54196,54630,Flavigny-sur-Moselle,54
54197,54710,Fléville-devant-Nancy,54
54198,54150,Fléville-Lixières,54
54199,54122,Flin,54
54200,54470,Flirey,54
54201,54122,Fontenoy-la-Joûte,54
54202,54840,Fontenoy-sur-Moselle,54
54203,54330,Forcelles-Saint-Gorgon,54
54204,54930,Forcelles-sous-Gugney,54
54205,54570,Foug,54
54206,54300,Fraimbois,54
54207,54930,Fraisnes-en-Saintois,54
54209,54830,Franconville,54
54210,54450,Fréménil,54
54211,54450,Frémonville,54
54212,54260,Fresnois-la-Montagne,54
54213,54800,Friauville,54
54214,54160,Frolois,54
54215,54390,Frouard,54
54216,54290,Froville,54
54217,54120,Gélacourt,54
54218,54115,Gélaucourt,54
54219,54110,Gellenoncourt,54
54220,54115,Gémonville,54
54221,54740,Gerbécourt-et-Haplemont,54
54222,54830,Gerbéviller,54
54223,54170,Germiny,54
54224,54740,Germonville,54
54225,54380,Gézoncourt,54
54226,54112,Gibeaumeix,54
54227,54780,Giraumont,54
54228,54830,Giriviller,54
54229,54122,Glonville,54
54230,54450,Gogney,54
54231,54800,Gondrecourt-Aix,54
54233,54450,Gondrexon,54
54234,54730,Gorcy,54
54235,54330,Goviller,54
54236,54260,Grand-Failly,54
54237,54115,Grimonviller,54
54238,54290,Gripport,54
54239,54380,Griscourt,54
54240,54470,Grosrouvres,54
54241,54930,Gugney,54
54242,54113,Gye,54
54243,54120,Hablainville,54
54244,54470,Hagéville,54
54245,54290,Haigneville,54
54246,54450,Halloville,54
54247,54330,Hammeville,54
54248,54470,Hamonville,54
54249,54800,Hannonville-Suzémont,54
54251,54450,Harbouey,54
54252,54740,Haroué,54
54253,54800,Hatrize,54
54254,54860,Haucourt-Moulaine,54
54255,54830,Haudonville,54
54256,54290,Haussonville,54
54257,54180,Heillecourt,54
54258,54370,Hénaménil,54
54259,54450,Herbéviller,54
54260,54300,Hériménil,54
54261,54440,Herserange,54
54262,54370,Hoéville,54
54263,54310,Homécourt,54
54264,54330,Houdelmont,54
54265,54180,Houdemont,54
54266,54330,Houdreville,54
54268,54930,Housséville,54
54269,54110,Hudiviller,54
54270,54590,Hussigny-Godbrange,54
54271,54450,Igney,54
54272,54200,Jaillon,54
54273,54800,Jarny,54
54274,54140,Jarville-la-Malgrange,54
54275,54470,Jaulny,54
54276,54114,Jeandelaincourt,54
54277,54800,Jeandelize,54
54278,54740,Jevoncourt,54
54279,54700,Jezainville,54
54280,54240,Jœuf,54
54281,54300,Jolivet,54
54282,54620,Joppécourt,54
54283,54800,Jouaville,54
54284,54490,Joudreville,54
54285,54370,Juvrecourt,54
54286,54800,Labry,54
54288,54200,Lagney,54
54289,54770,Laître-sous-Amance,54
54290,54720,Laix,54
54291,54115,Lalœuf,54
54292,54300,Lamath,54
54293,54360,Landécourt,54
54294,54380,Landremont,54
54295,54970,Landres,54
54296,54280,Laneuvelotte,54
54297,54370,Laneuveville-aux-Bois,54
54298,54570,Laneuveville-derrière-Foug,54
54299,54740,Laneuveville-devant-Bayon,54
54300,54410,Laneuveville-devant-Nancy,54
54301,54760,Lanfroicourt,54
54302,54150,Lantéfontaine,54
54303,54950,Laronxe,54
54304,54520,Laxou,54
54305,54690,Lay-Saint-Christophe,54
54306,54570,Lay-Saint-Remy,54
54307,54740,Lebeuville,54
54308,54450,Leintrey,54
54309,54740,Lemainville,54
54310,54740,Leménil-Mitry,54
54311,54110,Lenoncourt,54
54312,54700,Lesménils,54
54313,54610,Létricourt,54
54314,54720,Lexy,54
54315,54760,Leyr,54
54316,54470,Limey-Remenauville,54
54317,54470,Lironville,54
54318,54460,Liverdun,54
54320,54700,Loisy,54
54321,54810,Longlaville,54
54322,54260,Longuyon,54
54323,54400,Longwy,54
54324,54290,Lorey,54
54325,54290,Loromontzey,54
54326,54150,Lubey,54
54328,54710,Ludres,54
54329,54300,Lunéville,54
54330,54210,Lupcourt,54
54331,54129,Magnières,54
54332,54700,Maidières,54
54333,54610,Mailly-sur-Seille,54
54334,54150,Mairy-Mainville,54
54335,54370,Maixe,54
54337,54560,Malavillers,54
54338,54670,Malleloy,54
54339,54220,Malzéville,54
54340,54470,Mamey,54
54341,54150,Mance,54
54342,54790,Mancieulles,54
54343,54470,Mandres-aux-Quatre-Tours,54
54344,54290,Mangonville,54
54345,54210,Manoncourt-en-Vermois,54
54346,54385,Manoncourt-en-Woëvre,54
54348,54385,Manonville,54
54349,54300,Manonviller,54
54350,54300,Marainviller,54
54351,54820,Marbache,54
54352,54230,Maron,54
54353,54800,Mars-la-Tour,54
54354,54330,Marthemont,54
54355,54380,Martincourt,54
54356,54830,Mattexey,54
54357,54320,Maxéville,54
54358,54280,Mazerulles,54
54359,54360,Méhoncourt,54
54360,54200,Ménil-la-Tour,54
54362,54960,Mercy-le-Bas,54
54363,54560,Mercy-le-Haut,54
54364,54850,Méréville,54
54365,54120,Merviller,54
54366,54850,Messein,54
54367,54135,Mexy,54
54368,54540,Mignéville,54
54370,54385,Minorville,54
54371,54580,Moineville,54
54372,54760,Moivrons,54
54373,54300,Moncel-lès-Lunéville,54
54374,54280,Moncel-sur-Seille,54
54375,54700,Montauville,54
54376,54760,Montenoy,54
54378,54870,Montigny-sur-Chiers,54
54379,54170,Mont-l'Étroit,54
54380,54113,Mont-le-Vignoble,54
54381,54450,Montreux,54
54383,54360,Mont-sur-Meurthe,54
54385,54920,Morfontaine,54
54386,54830,Moriviller,54
54387,54700,Morville-sur-Seille,54
54388,54370,Mouacourt,54
54389,54800,Mouaville,54
54390,54700,Mousson,54
54392,54113,Moutrot,54
54393,54118,Moyen,54
54394,54490,Murville,54
54395,54000,Nancy,54
54396,54540,Neufmaisons,54
54397,54230,Neuves-Maisons,54
54398,54540,Neuviller-lès-Badonviller,54
54399,54290,Neuviller-sur-Moselle,54
54400,54610,Nomeny,54
54401,54450,Nonhigny,54
54402,54150,Norroy-le-Sec,54
54403,54700,Norroy-lès-Pont-à-Mousson,54
54404,54385,Noviant-aux-Prés,54
54405,54170,Ochey,54
54406,54450,Ogéviller,54
54407,54330,Ognéville,54
54408,54800,Olley,54
54409,54330,Omelmont,54
54410,54890,Onville,54
54411,54740,Ormes-et-Ville,54
54412,54260,Othe,54
54413,54150,Ozerailles,54
54414,54200,Pagney-derrière-Barine,54
54415,54530,Pagny-sur-Moselle,54
54417,54330,Parey-Saint-Césaire,54
54418,54370,Parroy,54
54419,54480,Parux,54
54420,54260,Petit-Failly,54
54421,54480,Petitmont,54
54422,54120,Pettonville,54
54423,54540,Pexonne,54
54424,54610,Phlin,54
54425,54490,Piennes,54
54426,54200,Pierre-la-Treiche,54
54427,54540,Pierre-Percée,54
54430,54340,Pompey,54
54431,54700,Pont-à-Mousson,54
54432,54550,Pont-Saint-Vincent,54
54433,54700,Port-sur-Seille,54
54434,54116,Praye,54
54435,54530,Prény,54
54436,54490,Preutin-Higny,54
54437,54160,Pulligny,54
54438,54115,Pulney,54
54439,54425,Pulnoy,54
54440,54800,Puxe,54
54441,54800,Puxieux,54
54442,54330,Quevilloncourt,54
54443,54540,Raon-lès-Leau,54
54444,54610,Raucourt,54
54445,54370,Raville-sur-Sânon,54
54446,54370,Réchicourt-la-Petite,54
54447,54450,Réclonville,54
54449,54300,Rehainviller,54
54450,54120,Reherrey,54
54451,54430,Réhon,54
54452,54450,Reillon,54
54453,54470,Rembercourt-sur-Mad,54
54455,54830,Remenoville,54
54456,54110,Réméréville,54
54457,54370,Remoncourt,54
54458,54450,Repaix,54
54459,54630,Richardménil,54
54460,54380,Rogéville,54
54462,54110,Rosières-aux-Salines,54
54463,54385,Rosières-en-Haye,54
54464,54610,Rouves,54
54465,54290,Roville-devant-Bayon,54
54466,54200,Royaumeix,54
54467,54290,Rozelieures,54
54468,54210,Saffais,54
54469,54580,Saint-Ail,54
54470,54470,Saint-Baussant,54
54471,54290,Saint-Boingt,54
54476,54260,Saint-Jean-lès-Longuyon,54
54477,54470,Saint-Julien-lès-Gorze,54
54481,54540,Saint-Maurice-aux-Forges,54
54482,54130,Saint-Max,54
54483,54210,Saint-Nicolas-de-Port,54
54484,54540,Sainte-Pôle,54
54485,54730,Saint-Pancré,54
54486,54740,Saint-Remimont,54
54487,54290,Saint-Rémy-aux-Bois,54
54489,54620,Saint-Supplet,54
54490,54380,Saizerais,54
54491,54560,Sancy,54
54492,54200,Sanzey,54
54493,54650,Saulnes,54
54494,54115,Saulxerotte,54
54495,54420,Saulxures-lès-Nancy,54
54496,54170,Saulxures-lès-Vannes,54
54497,54330,Saxon-Sion,54
54498,54280,Seichamps,54
54499,54470,Seicheprey,54
54500,54170,Selaincourt,54
54501,54830,Seranville,54
54504,54560,Serrouville,54
54505,54550,Sexey-aux-Forges,54
54506,54840,Sexey-les-Bois,54
54507,54300,Sionviller,54
54508,54610,Sivry,54
54509,54110,Sommerviller,54
54510,54280,Sornéville,54
54511,54800,Sponville,54
54512,54480,Tanconville,54
54513,54116,Tantonville,54
54514,54260,Tellancourt,54
54515,54330,Thélod,54
54516,54930,They-sous-Vaudemont,54
54517,54610,Thézey-Saint-Martin,54
54518,54470,Thiaucourt-Regniéville,54
54519,54120,Thiaville-sur-Meurthe,54
54520,54300,Thiébauménil,54
54522,54115,Thorey-Lyautey,54
54523,54170,Thuilley-aux-Groseilles,54
54524,54800,Thumeréville,54
54525,54190,Tiercelet,54
54526,54510,Tomblaine,54
54527,54210,Tonnoy,54
54528,54200,Toul,54
54529,54115,Tramont-Émy,54
54530,54115,Tramont-Lassus,54
54531,54115,Tramont-Saint-André,54
54532,54385,Tremblecourt,54
54533,54750,Trieux,54
54534,54570,Trondes,54
54535,54800,Tronville,54
54536,54640,Tucquegnieux,54
54537,54870,Ugny,54
54538,54112,Uruffe,54
54539,54540,Vacqueville,54
54540,54480,Val-et-Châtillon,54
54541,54370,Valhey,54
54543,54830,Vallois,54
54544,54890,Vandelainville,54
54545,54115,Vandeléville,54
54547,54500,Vandœuvre-lès-Nancy,54
54548,54112,Vannes-le-Châtel,54
54549,54110,Varangéville,54
54550,54122,Vathiménil,54
54551,54370,Vaucourt,54
54552,54330,Vaudémont,54
54553,54740,Vaudeville,54
54554,54740,Vaudigny,54
54555,54120,Vaxainville,54
54556,54450,Vého,54
54557,54840,Velaine-en-Haye,54
54558,54280,Velaine-sous-Amance,54
54559,54290,Velle-sur-Moselle,54
54560,54540,Veney,54
54561,54830,Vennezey,54
54562,54450,Verdenal,54
54563,54330,Vézelise,54
54564,54470,Viéville-en-Haye,54
54565,54360,Vigneulles,54
54566,54700,Vilcey-sur-Trey,54
54567,54290,Villacourt,54
54568,54620,Ville-au-Montois,54
54569,54380,Ville-au-Val,54
54570,54890,Villecey-sur-Mad,54
54571,54210,Ville-en-Vermois,54
54572,54730,Ville-Houdlémont,54
54573,54380,Villers-en-Haye,54
54574,54870,Villers-la-Chèvre,54
54575,54920,Villers-la-Montagne,54
54576,54260,Villers-le-Rond,54
54577,54760,Villers-lès-Moivrons,54
54578,54600,Villers-lès-Nancy,54
54579,54700,Villers-sous-Prény,54
54580,54190,Villerupt,54
54581,54800,Ville-sur-Yron,54
54582,54260,Villette,54
54583,54840,Villey-le-Sec,54
54584,54200,Villey-Saint-Étienne,54
54585,54290,Virecourt,54
54586,54123,Viterne,54
54587,54330,Vitrey,54
54588,54300,Vitrimont,54
54589,54700,Vittonville,54
54590,54260,Viviers-sur-Chiers,54
54591,54134,Voinémont,54
54592,54330,Vroncourt,54
54593,54890,Waville,54
54594,54470,Xammes,54
54595,54300,Xermaménil,54
54596,54990,Xeuilley,54
54597,54740,Xirocourt,54
54598,54490,Xivry-Circourt,54
54599,54800,Xonville,54
54600,54370,Xousse,54
54601,54370,Xures,54
54602,54620,Han-devant-Pierrepont,54
55001,55130,Abainville,55
55002,55400,Abaucourt-Hautecourt,55
55004,55110,Aincreville,55
55005,55130,Amanty,55
55007,55300,Ambly-sur-Meuse,55
55008,55230,Amel-sur-l'Étang,55
55009,55320,Ancemont,55
55010,55170,Ancerville,55
55011,55800,Andernay,55
55012,55300,Apremont-la-Forêt,55
55013,55230,Arrancy-sur-Crusne,55
55014,55120,Aubréville,55
55015,55170,Aulnois-en-Perthois,55
55017,55120,Autrécourt-sur-Aire,55
55018,55700,Autréville-Saint-Lambert,55
55021,55210,Avillers-Sainte-Croix,55
55022,55600,Avioth,55
55023,55270,Avocourt,55
55024,55150,Azannes-et-Soumazannes,55
55025,55700,Baâlon,55
55026,55130,Badonvilliers-Gérauvilliers,55
55027,55300,Bannoncourt,55
55028,55110,Bantheville,55
55029,55000,Bar-le-Duc,55
55030,55130,Baudignécourt,55
55031,55170,Baudonvilliers,55
55032,55260,Baudrémont,55
55033,55270,Baulny,55
55034,55600,Bazeilles-sur-Othain,55
55035,55170,Bazincourt-sur-Saulx,55
55036,55700,Beauclair,55
55037,55700,Beaufort-en-Argonne,55
55038,55250,Beaulieu-en-Argonne,55
55039,55100,Beaumont-en-Verdunois,55
55040,55250,Beausite,55
55041,55000,Behonne,55
55042,55100,Belleray,55
55043,55430,Belleville-sur-Meuse,55
55044,55260,Belrain,55
55045,55100,Belrupt-en-Verdunois,55
55046,55210,Beney-en-Woëvre,55
55047,55100,Béthelainville,55
55048,55270,Béthincourt,55
55049,55000,Beurey-sur-Saulx,55
55050,55100,Bezonvaux,55
55051,55290,Biencourt-sur-Orge,55
55053,55230,Billy-sous-Mangiennes,55
55054,55300,Bislée,55
55055,55400,Blanzée,55
55057,55400,Boinville-en-Woëvre,55
55058,55200,Boncourt-sur-Meuse,55
55059,55130,Bonnet,55
55060,55160,Bonzée,55
55061,55500,Le Bouchon-sur-Saulx,55
55062,55300,Bouconville-sur-Madt,55
55063,55240,Bouligny,55
55064,55300,Bouquemont,55
55065,55270,Boureuilles,55
55066,55190,Bovée-sur-Barboure,55
55067,55500,Boviolles,55
55068,55120,Brabant-en-Argonne,55
55069,55800,Brabant-le-Roi,55
55070,55100,Brabant-sur-Meuse,55
55071,55150,Brandeville,55
55072,55400,Braquis,55
55073,55100,Bras-sur-Meuse,55
55075,55170,Brauvilliers,55
55076,55150,Bréhéville,55
55077,55600,Breux,55
55078,55110,Brieulles-sur-Meuse,55
55079,55000,Brillon-en-Barrois,55
55080,55140,Brixey-aux-Chanoines,55
55081,55250,Brizeaux,55
55082,55120,Brocourt-en-Argonne,55
55083,55700,Brouennes,55
55084,55190,Broussey-en-Blois,55
55085,55200,Broussey-Raulecourt,55
55087,55290,Bure,55
55088,55140,Burey-en-Vaux,55
55089,55140,Burey-la-Côte,55
55093,55300,Buxières-sous-les-Côtes,55
55094,55400,Buzy-Darmont,55
55095,55700,Cesse,55
55096,55210,Chaillon,55
55097,55140,Chalaines,55
55099,55100,Champneuville,55
55100,55140,Champougny,55
55101,55000,Chardogne,55
55102,55100,Charny-sur-Meuse,55
55103,55270,Charpentry,55
55104,55130,Chassey-Beaupré,55
55105,55400,Châtillon-sous-les-Côtes,55
55106,55100,Chattancourt,55
55107,55150,Chaumont-devant-Damvillers,55
55108,55260,Chaumont-sur-Aire,55
55109,55600,Chauvency-le-Château,55
55110,55600,Chauvency-Saint-Hubert,55
55111,55300,Chauvoncourt,55
55113,55270,Cheppy,55
55114,55200,Chonville-Malaumont,55
55115,55270,Cierges-sous-Montfaucon,55
55116,55120,Le Claon,55
55117,55120,Clermont-en-Argonne,55
55118,55110,Cléry-le-Grand,55
55119,55110,Cléry-le-Petit,55
55120,55000,Combles-en-Barrois,55
55121,55160,Combres-sous-les-Côtes,55
55122,55200,Commercy,55
55123,55000,Les Hauts-de-Chée,55
55124,55110,Consenvoye,55
55125,55800,Contrisson,55
55127,55260,Courcelles-en-Barrois,55
55128,55260,Courcelles-sur-Aire,55
55129,55260,Courouvre,55
55132,55170,Cousances-les-Forges,55
55133,55290,Couvertpuis,55
55134,55800,Couvonges,55
55137,55270,Cuisy,55
55138,55000,Culey,55
55139,55100,Cumières-le-Mort-Homme,55
55140,55110,Cunel,55
55141,55500,Dagonville,55
55142,55130,Dainville-Bertheléville,55
55143,55400,Damloup,55
55144,55500,Dammarie-sur-Saulx,55
55145,55150,Damvillers,55
55146,55110,Dannevoux,55
55148,55130,Delouze-Rosières,55
55149,55150,Delut,55
55150,55130,Demange-aux-Eaux,55
55153,55400,Dieppe-sous-Douaumont,55
55154,55320,Dieue-sur-Meuse,55
55155,55120,Dombasle-en-Argonne,55
55156,55150,Dombras,55
55157,55160,Dommartin-la-Montagne,55
55158,55240,Dommary-Baroncourt,55
55159,55300,Dompcevrin,55
55160,55300,Dompierre-aux-Bois,55
55162,55240,Domremy-la-Canne,55
55163,55160,Doncourt-aux-Templiers,55
55164,55100,Douaumont,55
55165,55110,Doulcon,55
55166,55100,Dugny-sur-Meuse,55
55167,55110,Dun-sur-Meuse,55
55168,55230,Duzey,55
55169,55600,Écouviez,55
55170,55150,Écurey-en-Verdunois,55
55171,55400,Eix,55
55172,55160,Les Éparges,55
55173,55140,Épiez-sur-Meuse,55
55174,55270,Épinonville,55
55175,55260,Érize-la-Brûlée,55
55177,55260,Érize-la-Petite,55
55178,55000,Érize-Saint-Dizier,55
55179,55500,Erneville-aux-Bois,55
55180,55100,Esnes-en-Argonne,55
55181,55400,Étain,55
55182,55240,Éton,55
55183,55150,Étraye,55
55184,55200,Euville,55
55185,55250,Èvres,55
55186,55000,Fains-Véel,55
55188,55600,Flassigny,55
55189,55100,Fleury-devant-Douaumont,55
55191,55400,Foameix-Ornel,55
55192,55110,Fontaines-Saint-Clair,55
55193,55110,Forges-sur-Meuse,55
55194,55250,Foucaucourt-sur-Thabas,55
55195,55500,Fouchères-aux-Bois,55
55196,55200,Frémeréville-sous-les-Côtes,55
55197,55260,Fresnes-au-Mont,55
55198,55160,Fresnes-en-Woëvre,55
55199,55120,Froidos,55
55200,55100,Fromeréville-les-Vallons,55
55201,55400,Fromezey,55
55202,55120,Futeau,55
55204,55320,Génicourt-sur-Meuse,55
55206,55110,Gercourt-et-Drillancourt,55
55207,55000,Géry,55
55208,55110,Gesnes-en-Argonne,55
55210,55260,Gimécourt,55
55211,55400,Gincrey,55
55212,55200,Girauvoisin,55
55214,55500,Givrauval,55
55215,55130,Gondrecourt-le-Château,55
55216,55230,Gouraincourt,55
55217,55140,Goussaincourt,55
55218,55150,Gremilly,55
55219,55400,Grimaucourt-en-Woëvre,55
55220,55500,Grimaucourt-près-Sampigny,55
55221,55000,Guerpont,55
55222,55400,Gussainville,55
55224,55000,Haironville,55
55225,55700,Halles-sous-les-Côtes,55
55226,55600,Han-lès-Juvigny,55
55228,55210,Hannonville-sous-les-Côtes,55
55229,55300,Han-sur-Meuse,55
55232,55160,Harville,55
55236,55100,Haudainville,55
55237,55160,Haudiomont,55
55239,55100,Haumont-près-Samogneux,55
55241,55220,Heippes,55
55242,55160,Hennemont,55
55243,55210,Herbeuville,55
55244,55400,Herméville-en-Woëvre,55
55245,55210,Heudicourt-sous-les-Côtes,55
55246,55290,Hévilliers,55
55247,55130,Horville-en-Ornois,55
55248,55130,Houdelaincourt,55
55250,55700,Inor,55
55251,55220,Ippécourt,55
55252,55600,Iré-le-Sec,55
55253,55120,Les Islettes,55
55254,55220,Les Trois-Domaines,55
55255,55600,Jametz,55
55256,55160,Jonville-en-Woëvre,55
55257,55120,Jouy-en-Argonne,55
55258,55200,Geville,55
55260,55120,Julvécourt,55
55261,55170,Juvigny-en-Perthois,55
55262,55600,Juvigny-sur-Loison,55
55263,55300,Kœur-la-Grande,55
55264,55300,Kœur-la-Petite,55
55265,55160,Labeuville,55
55266,55120,Lachalade,55
55267,55210,Lachaussée,55
55268,55300,Lacroix-sur-Meuse,55
55269,55260,Lahaymeix,55
55270,55300,Lahayville,55
55271,55800,Laheycourt,55
55272,55800,Laimont,55
55274,55300,Lamorville,55
55275,55700,Lamouilly,55
55276,55100,Landrecourt-Lempire,55
55278,55190,Laneuville-au-Rupt,55
55279,55700,Laneuville-sur-Meuse,55
55280,55400,Lanhères,55
55281,55160,Latour-en-Woëvre,55
55282,55260,Lavallée,55
55284,55170,Lavincourt,55
55285,55120,Lavoye,55
55286,55220,Lemmes,55
55288,55200,Lérouville,55
55289,55260,Levoncourt,55
55290,55260,Lignières-sur-Aire,55
55291,55500,Ligny-en-Barrois,55
55292,55110,Liny-devant-Dun,55
55293,55110,Lion-devant-Dun,55
55295,55250,Lisle-en-Barrois,55
55296,55000,L'Isle-en-Rigault,55
55297,55150,Lissey,55
55298,55000,Loisey,55
55299,55230,Loison,55
55300,55500,Longeaux,55
55301,55260,Longchamps-sur-Aire,55
55302,55000,Longeville-en-Barrois,55
55303,55300,Loupmont,55
55304,55800,Louppy-le-Château,55
55306,55600,Louppy-sur-Loison,55
55307,55100,Louvemont-Côte-du-Poivre,55
55310,55700,Luzy-Saint-Martin,55
55311,55160,Maizeray,55
55312,55300,Maizey,55
55313,55270,Malancourt,55
55315,55290,Mandres-en-Barrois,55
55316,55150,Mangiennes,55
55317,55160,Manheulles,55
55320,55160,Marchéville-en-Woëvre,55
55321,55100,Marre,55
55322,55190,Marson-sur-Barboure,55
55323,55700,Martincourt-sur-Meuse,55
55324,55600,Marville,55
55325,55400,Maucourt-sur-Orne,55
55326,55500,Maulan,55
55327,55190,Mauvages,55
55328,55140,Maxey-sur-Vaise,55
55329,55300,Mécrin,55
55330,55190,Méligny-le-Grand,55
55331,55190,Méligny-le-Petit,55
55332,55500,Menaucourt,55
55333,55260,Ménil-aux-Bois,55
55334,55190,Ménil-la-Horgne,55
55335,55500,Ménil-sur-Saulx,55
55336,55150,Merles-sur-Loison,55
55338,55110,Milly-sur-Bradon,55
55339,55400,Mogeville,55
55340,55800,Mognéville,55
55341,55150,Moirey-Flabas-Crépion,55
55343,55270,Montblainville,55
55344,55140,Montbras,55
55345,55110,Mont-devant-Sassey,55
55346,55270,Montfaucon-d'Argonne,55
55347,55320,Les Monthairons,55
55348,55290,Montiers-sur-Saulx,55
55349,55110,Montigny-devant-Sassey,55
55350,55140,Montigny-lès-Vaucouleurs,55
55351,55600,Montmédy,55
55352,55000,Montplonne,55
55353,55300,Montsec,55
55355,55100,Montzéville,55
55356,55400,Moranville,55
55357,55400,Morgemoulin,55
55358,55500,Chanteraine,55
55359,55290,Morley,55
55360,55320,Mouilly,55
55361,55400,Moulainville,55
55362,55700,Moulins-Saint-Hubert,55
55363,55160,Moulotte,55
55365,55110,Murvaux,55
55366,55000,Val-d'Ornain,55
55367,55230,Muzeray,55
55368,55190,Naives-en-Blois,55
55369,55000,Naives-Rosières,55
55370,55500,Naix-aux-Forges,55
55371,55500,Nançois-le-Grand,55
55372,55500,Nançois-sur-Ornain,55
55373,55500,Nant-le-Grand,55
55374,55500,Nant-le-Petit,55
55375,55270,Nantillois,55
55376,55500,Nantois,55
55377,55700,Nepvant,55
55378,55800,Nettancourt,55
55379,55120,Le Neufour,55
55380,55260,Neuville-en-Verdunois,55
55381,55140,Neuville-lès-Vaucouleurs,55
55382,55800,Neuville-sur-Ornain,55
55383,55120,Neuvilly-en-Argonne,55
55384,55260,Nicey-sur-Aire,55
55385,55120,Nixéville-Blercourt,55
55386,55210,Nonsard-Lamarche,55
55387,55230,Nouillonpont,55
55388,55800,Noyers-Auzécourt,55
55389,55250,Nubécourt,55
55391,55700,Olizy-sur-Chiers,55
55394,55150,Ornes,55
55395,55220,Osches,55
55396,55190,Ourches-sur-Meuse,55
55397,55140,Pagny-la-Blanche-Côte,55
55398,55190,Pagny-sur-Meuse,55
55399,55160,Pareid,55
55400,55400,Parfondrupt,55
55401,55300,Les Paroches,55
55403,55150,Peuvillers,55
55404,55260,Pierrefitte-sur-Aire,55
55405,55230,Pillon,55
55406,55160,Pintheville,55
55407,55200,Pont-sur-Meuse,55
55408,55700,Pouilly-sur-Meuse,55
55409,55250,Pretz-en-Argonne,55
55410,55600,Quincy-Landzécourt,55
55411,55220,Rambluzin-et-Benoite-Vaux,55
55412,55300,Rambucourt,55
55414,55800,Rancourt-sur-Ornain,55
55415,55300,Ranzières,55
55416,55120,Rarécourt,55
55419,55120,Récicourt,55
55420,55220,Récourt-le-Creux,55
55421,55190,Reffroy,55
55422,55110,Regnéville-sur-Meuse,55
55423,55250,Rembercourt-Sommaisne,55
55424,55800,Remennecourt,55
55425,55600,Remoiville,55
55426,55000,Resson,55
55427,55800,Revigny-sur-Ornain,55
55428,55150,Réville-aux-Bois,55
55429,55160,Riaville,55
55430,55290,Ribeaucourt,55
55431,55300,Richecourt,55
55433,55140,Rigny-la-Salle,55
55434,55140,Rigny-Saint-Martin,55
55435,55000,Robert-Espagne,55
55436,55130,Les Roises,55
55437,55150,Romagne-sous-les-Côtes,55
55438,55110,Romagne-sous-Montfaucon,55
55439,55160,Ronvaux,55
55442,55260,Raival,55
55443,55400,Rouvres-en-Woëvre,55
55444,55300,Rouvrois-sur-Meuse,55
55445,55230,Rouvrois-sur-Othain,55
55446,55000,Rumont,55
55447,55170,Rupt-aux-Nonains,55
55448,55260,Rupt-devant-Saint-Mihiel,55
55449,55320,Rupt-en-Woëvre,55
55450,55150,Rupt-sur-Othain,55
55452,55500,Saint-Amand-sur-Ornain,55
55453,55220,Saint-André-en-Barrois,55
55454,55500,Saint-Aubin-sur-Aire,55
55456,55140,Saint-Germain-sur-Meuse,55
55457,55160,Saint-Hilaire-en-Woëvre,55
55458,55400,Saint-Jean-lès-Buzy,55
55459,55130,Saint-Joire,55
55460,55200,Saint-Julien-sous-les-Côtes,55
55461,55150,Saint-Laurent-sur-Othain,55
55462,55210,Saint-Maurice-sous-les-Côtes,55
55463,55300,Saint-Mihiel,55
55464,55230,Saint-Pierrevillers,55
55465,55160,Saint-Remy-la-Calonne,55
55466,55000,Salmagne,55
55467,55300,Sampigny,55
55468,55100,Samogneux,55
55469,55110,Sassey-sur-Meuse,55
55470,55000,Saudrupt,55
55471,55110,Saulmory-Villefranche,55
55472,55500,Saulvaux,55
55473,55160,Saulx-lès-Champlon,55
55474,55140,Sauvigny,55
55475,55190,Sauvoy,55
55476,55000,Savonnières-devant-Bar,55
55477,55170,Savonnières-en-Perthois,55
55479,55000,Seigneulles,55
55481,55230,Senon,55
55482,55220,Senoncourt-les-Maujouy,55
55484,55270,Septsarges,55
55485,55140,Sepvigny,55
55487,55300,Seuzey,55
55488,55000,Silmont,55
55489,55100,Sivry-la-Perche,55
55490,55110,Sivry-sur-Meuse,55
55492,55320,Sommedieue,55
55493,55800,Sommeilles,55
55494,55170,Sommelonne,55
55495,55230,Sorbey,55
55496,55190,Sorcy-Saint-Martin,55
55497,55220,Les Souhesmes-Rampont,55
55498,55220,Souilly,55
55500,55230,Spincourt,55
55501,55500,Stainville,55
55502,55700,Stenay,55
55503,55140,Taillancourt,55
55504,55000,Tannois,55
55505,55840,Thierville-sur-Meuse,55
55506,55260,Thillombois,55
55507,55210,Thillot,55
55508,55600,Thonne-la-Long,55
55509,55600,Thonne-le-Thil,55
55510,55600,Thonne-les-Près,55
55511,55600,Thonnelle,55
55512,55220,Tilly-sur-Meuse,55
55514,55000,Trémont-sur-Saulx,55
55515,55160,Trésauvaux,55
55516,55130,Tréveray,55
55517,55250,Seuil-d'Argonne,55
55518,55500,Cousances-lès-Triconville,55
55519,55310,Tronville-en-Barrois,55
55520,55190,Troussey,55
55521,55300,Troyon,55
55522,55140,Ugny-sur-Meuse,55
55523,55100,Vacherauville,55
55525,55220,Vadelaincourt,55
55526,55200,Vadonville,55
55527,55270,Varennes-en-Argonne,55
55528,55300,Varnéville,55
55530,55300,Valbois,55
55531,55800,Vassincourt,55
55532,55250,Vaubecourt,55
55533,55140,Vaucouleurs,55
55534,55130,Vaudeville-le-Haut,55
55535,55230,Vaudoncourt,55
55536,55270,Vauquois,55
55537,55400,Vaux-devant-Damloup,55
55540,55300,Vaux-lès-Palameix,55
55541,55000,Vavincourt,55
55543,55500,Velaines,55
55544,55600,Velosnes,55
55546,55600,Verneuil-Grand,55
55547,55600,Verneuil-Petit,55
55549,55270,Véry,55
55551,55210,Vigneulles-lès-Hattonchâtel,55
55552,55600,Vigneul-sous-Montmédy,55
55553,55200,Vignot,55
55554,55600,Villécloye,55
55555,55260,Ville-devant-Belrain,55
55556,55150,Ville-devant-Chaumont,55
55557,55160,Ville-en-Woëvre,55
55559,55190,Villeroy-sur-Méholle,55
55560,55800,Villers-aux-Vents,55
55561,55110,Villers-devant-Dun,55
55563,55150,Villers-lès-Mangiennes,55
55565,55160,Villers-sous-Pareid,55
55566,55220,Villers-sur-Meuse,55
55567,55120,Ville-sur-Cousances,55
55568,55000,Ville-sur-Saulx,55
55569,55250,Villotte-devant-Louppy,55
55570,55260,Villotte-sur-Aire,55
55571,55110,Vilosnes-Haraumont,55
55572,55150,Vittarville,55
55573,55190,Void-Vacon,55
55574,55130,Vouthon-Bas,55
55575,55130,Vouthon-Haut,55
55577,55250,Waly,55
55579,55160,Watronville,55
55580,55150,Wavrille,55
55581,55500,Willeroncourt,55
55582,55700,Wiseppe,55
55583,55210,Woël,55
55584,55300,Woimbey,55
55586,55300,Xivray-et-Marvoisin,55
56001,56350,Allaire,56
56002,56190,Ambon,56
56003,56610,Arradon,56
56004,56190,Arzal,56
56005,56640,Arzon,56
56006,56800,Augan,56
56007,56400,Auray,56
56008,56870,Baden,56
56009,56360,Bangor,56
56010,56150,Baud,56
56011,56350,Béganne,56
56012,56380,Beignon,56
56013,56550,Belz,56
56014,56240,Berné,56
56015,56230,Berric,56
56016,56310,Bieuzy,56
56017,56500,Bignan,56
56018,56190,Billiers,56
56019,56420,Billio,56
56020,56140,Bohal,56
56021,56700,Brandérion,56
56022,56390,Brandivy,56
56023,56400,Brech,56
56024,56580,Bréhan,56
56026,56310,Bubry,56
56027,56420,Buléon,56
56028,56220,Caden,56
56029,56240,Calan,56
56030,56130,Camoël,56
56031,56330,Camors,56
56032,56800,Campénéac,56
56033,56910,Carentoir,56
56034,56340,Carnac,56
56035,56140,Caro,56
56036,56850,Caudan,56
56038,56200,La Chapelle-Gaceline,56
56040,56620,Cléguer,56
56041,56480,Cléguérec,56
56042,56390,Colpo,56
56043,56430,Concoret,56
56044,56200,Cournon,56
56045,56230,Le Cours,56
56046,56950,Crach,56
56047,56580,Crédin,56
56048,56540,Le Croisty,56
56049,56920,Croixanvec,56
56050,56120,La Croix-Helléan,56
56051,56420,Cruguel,56
56052,56750,Damgan,56
56053,56250,Elven,56
56054,56410,Erdeven,56
56055,56410,Étel,56
56056,56490,Évriguet,56
56058,56130,Férel,56
56059,56120,Les Forges,56
56060,56200,Les Fougerêts,56
56061,56200,La Gacilly,56
56062,56680,Gâvres,56
56063,56530,Gestel,56
56064,56200,Glénac,56
56065,56800,Gourhel,56
56066,56110,Gourin,56
56067,56390,Grand-Champ,56
56068,56120,La Grée-Saint-Laurent,56
56069,56590,Groix,56
56070,56120,Guégon,56
56071,56420,Guéhenno,56
56072,56920,Gueltas,56
56073,56160,Guémené-sur-Scorff,56
56074,56150,Guénin,56
56075,56380,Guer,56
56076,56310,Guern,56
56077,56190,Le Guerno,56
56078,56520,Guidel,56
56080,56490,Guilliers,56
56081,56560,Guiscriff,56
56082,56120,Helléan,56
56083,56700,Hennebont,56
56084,56450,Le Hézo,56
56085,56170,Hœdic,56
56086,56170,Île-d'Houat,56
56087,56780,Île-aux-Moines,56
56088,56840,Île-d'Arz,56
56089,56240,Inguiniel,56
56090,56650,Inzinzac-Lochrist,56
56091,56120,Josselin,56
56092,56920,Kerfourn,56
56093,56300,Kergrist,56
56094,56700,Kervignac,56
56096,56690,Landaul,56
56097,56690,Landévant,56
56098,56600,Lanester,56
56099,56160,Langoëlan,56
56100,56630,Langonnet,56
56101,56440,Languidic,56
56102,56120,Lanouée,56
56103,56120,Lantillac,56
56104,56240,Lanvaudan,56
56105,56320,Lanvénégen,56
56106,56870,Larmor-Baden,56
56107,56260,Larmor-Plage,56
56108,56230,Larré,56
56109,56190,Lauzach,56
56110,56160,Lignol,56
56111,56220,Limerzel,56
56112,56460,Lizio,56
56113,56160,Locmalo,56
56114,56360,Locmaria,56
56115,56390,Locmaria-Grand-Champ,56
56116,56740,Locmariaquer,56
56117,56500,Locminé,56
56118,56570,Locmiquélic,56
56119,56550,Locoal-Mendon,56
56120,56390,Locqueltas,56
56121,56100,Lorient,56
56122,56800,Loyat,56
56123,56220,Malansac,56
56124,56140,Malestroit,56
56125,56300,Malguénac,56
56126,56130,Marzan,56
56127,56430,Mauron,56
56128,56310,Melrand,56
56129,56490,Ménéac,56
56130,56700,Merlevenez,56
56131,56320,Meslan,56
56132,56890,Meucon,56
56133,56140,Missiriac,56
56134,56490,Mohon,56
56135,56230,Molac,56
56136,56380,Monteneuf,56
56137,56250,Monterblanc,56
56138,56800,Monterrein,56
56139,56800,Montertelot,56
56140,56500,Moréac,56
56141,56500,Moustoir-Ac,56
56143,56190,Muzillac,56
56144,56500,Évellys,56
56145,56430,Néant-sur-Yvel,56
56146,56300,Neulliac,56
56147,56130,Nivillac,56
56148,56690,Nostang,56
56149,56190,Noyal-Muzillac,56
56151,56920,Noyal-Pontivy,56
56152,56360,Le Palais,56
56153,56130,Péaule,56
56154,56220,Peillac,56
56155,56760,Pénestin,56
56156,56160,Persquen,56
56157,56420,Plaudren,56
56158,56890,Plescop,56
56159,56140,Pleucadeuc,56
56160,56120,Pleugriffet,56
56161,56400,Ploemel,56
56162,56270,Ploemeur,56
56163,56160,Ploërdut,56
56164,56880,Ploeren,56
56165,56800,Ploërmel,56
56166,56240,Plouay,56
56167,56400,Plougoumelen,56
56168,56340,Plouharnel,56
56170,56770,Plouray,56
56171,56220,Pluherlin,56
56172,56420,Plumelec,56
56173,56930,Pluméliau,56
56174,56500,Plumelin,56
56175,56400,Plumergat,56
56176,56400,Pluneret,56
56177,56330,Pluvigner,56
56178,56300,Pontivy,56
56179,56620,Pont-Scorff,56
56180,56380,Porcaro,56
56181,56290,Port-Louis,56
56182,56320,Priziac,56
56183,56910,Quelneuc,56
56184,56230,Questembert,56
56185,56530,Quéven,56
56186,56170,Quiberon,56
56188,56310,Quistinic,56
56189,56500,Radenac,56
56190,56500,Réguiny,56
56191,56140,Réminiac,56
56193,56670,Riantec,56
56195,56130,La Roche-Bernard,56
56196,56220,Rochefort-en-Terre,56
56197,56460,Val d'Oust,56
56198,56580,Rohan,56
56199,56110,Roudouallec,56
56201,56110,Le Saint,56
56202,56140,Saint-Abraham,56
56204,56500,Saint-Allouestre,56
56206,56890,Saint-Avé,56
56208,56430,Saint-Brieuc-de-Mauron,56
56209,56480,Sainte-Brigitte,56
56210,56540,Saint-Caradec-Trégomel,56
56211,56140,Saint-Congard,56
56212,56130,Saint-Dolay,56
56213,56920,Saint-Gérand,56
56214,56730,Saint-Gildas-de-Rhuys,56
56215,56920,Saint-Gonnery,56
56216,56350,Saint-Gorgon,56
56218,56220,Saint-Gravé,56
56219,56460,Saint-Guyomard,56
56221,56220,Saint-Jacut-les-Pins,56
56222,56660,Saint-Jean-Brévelay,56
56223,56350,Saint-Jean-la-Poterie,56
56224,56140,Saint-Laurent-sur-Oust,56
56225,56430,Saint-Léry,56
56226,56380,Saint-Malo-de-Beignon,56
56227,56490,Saint-Malo-des-Trois-Fontaines,56
56229,56200,Saint-Martin-sur-Oust,56
56230,56910,Saint-Nicolas-du-Tertre,56
56231,56250,Saint-Nolff,56
56232,56350,Saint-Perreux,56
56234,56510,Saint-Pierre-Quiberon,56
56236,56120,Saint-Servant,56
56237,56300,Saint-Thuriau,56
56238,56540,Saint-Tugdual,56
56239,56350,Saint-Vincent-sur-Oust,56
56240,56370,Sarzeau,56
56241,56360,Sauzon,56
56242,56160,Séglien,56
56243,56860,Séné,56
56244,56460,Sérent,56
56245,56480,Silfiac,56
56246,56300,Le Sourn,56
56247,56250,Sulniac,56
56248,56450,Surzur,56
56249,56800,Taupont,56
56250,56130,Théhillac,56
56251,56450,Theix-Noyalo,56
56252,56370,Le Tour-du-Parc,56
56253,56140,Tréal,56
56254,56250,Trédion,56
56255,56250,Treffléan,56
56256,56430,Tréhorenteuc,56
56257,56490,La Trinité-Porhoët,56
56258,56470,La Trinité-sur-Mer,56
56259,56190,La Trinité-Surzur,56
56260,56000,Vannes,56
56261,56250,La Vraie-Croix,56
56262,56400,Bono,56
56263,56400,Sainte-Anne-d'Auray,56
56264,56540,Kernascléden,56
57002,57590,Aboncourt-sur-Seille,57
57003,57560,Abreschviller,57
57004,57340,Achain,57
57006,57412,Achen,57
57007,57580,Adaincourt,57
57008,57380,Adelange,57
57009,57590,Ajoncourt,57
57010,57590,Alaincourt-la-Côte,57
57011,57670,Albestroff,57
57012,57440,Algrange,57
57013,57515,Alsting,57
57014,57660,Altrippe,57
57015,57730,Altviller,57
57016,57320,Alzing,57
57017,57865,Amanvillers,57
57018,57170,Amelécourt,57
57019,57360,Amnéville,57
57021,57130,Ancy-Dornot,57
57022,57440,Angevillers,57
57024,57640,Antilly,57
57025,57320,Anzeling,57
57026,57480,Apach,57
57027,57380,Arraincourt,57
57028,57640,Argancy,57
57029,57580,Arriance,57
57030,57680,Arry,57
57031,57530,Ars-Laquenexy,57
57032,57130,Ars-sur-Moselle,57
57033,57405,Arzviller,57
57034,57790,Aspach,57
57035,57260,Assenoncourt,57
57036,57170,Attilloncourt,57
57037,57580,Aube,57
57038,57390,Audun-le-Tiche,57
57039,57685,Augny,57
57040,57590,Aulnois-sur-Seille,57
57041,57710,Aumetz,57
57043,57300,Ay-sur-Moselle,57
57044,57810,Azoudange,57
57045,57590,Bacourt,57
57046,57230,Baerenthal,57
57047,57690,Bambiderstroff,57
57049,57050,Le Ban-Saint-Martin,57
57050,57830,Barchain,57
57051,57340,Baronville,57
57052,57450,Barst,57
57053,57260,Bassing,57
57055,57530,Bazoncourt,57
57056,57830,Bébing,57
57057,57580,Béchy,57
57058,57460,Behren-lès-Forbach,57
57059,57340,Bellange,57
57060,57670,Bénestroff,57
57061,57800,Béning-lès-Saint-Avold,57
57062,57570,Berg-sur-Moselle,57
57063,57660,Bérig-Vintrange,57
57064,57370,Berling,57
57065,57340,Bermering,57
57066,57930,Berthelming,57
57067,57310,Bertrange,57
57069,57550,Berviller-en-Moselle,57
57070,57220,Bettange,57
57071,57930,Bettborn,57
57072,57640,Bettelainville,57
57073,57800,Betting,57
57074,57410,Bettviller,57
57075,57580,Beux,57
57076,57570,Beyren-lès-Sierck,57
57077,57630,Bezange-la-Petite,57
57079,57320,Bibiche,57
57080,57635,Bickenholtz,57
57081,57260,Bidestroff,57
57082,57660,Biding,57
57083,57410,Bining,57
57084,57170,Bioncourt,57
57085,57220,Bionville-sur-Nied,57
57086,57930,Belles-Forêts,57
57087,57220,Bisten-en-Lorraine,57
57088,57660,Bistroff,57
57089,57230,Bitche,57
57090,57260,Blanche-Église,57
57091,57200,Bliesbruck,57
57092,57200,Blies-Ébersing,57
57093,57200,Blies-Guersviller,57
57095,57220,Boucheporn,57
57096,57655,Boulange,57
57097,57220,Boulay-Moselle,57
57098,57260,Bourgaltroff,57
57099,57810,Bourdonnay,57
57100,57370,Bourscheid,57
57101,57460,Bousbach,57
57102,57310,Bousse,57
57103,57230,Bousseviller,57
57104,57570,Boust,57
57105,57380,Boustroff,57
57106,57320,Bouzonville,57
57107,57340,Bréhain,57
57108,57720,Breidenbach,57
57109,57570,Breistroff-la-Grande,57
57110,57320,Brettnach,57
57111,57535,Bronvaux,57
57112,57220,Brouck,57
57113,57565,Brouderdorff,57
57114,57635,Brouviller,57
57115,57340,Brulange,57
57116,57420,Buchy,57
57117,57920,Buding,57
57118,57970,Budling,57
57119,57400,Buhl-Lorraine,57
57120,57170,Burlioncourt,57
57121,57220,Burtoncourt,57
57122,57450,Cappel,57
57123,57490,Carling,57
57124,57570,Cattenom,57
57125,57365,Chailly-lès-Ennery,57
57126,57170,Chambrey,57
57127,57580,Chanville,57
57128,57220,Charleville-sous-Bois,57
57129,57640,Charly-Oradour,57
57130,57340,Château-Bréhain,57
57131,57320,Château-Rouge,57
57132,57170,Château-Salins,57
57133,57170,Château-Voué,57
57134,57160,Châtel-Saint-Germain,57
57136,57320,Chémery-les-Deux,57
57137,57420,Cheminot,57
57138,57580,Chenois,57
57139,57420,Chérisey,57
57140,57245,Chesny,57
57141,57590,Chicourt,57
57142,57070,Chieulles,57
57143,57185,Clouange,57
57144,57800,Cocheren,57
57146,57420,Coin-lès-Cuvry,57
57147,57420,Coin-sur-Seille,57
57148,57530,Colligny-Maizery,57
57149,57320,Colmen,57
57150,57220,Condé-Northen,57
57151,57340,Conthil,57
57152,57480,Contz-les-Bains,57
57153,57680,Corny-sur-Moselle,57
57154,57220,Coume,57
57155,57530,Courcelles-Chaussy,57
57156,57530,Courcelles-sur-Nied,57
57158,57590,Craincourt,57
57159,57690,Créhange,57
57160,57150,Creutzwald,57
57161,57260,Cutting,57
57162,57420,Cuvry,57
57163,57850,Dabo,57
57165,57550,Dalem,57
57166,57340,Dalhain,57
57167,57320,Dalstein,57
57168,57370,Danne-et-Quatre-Vents,57
57169,57820,Dannelbourg,57
57171,57590,Delme,57
57172,57220,Denting,57
57173,57260,Desseling,57
57174,57340,Destry,57
57175,57830,Diane-Capelle,57
57176,57980,Diebling,57
57177,57260,Dieuze,57
57178,57660,Diffembach-lès-Hellimer,57
57179,57925,Distroff,57
57180,57400,Dolving,57
57181,57260,Domnom-lès-Dieuze,57
57183,57810,Donnelay,57
57186,57320,Ébersviller,57
57187,57220,Éblange,57
57188,57230,Éguelshardt,57
57189,57340,Eincheville,57
57190,57690,Elvange,57
57191,57970,Elzange,57
57192,57415,Enchenberg,57
57193,57365,Ennery,57
57194,57330,Entrange,57
57195,57720,Epping,57
57196,57720,Erching,57
57197,57510,Ernestviller,57
57198,57660,Erstroff,57
57199,57330,Escherange,57
57200,57530,Les Étangs,57
57201,57412,Etting,57
57202,57460,Etzling,57
57203,57570,Évrange,57
57204,57640,Failly,57
57205,57550,Falck,57
57206,57290,Fameck,57
57207,57450,Farébersviller,57
57208,57450,Farschviller,57
57209,57380,Faulquemont,57
57210,57930,Fénétrange,57
57211,57280,Fèves,57
57212,57420,Féy,57
57213,57320,Filstroff,57
57214,57570,Fixem,57
57215,57320,Flastroff,57
57216,57635,Fleisheim,57
57217,57690,Flétrange,57
57219,57365,Flévy,57
57220,57580,Flocourt,57
57221,57190,Florange,57
57222,57600,Folkling,57
57224,57730,Folschviller,57
57225,57590,Fonteny,57
57226,57650,Fontoy,57
57227,57600,Forbach,57
57228,57590,Fossieux,57
57229,57830,Foulcrey,57
57230,57220,Fouligny,57
57231,57420,Foville,57
57232,57670,Francaltroff,57
57233,57790,Fraquelfing,57
57234,57200,Frauenberg,57
57235,57320,Freistroff,57
57236,57590,Frémery,57
57237,57660,Frémestroff,57
57238,57170,Fresnes-en-Saulnois,57
57239,57660,Freybouse,57
57240,57800,Freyming-Merlebach,57
57241,57810,Fribourg,57
57242,57175,Gandrange,57
57244,57820,Garrebourg,57
57245,57570,Gavisse,57
57246,57260,Gelucourt,57
57247,57170,Gerbécourt,57
57248,57670,Givrycourt,57
57249,57530,Glatigny,57
57250,57620,Goetzenbruck,57
57251,57420,Goin,57
57252,57220,Gomelange,57
57253,57815,Gondrexange,57
57254,57680,Gorze,57
57255,57930,Gosselming,57
57256,57130,Gravelotte,57
57257,57170,Grémecey,57
57258,57660,Gréning,57
57259,57480,Grindorff-Bizing,57
57260,57520,Grosbliederstroff,57
57261,57410,Gros-Réderching,57
57262,57660,Grostenquin,57
57263,57510,Grundviller,57
57264,57510,Guebenhouse,57
57265,57260,Guébestroff,57
57266,57260,Guéblange-lès-Dieuze,57
57267,57430,Le Val-de-Guéblange,57
57268,57260,Guébling,57
57269,57310,Guénange,57
57270,57260,Val-de-Bride,57
57271,57470,Guenviller,57
57272,57260,Guermange,57
57273,57320,Guerstling,57
57274,57880,Guerting,57
57275,57380,Guessling-Hémering,57
57276,57690,Guinglange,57
57277,57220,Guinkirchen,57
57278,57670,Guinzeling,57
57280,57405,Guntzviller,57
57281,57340,Haboudange,57
57282,57570,Hagen,57
57283,57300,Hagondange,57
57284,57690,Hallering,57
57286,57480,Halstroff,57
57287,57970,Basse-Ham,57
57288,57880,Ham-sous-Varsberg,57
57289,57910,Hambach,57
57290,57170,Hampont,57
57291,57370,Hangviller,57
57292,57590,Hannocourt,57
57293,57580,Han-sur-Nied,57
57294,57230,Hanviller,57
57295,57630,Haraucourt-sur-Seille,57
57296,57550,Hargarten-aux-Mines,57
57297,57340,Harprich,57
57298,57870,Harreberg,57
57299,57870,Hartzviller,57
57300,57850,Haselbourg,57
57301,57230,Haspelschiedt,57
57302,57790,Hattigny,57
57303,57280,Hauconcourt,57
57304,57400,Haut-Clocher,57
57305,57650,Havange,57
57306,57700,Hayange,57
57307,57530,Hayes,57
57308,57430,Hazembourg,57
57309,57320,Heining-lès-Bouzonville,57
57310,57930,Hellering-lès-Fénétrange,57
57311,57660,Hellimer,57
57312,57220,Helstroff,57
57313,57690,Hémilly,57
57314,57830,Héming,57
57315,57820,Henridorff,57
57316,57450,Henriville,57
57317,57635,Hérange,57
57318,57790,Hermelange,57
57319,57580,Herny,57
57320,57830,Hertzing,57
57321,57400,Hesse,57
57322,57320,Hestroff,57
57323,57330,Hettange-Grande,57
57324,57400,Hilbesheim,57
57325,57510,Hilsprich,57
57326,57220,Hinckange,57
57328,57380,Holacourt,57
57329,57220,Holling,57
57330,57510,Holving,57
57331,57920,Hombourg-Budange,57
57332,57470,Hombourg-Haut,57
57333,57405,Hommarting,57
57334,57870,Hommert,57
57335,57670,Honskirch,57
57336,57490,L'Hôpital,57
57337,57510,Hoste,57
57338,57720,Hottviller,57
57339,57820,Hultehouse,57
57340,57990,Hundling,57
57341,57480,Hunting,57
57342,57830,Ibigny,57
57343,57970,Illange,57
57344,57400,Imling,57
57345,57970,Inglange,57
57346,57670,Insming,57
57347,57670,Insviller,57
57348,57990,Ippling,57
57349,57590,Jallaucourt,57
57350,57130,Jouy-aux-Arches,57
57351,57245,Jury,57
57353,57630,Juvelize,57
57354,57590,Juville,57
57355,57412,Kalhausen,57
57356,57330,Kanfen,57
57357,57430,Kappelkinger,57
57358,57920,Kédange-sur-Canner,57
57359,57920,Kemplich,57
57360,57460,Kerbach,57
57361,57480,Kerling-lès-Sierck,57
57362,57830,Kerprich-aux-Bois,57
57364,57480,Kirsch-lès-Sierck,57
57365,57480,Kirschnaumen,57
57366,57430,Kirviller,57
57367,57920,Klang,57
57368,57240,Knutange,57
57370,57970,Kœnigsmacker,57
57371,57480,Haute-Kontz,57
57372,57970,Kuntzig,57
57373,57730,Lachambre,57
57374,57560,Lafrimbolle,57
57376,57410,Lambach,57
57377,57830,Landange,57
57379,57340,Landroff,57
57380,57790,Laneuveville-lès-Lorquin,57
57381,57590,Laneuveville-en-Saulnois,57
57382,57400,Langatte,57
57383,57810,Languimberg,57
57384,57660,Laning,57
57385,57530,Laquenexy,57
57386,57385,Laudrefang,57
57387,57480,Laumesfeld,57
57388,57480,Launstroff,57
57389,57660,Lelling,57
57390,57620,Lemberg,57
57391,57590,Lemoncourt,57
57392,57580,Lemud,57
57393,57720,Lengelsheim,57
57394,57670,Léning,57
57395,57580,Lesse,57
57396,57160,Lessy,57
57397,57810,Ley,57
57398,57660,Leyviller,57
57399,57630,Lezey,57
57401,57340,Lidrezing,57
57402,57230,Liederschiedt,57
57403,57420,Liéhon,57
57404,57260,Lindre-Basse,57
57405,57260,Lindre-Haute,57
57406,57590,Liocourt,57
57407,57635,Lixheim,57
57408,57520,Lixing-lès-Rouhling,57
57409,57660,Lixing-lès-Saint-Avold,57
57410,57670,Lhor,57
57411,57650,Lommerange,57
57412,57050,Longeville-lès-Metz,57
57413,57740,Longeville-lès-Saint-Avold,57
57414,57790,Lorquin,57
57415,57050,Lorry-lès-Metz,57
57416,57420,Lorry-Mardigny,57
57417,57670,Lostroff,57
57418,57670,Loudrefing,57
57419,57510,Loupershouse,57
57421,57720,Loutzviller,57
57423,57170,Lubécourt,57
57424,57590,Lucy,57
57425,57580,Luppy,57
57426,57935,Luttange,57
57427,57820,Lutzelbourg,57
57428,57730,Macheren,57
57430,57380,Mainvillers,57
57431,57530,Maizeroy,57
57432,57530,Maizery,57
57433,57280,Maizières-lès-Metz,57
57434,57810,Maizières-lès-Vic,57
57436,57590,Malaucourt-sur-Seille,57
57437,57480,Malling,57
57438,57640,Malroy,57
57439,57480,Manderen,57
57440,57590,Manhoué,57
57441,57100,Manom,57
57442,57380,Many,57
57443,57535,Marange-Silvange,57
57444,57690,Marange-Zondrange,57
57445,57420,Marieulles,57
57446,57670,Marimont-lès-Bénestroff,57
57447,57155,Marly,57
57448,57630,Marsal,57
57451,57340,Marthille,57
57452,57140,La Maxe,57
57453,57660,Maxstadt,57
57454,57245,Mécleuves,57
57455,57220,Mégange,57
57456,57960,Meisenthal,57
57457,57320,Menskirch,57
57459,57480,Merschweiller,57
57460,57550,Merten,57
57461,57560,Métairies-Saint-Quirin,57
57462,57370,Metting,57
57463,57000,Metz,57
57464,57920,Metzeresche,57
57465,57940,Metzervisse,57
57466,57980,Metzing,57
57467,57070,Mey,57
57468,57370,Mittelbronn,57
57469,57930,Mittersheim,57
57470,57670,Molring,57
57471,57220,Momerstroff,57
57472,57420,Moncheux,57
57473,57810,Moncourt,57
57474,57300,Mondelange,57
57475,57570,Mondorff,57
57476,57920,Monneren,57
57477,57415,Montbronn,57
57478,57670,Montdidier,57
57479,57480,Montenach,57
57480,57950,Montigny-lès-Metz,57
57481,57860,Montois-la-Montagne,57
57482,57645,Ogy-Montoy-Flanville,57
57483,57340,Morhange,57
57484,57600,Morsbach,57
57485,57170,Morville-lès-Vic,57
57486,57590,Morville-sur-Nied,57
57487,57160,Moulins-lès-Metz,57
57489,57620,Mouterhouse,57
57490,57630,Moyenvic,57
57491,57250,Moyeuvre-Grande,57
57492,57250,Moyeuvre-Petite,57
57493,57260,Mulcey,57
57494,57670,Munster,57
57495,57220,Narbéfontaine,57
57496,57670,Nébing,57
57497,57670,Nelling,57
57498,57700,Neufchef,57
57499,57910,Neufgrange,57
57500,57830,Neufmoulins,57
57501,57670,Neufvillage,57
57502,57320,Neunkirchen-lès-Bouzonville,57
57504,57560,Niderhoff,57
57505,57565,Niderviller,57
57506,57930,Niederstinzel,57
57507,57220,Niedervisse,57
57508,57240,Nilvange,57
57509,57790,Nitting,57
57510,57645,Noisseville,57
57511,57140,Norroy-le-Veneur,57
57512,57645,Nouilly,57
57513,57720,Nousseviller-lès-Bitche,57
57514,57990,Nousseviller-Saint-Nabor,57
57515,57680,Novéant-sur-Moselle,57
57516,57320,Oberdorff,57
57517,57720,Obergailbach,57
57518,57930,Oberstinzel,57
57519,57220,Obervisse,57
57520,57170,Obreck,57
57521,57600,Œting,57
57523,57530,Ogy,57
57524,57810,Ommeray,57
57525,57590,Oriocourt,57
57526,57720,Ormersviller,57
57527,57420,Orny,57
57528,57590,Oron,57
57529,57840,Ottange,57
57530,57220,Ottonville,57
57531,57970,Oudrenne,57
57532,57420,Pagny-lès-Goin,57
57533,57530,Pange,57
57534,57245,Peltre,57
57535,57410,Petit-Réderching,57
57536,57660,Petit-Tenquin,57
57537,57540,Petite-Rosselle,57
57538,57170,Pettoncourt,57
57539,57340,Pévange,57
57540,57370,Phalsbourg,57
57541,57230,Philippsbourg,57
57542,57220,Piblange,57
57543,57120,Pierrevillers,57
57544,57870,Plaine-de-Walsch,57
57545,57050,Plappeville,57
57546,57140,Plesnois,57
57547,57420,Pommérieux,57
57548,57420,Pontoy,57
57549,57380,Pontpierre,57
57550,57890,Porcelette,57
57551,57930,Postroff,57
57552,57420,Pouilly,57
57553,57420,Pournoy-la-Chétive,57
57554,57420,Pournoy-la-Grasse,57
57555,57590,Prévocourt,57
57556,57510,Puttelange-aux-Lacs,57
57557,57570,Puttelange-lès-Thionville,57
57558,57170,Puttigny,57
57559,57590,Puzieux,57
57560,57340,Racrange,57
57561,57410,Rahling,57
57562,57700,Ranguevaux,57
57563,57530,Raville,57
57564,57810,Réchicourt-le-Château,57
57565,57390,Rédange,57
57566,57445,Réding,57
57567,57320,Rémelfang,57
57568,57200,Rémelfing,57
57569,57480,Rémeling,57
57570,57550,Rémering,57
57571,57510,Rémering-lès-Puttelange,57
57572,57580,Rémilly,57
57573,57670,Réning,57
57574,57570,Basse-Rentgen,57
57575,57645,Retonfey,57
57576,57480,Rettel,57
57577,57230,Reyersviller,57
57578,57130,Rezonville,57
57579,57810,Rhodes,57
57580,57340,Riche,57
57581,57510,Richeling,57
57582,57270,Richemont,57
57583,57830,Richeval,57
57584,57720,Rimling,57
57585,57480,Ritzing,57
57586,57840,Rochonvillers,57
57587,57340,Rodalbe,57
57588,57570,Rodemack,57
57589,57410,Rohrbach-lès-Bitche,57
57590,57720,Rolbing,57
57591,57120,Rombas,57
57592,57930,Romelfing,57
57593,57860,Roncourt,57
57594,57230,Roppeviller,57
57595,57260,Rorbach-lès-Dieuze,57
57596,57800,Rosbruck,57
57597,57780,Rosselange,57
57598,57520,Rouhling,57
57599,57220,Roupeldange,57
57600,57330,Roussy-le-Village,57
57601,57160,Rozérieulles,57
57602,57310,Rurange-lès-Thionville,57
57603,57390,Russange,57
57604,57480,Rustroff,57
57605,57420,Sailly-Achâtel,57
57606,57500,Saint-Avold,57
57607,57640,Sainte-Barbe,57
57609,57580,Saint-Epvre,57
57610,57320,Saint-François-Lacroix,57
57612,57640,Saint-Hubert,57
57613,57930,Saint-Jean-de-Bassel,57
57614,57370,Saint-Jean-Kourtzerode,57
57615,57510,Saint-Jean-Rohrbach,57
57616,57070,Saint-Julien-lès-Metz,57
57617,57420,Saint-Jure,57
57618,57820,Saint-Louis,57
57619,57620,Saint-Louis-lès-Bitche,57
57620,57255,Sainte-Marie-aux-Chênes,57
57622,57855,Saint-Privat-la-Montagne,57
57623,57560,Saint-Quirin,57
57624,57130,Sainte-Ruffine,57
57625,57170,Salonnes,57
57626,57640,Sanry-lès-Vigy,57
57627,57530,Sanry-sur-Nied,57
57628,57430,Sarralbe,57
57629,57400,Sarraltroff,57
57630,57400,Sarrebourg,57
57631,57200,Sarreguemines,57
57633,57905,Sarreinsming,57
57634,57140,Saulny,57
57635,57370,Schalbach,57
57636,57412,Schmittviller,57
57637,57400,Schneckenbusch,57
57638,57350,Schœneck,57
57639,57230,Schorbach,57
57640,57320,Schwerdorff,57
57641,57720,Schweyen,57
57642,57160,Scy-Chazelles,57
57643,57420,Secourt,57
57644,57455,Seingbouse,57
57645,57280,Semécourt,57
57647,57290,Serémange-Erzange,57
57648,57530,Servigny-lès-Raville,57
57649,57640,Servigny-lès-Sainte-Barbe,57
57650,57480,Sierck-les-Bains,57
57651,57410,Siersthal,57
57652,57420,Sillegny,57
57653,57420,Silly-en-Saulnois,57
57654,57530,Silly-sur-Nied,57
57655,57420,Solgne,57
57657,57170,Sotzeling,57
57658,57960,Soucht,57
57659,57350,Spicheren,57
57660,57350,Stiring-Wendel,57
57661,57230,Sturzelbronn,57
57662,57340,Suisse,57
57663,57525,Talange,57
57664,57260,Tarquimpol,57
57665,57980,Tenteling,57
57666,57180,Terville,57
57667,57220,Téterchen,57
57668,57385,Teting-sur-Nied,57
57669,57450,Théding,57
57670,57380,Thicourt,57
57671,57580,Thimonville,57
57672,57100,Thionville,57
57673,57380,Thonville,57
57674,57590,Tincry,57
57675,57670,Torcheville,57
57676,57580,Tragny,57
57677,57300,Trémery,57
57678,57710,Tressange,57
57679,57385,Tritteling-Redlach,57
57680,57870,Troisfontaines,57
57681,57320,Tromborn,57
57682,57560,Turquestein-Blancrupt,57
57683,57270,Uckange,57
57684,57660,Vahl-Ebersing,57
57685,57670,Vahl-lès-Bénestroff,57
57686,57380,Vahl-lès-Faulquemont,57
57687,57340,Vallerange,57
57689,57970,Valmestroff,57
57690,57730,Valmont,57
57691,57220,Valmunster,57
57692,57340,Vannecourt,57
57693,57070,Vantoux,57
57694,57070,Vany,57
57695,57220,Varize-Vaudoncourt,57
57696,57880,Varsberg,57
57697,57560,Vasperviller,57
57698,57580,Vatimont,57
57700,57320,Vaudreching,57
57702,57170,Vaxy,57
57703,57370,Veckersviller,57
57704,57920,Veckring,57
57705,57220,Velving,57
57706,57260,Vergaville,57
57707,57130,Vernéville,57
57708,57420,Verny,57
57709,57370,Vescheim,57
57711,57670,Vibersviller,57
57712,57630,Vic-sur-Seille,57
57713,57635,Vieux-Lixheim,57
57714,57690,Haute-Vigneulles,57
57715,57420,Vigny,57
57716,57640,Vigy,57
57717,57340,Viller,57
57718,57530,Villers-Stoncourt,57
57719,57340,Villers-sur-Nied,57
57720,57550,Villing,57
57721,57370,Vilsberg,57
57722,57130,Vionville,57
57723,57340,Virming,57
57724,57185,Vitry-sur-Orne,57
57725,57670,Vittersbourg,57
57726,57580,Vittoncourt,57
57728,57580,Voimhaut,57
57730,57220,Volmerange-lès-Boulay,57
57731,57330,Volmerange-les-Mines,57
57732,57720,Volmunster,57
57733,57940,Volstroff,57
57734,57560,Voyer,57
57736,57640,Vry,57
57737,57420,Vulmont,57
57738,57720,Waldhouse,57
57739,57320,Waldweistroff,57
57740,57480,Waldwisse,57
57741,57720,Walschbronn,57
57742,57870,Walscheid,57
57743,57370,Waltembourg,57
57745,57200,Wiesviller,57
57746,57430,Willerwald,57
57747,57635,Wintersbourg,57
57748,57905,Wittring,57
57749,57320,Vœlfling-lès-Bouzonville,57
57750,57200,Wœlfling-lès-Sarreguemines,57
57751,57140,Woippy,57
57752,57915,Woustviller,57
57753,57170,Wuisse,57
57754,57630,Xanrey,57
57755,57590,Xocourt,57
57756,57830,Xouaxange,57
57757,57970,Yutz,57
57759,57340,Zarbeling,57
57760,57905,Zetting,57
57761,57370,Zilling,57
57762,57690,Zimming,57
57763,57260,Zommange,57
57764,57330,Zoufftgen,57
57765,57890,Diesen,57
57767,57970,Stuckange,57
58001,58110,Achun,58
58002,58200,Alligny-Cosne,58
58003,58230,Alligny-en-Morvan,58
58004,58110,Alluy,58
58005,58190,Amazy,58
58006,58270,Anlezy,58
58007,58450,Annay,58
58008,58800,Anthien,58
58009,58350,Arbourse,58
58010,58430,Arleuf,58
58011,58500,Armes,58
58012,58310,Arquian,58
58013,58700,Arthel,58
58014,58700,Arzembouy,58
58015,58420,Asnan,58
58016,58190,Asnois,58
58017,58110,Aunay-en-Bazois,58
58018,58700,Authiou,58
58019,58170,Avrée,58
58020,58300,Avril-sur-Loire,58
58021,58240,Azy-le-Vif,58
58022,58130,Balleray,58
58023,58190,Bazoches,58
58024,58110,Bazolles,58
58025,58160,Béard,58
58027,58700,Beaumont-la-Ferrière,58
58028,58270,Beaumont-Sardolles,58
58029,58210,Beuvron,58
58030,58110,Biches,58
58031,58270,Billy-Chevannes,58
58032,58500,Billy-sur-Oisy,58
58033,58310,Bitry,58
58034,58120,Blismes,58
58035,58330,Bona,58
58036,58310,Bouhy,58
58037,58140,Brassy,58
58038,58460,Breugnon,58
58039,58530,Brèves,58
58041,58420,Brinon-sur-Beuvron,58
58042,58400,Bulcy,58
58044,58440,La Celle-sur-Loire,58
58045,58700,La Celle-sur-Nièvre,58
58046,58340,Cercy-la-Tour,58
58047,58800,Cervon,58
58048,58220,Cessy-les-Bois,58
58049,58140,Chalaux,58
58050,58420,Challement,58
58051,58000,Challuy,58
58052,58420,Champallement,58
58053,58210,Champlemy,58
58055,58300,Champvert,58
58056,58400,Champvoux,58
58057,58240,Chantenay-Saint-Imbert,58
58058,58210,La Chapelle-Saint-André,58
58059,58400,La Charité-sur-Loire,58
58060,58300,Charrin,58
58061,58350,Chasnay,58
58062,58120,Château-Chinon Ville,58
58063,58120,Château-Chinon Campagne,58
58064,58350,Châteauneuf-Val-de-Bargis,58
58065,58110,Châtillon-en-Bazois,58
58066,58120,Châtin,58
58067,58400,Chaulgnes,58
58068,58120,Chaumard,58
58069,58800,Chaumot,58
58071,58420,Chevannes-Changy,58
58072,58160,Chevenon,58
58073,58500,Chevroches,58
58074,58170,Chiddes,58
58075,58800,Chitry-les-Mines,58
58076,58110,Chougny,58
58077,58220,Ciez,58
58078,58270,Cizely,58
58080,58800,La Collancelle,58
58081,58350,Colméry,58
58082,58120,Corancy,58
58083,58800,Corbigny,58
58084,58210,Corvol-d'Embernard,58
58085,58460,Corvol-l'Orgueilleux,58
58086,58200,Cosne-Cours-sur-Loire,58
58087,58300,Cossaye,58
58088,58660,Coulanges-lès-Nevers,58
58089,58220,Couloutre,58
58092,58330,Crux-la-Ville,58
58093,58210,Cuncy-lès-Varzy,58
58094,58310,Dampierre-sous-Bouhy,58
58095,58300,Decize,58
58096,58300,Devay,58
58097,58340,Diennes-Aubigny,58
58098,58190,Dirol,58
58101,58350,Dompierre-sur-Nièvre,58
58102,58220,Donzy,58
58103,58530,Dornecy,58
58104,58390,Dornes,58
58105,58160,Druy-Parigny,58
58106,58230,Dun-les-Places,58
58107,58110,Dun-sur-Grandry,58
58108,58140,Empury,58
58109,58410,Entrains-sur-Nohain,58
58110,58800,Epiry,58
58111,58430,Fâchin,58
58112,58160,La Fermeté,58
58113,58270,Fertrève,58
58114,58170,Fléty,58
58115,58240,Fleury-sur-Loire,58
58116,58190,Flez-Cuzy,58
58117,58600,Fourchambault,58
58119,58270,Frasnay-Reugny,58
58120,58140,Gâcogne,58
58121,58600,Garchizy,58
58122,58150,Garchy,58
58123,58800,Germenay,58
58124,58320,Germigny-sur-Loire,58
58125,58230,Gien-sur-Cure,58
58126,58470,Gimouille,58
58127,58700,Giry,58
58128,58370,Glux-en-Glenne,58
58129,58230,Gouloux,58
58130,58420,Grenois,58
58131,58130,Guérigny,58
58132,58420,Guipy,58
58133,58800,Héry,58
58134,58160,Imphy,58
58135,58290,Isenay,58
58136,58330,Jailly,58
58137,58300,Lamenay-sur-Loire,58
58138,58240,Langeron,58
58139,58250,Lanty,58
58140,58370,Larochemillay,58
58141,58230,Lavault-de-Frétoy,58
58142,58290,Limanton,58
58143,58270,Limon,58
58145,58140,Lormes,58
58146,58380,Lucenay-lès-Aix,58
58147,58700,Lurcy-le-Bourg,58
58148,58240,Luthenay-Uxeloup,58
58149,58170,Luzy,58
58150,58190,Lys,58
58151,58260,La Machine,58
58152,58470,Magny-Cours,58
58153,58800,Magny-Lormes,58
58154,58190,La Maison-Dieu,58
58155,58400,La Marche,58
58157,58140,Marigny-l'Église,58
58158,58240,Mars-sur-Allier,58
58159,58800,Marigny-sur-Yonne,58
58160,58180,Marzy,58
58161,58290,Maux,58
58162,58410,Menestreau,58
58163,58210,Menou,58
58164,58400,Mesves-sur-Loire,58
58165,58190,Metz-le-Comte,58
58166,58140,Mhère,58
58168,58170,Millay,58
58169,58190,Moissy-Moulinot,58
58170,58190,Monceaux-le-Comte,58
58171,58110,Montapas,58
58172,58250,Montambert,58
58173,58250,Montaron,58
58174,58700,Montenoison,58
58175,58110,Mont-et-Marré,58
58176,58130,Montigny-aux-Amognes,58
58177,58120,Montigny-en-Morvan,58
58178,58340,Montigny-sur-Canne,58
58179,58800,Montreuillon,58
58180,58230,Montsauche-les-Settons,58
58181,58420,Moraches,58
58182,58290,Moulins-Engilbert,58
58183,58800,Mouron-sur-Yonne,58
58185,58230,Moux-en-Morvan,58
58186,58700,Murlin,58
58187,58440,Myennes,58
58188,58350,Nannay,58
58190,58190,Neuffontaines,58
58192,58300,Neuville-lès-Decize,58
58193,58450,Neuvy-sur-Loire,58
58194,58000,Nevers,58
58195,58250,La Nocle-Maulaix,58
58197,58190,Nuars,58
58199,58370,Onlay,58
58200,58500,Ouagne,58
58201,58210,Oudan,58
58202,58110,Ougny,58
58203,58700,Oulon,58
58204,58130,Vaux d'Amognes,58
58205,58230,Ouroux-en-Morvan,58
58206,58210,Parigny-la-Rose,58
58207,58320,Parigny-les-Vaux,58
58208,58800,Pazy,58
58209,58220,Perroy,58
58210,58230,Planchez,58
58211,58170,Poil,58
58212,58130,Poiseux,58
58214,58320,Pougues-les-Eaux,58
58215,58150,Pouilly-sur-Loire,58
58216,58140,Pouques-Lormes,58
58217,58500,Pousseaux,58
58218,58700,Prémery,58
58219,58360,Préporché,58
58220,58400,Raveau,58
58223,58110,Rouy,58
58224,58190,Ruages,58
58225,58470,Saincaize-Meauce,58
58226,58230,Saint-Agnan,58
58227,58310,Saint-Amand-en-Puisaye,58
58228,58150,Saint-Andelain,58
58229,58140,Saint-André-en-Morvan,58
58230,58190,Saint-Aubin-des-Chaumes,58
58231,58130,Saint-Aubin-les-Forges,58
58232,58270,Saint-Benin-d'Azy,58
58233,58330,Saint-Benin-des-Bois,58
58234,58700,Saint-Bonnot,58
58235,58230,Saint-Brisson,58
58236,58220,Sainte-Colombe-des-Bois,58
58240,58330,Saint-Franchy,58
58241,58300,Saint-Germain-Chassenay,58
58243,58340,Saint-Gratien-Savigny,58
58244,58120,Saint-Hilaire-en-Morvan,58
58245,58300,Saint-Hilaire-Fontaine,58
58246,58360,Saint-Honoré-les-Bains,58
58247,58270,Saint-Jean-aux-Amognes,58
58248,58150,Saint-Laurent-l'Abbaye,58
58249,58120,Saint-Léger-de-Fougeret,58
58250,58300,Saint-Léger-des-Vignes,58
58252,58350,Saint-Malo-en-Donziois,58
58254,58130,Saint-Martin-d'Heuille,58
58256,58150,Saint-Martin-sur-Nohain,58
58258,58160,Saint-Ouen-sur-Loire,58
58259,58300,Saint-Parize-en-Viry,58
58260,58490,Saint-Parize-le-Châtel,58
58262,58110,Saint-Péreuse,58
58264,58240,Saint-Pierre-le-Moûtier,58
58265,58150,Saint-Quentin-sur-Nohain,58
58266,58420,Saint-Révérien,58
58267,58330,Saint-Saulge,58
58268,58250,Saint-Seine,58
58270,58310,Saint-Vérain,58
58271,58190,Saizy,58
58272,58800,Sardy-lès-Épiry,58
58273,58160,Sauvigny-les-Bois,58
58274,58170,Savigny-Poil-Fol,58
58275,58330,Saxi-Bourdon,58
58276,58360,Sémelay,58
58277,58290,Sermages,58
58278,58000,Sermoise-sur-Loire,58
58279,58700,Sichamps,58
58280,58300,Sougy-sur-Loire,58
58281,58150,Suilly-la-Tour,58
58282,58500,Surgy,58
58283,58420,Taconnay,58
58284,58190,Talon,58
58285,58110,Tamnay-en-Bazois,58
58287,58170,Tazilly,58
58288,58190,Teigny,58
58290,58250,Thaix,58
58291,58260,Thianges,58
58292,58110,Tintury,58
58293,58300,Toury-Lurcy,58
58294,58240,Toury-sur-Jour,58
58295,58150,Tracy-sur-Loire,58
58296,58240,Tresnay,58
58297,58260,Trois-Vèvres,58
58298,58400,Tronsanges,58
58299,58460,Trucy-l'Orgueilleux,58
58300,58130,Urzy,58
58301,58290,Vandenesse,58
58302,58400,Varennes-lès-Narcy,58
58303,58640,Varennes-Vauzelles,58
58304,58210,Varzy,58
58305,58140,Vauclaix,58
58307,58150,Vielmanay,58
58308,58190,Vignol,58
58309,58370,Villapourçon,58
58311,58270,Ville-Langy,58
58312,58500,Villiers-sur-Yonne,58
58313,58420,Vitry-Laché,58
59001,59268,Abancourt,59
59002,59215,Abscon,59
59003,59149,Aibes,59
59005,59251,Allennes-les-Marais,59
59006,59144,Amfroipret,59
59007,59194,Anhiers,59
59008,59580,Aniche,59
59009,59491,Villeneuve-d'Ascq,59
59010,59400,Anneux,59
59011,59112,Annœullin,59
59012,59186,Anor,59
59013,59152,Anstaing,59
59014,59410,Anzin,59
59015,59151,Arleux,59
59016,59380,Armbouts-Cappel,59
59017,59280,Armentières,59
59018,59285,Arnèke,59
59019,59269,Artres,59
59021,59600,Assevent,59
59022,59551,Attiches,59
59023,59265,Aubencheul-au-Bac,59
59024,59165,Auberchicourt,59
59025,59249,Aubers,59
59026,59265,Aubigny-au-Bac,59
59027,59494,Aubry-du-Hainaut,59
59028,59950,Auby,59
59029,59310,Auchy-lez-Orchies,59
59031,59570,Audignies,59
59032,59300,Aulnoy-lez-Valenciennes,59
59033,59620,Aulnoye-Aymeries,59
59034,59710,Avelin,59
59035,59440,Avesnelles,59
59036,59440,Avesnes-sur-Helpe,59
59037,59129,Avesnes-les-Aubert,59
59038,59296,Avesnes-le-Sec,59
59039,59400,Awoingt,59
59041,59138,Bachant,59
59042,59830,Bachy,59
59043,59270,Bailleul,59
59044,59780,Baisieux,59
59045,59132,Baives,59
59046,59470,Bambecque,59
59047,59266,Banteux,59
59048,59554,Bantigny,59
59049,59266,Bantouzelle,59
59050,59440,Bas-Lieu,59
59051,59480,La Bassée,59
59052,59221,Bauvin,59
59053,59570,Bavay,59
59054,59670,Bavinchove,59
59055,59360,Bazuel,59
59056,59134,Beaucamps-Ligny,59
59057,59530,Beaudignies,59
59059,59540,Beaumont-en-Cambrésis,59
59060,59730,Beaurain,59
59061,59550,Beaurepaire-sur-Sambre,59
59063,59157,Beauvois-en-Cambrésis,59
59064,59135,Bellaing,59
59065,59570,Bellignies,59
59066,59740,Bérelles,59
59067,59380,Bergues,59
59068,59145,Berlaimont,59
59069,59213,Bermerain,59
59070,59570,Bermeries,59
59071,59235,Bersée,59
59072,59600,Bersillies,59
59073,59270,Berthen,59
59074,59980,Bertry,59
59075,59540,Béthencourt,59
59076,59600,Bettignies,59
59077,59570,Bettrechies,59
59078,59216,Beugnies,59
59079,59192,Beuvrages,59
59080,59310,Beuvry-la-Forêt,59
59081,59217,Bévillers,59
59082,59380,Bierne,59
59083,59380,Bissezeele,59
59084,59173,Blaringhem,59
59086,59299,Boeschepe,59
59087,59189,Boëseghem,59
59088,59280,Bois-Grenier,59
59089,59470,Bollezeele,59
59090,59910,Bondues,59
59091,59190,Borre,59
59092,59111,Bouchain,59
59093,59440,Boulogne-sur-Helpe,59
59094,59630,Bourbourg,59
59096,59830,Bourghelles,59
59097,59400,Boursies,59
59098,59166,Bousbecque,59
59099,59222,Bousies,59
59100,59178,Bousignies,59
59101,59149,Bousignies-sur-Roc,59
59102,59217,Boussières-en-Cambrésis,59
59103,59330,Boussières-sur-Sambre,59
59104,59168,Boussois,59
59105,59870,Bouvignies,59
59106,59830,Bouvines,59
59107,59123,Bray-Dunes,59
59108,59730,Briastre,59
59109,59178,Brillon,59
59110,59630,Brouckerque,59
59111,59470,Broxeele,59
59112,59860,Bruay-sur-l'Escaut,59
59113,59490,Bruille-lez-Marchiennes,59
59114,59199,Bruille-Saint-Amand,59
59115,59151,Brunémont,59
59116,59144,Bry,59
59117,59151,Bugnicourt,59
59118,59137,Busigny,59
59119,59285,Buysscheure,59
59120,59190,Caëstre,59
59121,59161,Cagnoncles,59
59122,59400,Cambrai,59
59123,59133,Camphin-en-Carembault,59
59124,59780,Camphin-en-Pévèle,59
59125,59267,Cantaing-sur-Escaut,59
59126,59169,Cantin,59
59127,59213,Capelle,59
59128,59160,Capinghem,59
59129,59242,Cappelle-en-Pévèle,59
59130,59630,Cappelle-Brouck,59
59131,59180,Cappelle-la-Grande,59
59132,59217,Carnières,59
59133,59112,Carnin,59
59134,59244,Cartignies,59
59135,59670,Cassel,59
59136,59360,Le Cateau-Cambrésis,59
59137,59360,Catillon-sur-Sambre,59
59138,59217,Cattenières,59
59139,59540,Caudry,59
59140,59191,Caullery,59
59141,59400,Cauroir,59
59142,59680,Cerfontaine,59
59143,59930,La Chapelle-d'Armentières,59
59144,59230,Château-l'Abbaye,59
59145,59147,Chemy,59
59146,59152,Chéreng,59
59147,59740,Choisies,59
59148,59740,Clairfayts,59
59149,59225,Clary,59
59150,59830,Cobrieux,59
59151,59680,Colleret,59
59152,59560,Comines,59
59153,59163,Condé-sur-l'Escaut,59
59155,59210,Coudekerque-Branche,59
59156,59552,Courchelettes,59
59157,59149,Cousolre,59
59158,59310,Coutiches,59
59159,59279,Craywick,59
59161,59258,Crèvecœur-sur-l'Escaut,59
59162,59380,Crochte,59
59163,59170,Croix,59
59164,59222,Croix-Caluyau,59
59165,59553,Cuincy,59
59166,59990,Curgies,59
59167,59268,Cuvillers,59
59168,59830,Cysoing,59
59169,59680,Damousies,59
59170,59187,Dechy,59
59171,59127,Dehéries,59
59172,59220,Denain,59
59173,59890,Deûlémont,59
59174,59740,Dimechaux,59
59175,59216,Dimont,59
59176,59400,Doignies,59
59177,59440,Dompierre-sur-Helpe,59
59178,59500,Douai,59
59179,59282,Douchy-les-Mines,59
59180,59940,Le Doulieu,59
59181,59440,Dourlers,59
59182,59630,Drincham,59
59183,59140,Dunkerque,59
59184,59173,Ebblinghem,59
59185,59176,Écaillon,59
59186,59740,Eccles,59
59187,59330,Éclaibes,59
59188,59620,Écuélin,59
59189,59114,Eecke,59
59190,59600,Élesmes,59
59191,59127,Élincourt,59
59192,59580,Émerchicourt,59
59193,59320,Emmerin,59
59194,59530,Englefontaine,59
59195,59320,Englos,59
59196,59320,Ennetières-en-Weppes,59
59197,59710,Ennevelin,59
59198,59132,Eppe-Sauvage,59
59199,59169,Erchin,59
59200,59470,Eringhem,59
59201,59320,Erquinghem-le-Sec,59
59202,59193,Erquinghem-Lys,59
59203,59171,Erre,59
59204,59213,Escarmain,59
59205,59124,Escaudain,59
59206,59161,Escaudœuvres,59
59207,59278,Escautpont,59
59208,59320,Escobecques,59
59209,59127,Esnes,59
59210,59470,Esquelbecq,59
59211,59553,Esquerchin,59
59212,59940,Estaires,59
59213,59400,Estourmel,59
59215,59990,Estreux,59
59216,59161,Eswars,59
59217,59144,Eth,59
59218,59219,Étrœungt,59
59219,59295,Estrun,59
59220,59155,Faches-Thumesnil,59
59221,59300,Famars,59
59222,59310,Faumont,59
59224,59247,Féchain,59
59225,59750,Feignies,59
59226,59740,Felleries,59
59227,59179,Fenain,59
59228,59169,Férin,59
59229,59610,Féron,59
59230,59680,Ferrière-la-Grande,59
59231,59680,Ferrière-la-Petite,59
59233,59440,Flaumont-Waudrechies,59
59234,59128,Flers-en-Escrebieux,59
59236,59267,Flesquières,59
59237,59270,Flêtre,59
59238,59158,Flines-lès-Mortagne,59
59239,59148,Flines-lez-Raches,59
59240,59440,Floursies,59
59241,59219,Floyon,59
59242,59550,Fontaine-au-Bois,59
59243,59157,Fontaine-au-Pire,59
59246,59222,Forest-en-Cambrésis,59
59247,59510,Forest-sur-Marque,59
59249,59610,Fourmies,59
59250,59134,Fournes-en-Weppes,59
59251,59530,Frasnoy,59
59252,59236,Frelinghien,59
59253,59970,Fresnes-sur-Escaut,59
59254,59234,Fressain,59
59255,59268,Fressies,59
59256,59273,Fretin,59
59257,59249,Fromelles,59
59258,59242,Genech,59
59259,59530,Ghissignies,59
59260,59122,Ghyvelde,59
59261,59132,Glageon,59
59262,59270,Godewaersvelde,59
59263,59169,Gœulzin,59
59264,59600,Gognies-Chaussée,59
59265,59144,Gommegnies,59
59266,59147,Gondecourt,59
59267,59231,Gonnelieu,59
59268,59253,La Gorgue,59
59269,59231,Gouzeaucourt,59
59270,59244,Grand-Fayt,59
59271,59760,Grande-Synthe,59
59272,59153,Grand-Fort-Philippe,59
59273,59820,Gravelines,59
59274,59360,La Groise,59
59275,59152,Gruson,59
59276,59287,Guesnain,59
59277,59570,Gussignies,59
59278,59320,Hallennes-lez-Haubourdin,59
59279,59250,Halluin,59
59280,59151,Hamel,59
59281,59496,Hantay,59
59282,59670,Hardifort,59
59284,59178,Hasnon,59
59285,59198,Haspres,59
59286,59320,Haubourdin,59
59287,59191,Haucourt-en-Cambrésis,59
59288,59121,Haulchin,59
59289,59294,Haussy,59
59290,59440,Haut-Lieu,59
59291,59330,Hautmont,59
59292,59255,Haveluy,59
59293,59660,Haverskerque,59
59294,59268,Haynecourt,59
59295,59190,Hazebrouck,59
59296,59530,Hecq,59
59297,59171,Hélesmes,59
59299,59510,Hem,59
59300,59247,Hem-Lenglet,59
59301,59199,Hergnies,59
59302,59195,Hérin,59
59303,59134,Herlies,59
59304,59147,Herrin,59
59305,59470,Herzeele,59
59306,59740,Hestrud,59
59307,59143,Holque,59
59308,59190,Hondeghem,59
59309,59122,Hondschoote,59
59310,59570,Hon-Hergies,59
59311,59980,Honnechy,59
59312,59266,Honnecourt-sur-Escaut,59
59313,59111,Hordain,59
59314,59171,Hornaing,59
59315,59570,Houdain-lez-Bavay,59
59316,59263,Houplin-Ancoisne,59
59317,59116,Houplines,59
59318,59470,Houtkerque,59
59319,59492,Hoymille,59
59320,59480,Illies,59
59321,59540,Inchy,59
59322,59141,Iwuy,59
59323,59144,Jenlain,59
59324,59460,Jeumont,59
59325,59530,Jolimetz,59
59326,59122,Killem,59
59327,59167,Lallaing,59
59328,59130,Lambersart,59
59329,59552,Lambres-lez-Douai,59
59330,59310,Landas,59
59331,59550,Landrecies,59
59332,59390,Lannoy,59
59333,59219,Larouillies,59
59334,59553,Lauwin-Planque,59
59335,59226,Lecelles,59
59336,59259,Lécluse,59
59337,59143,Lederzeele,59
59338,59470,Ledringhem,59
59339,59115,Leers,59
59340,59495,Leffrinckoucke,59
59341,59258,Lesdain,59
59342,59740,Lez-Fontaine,59
59343,59810,Lesquin,59
59344,59620,Leval,59
59345,59287,Lewarde,59
59346,59260,Lezennes,59
59347,59740,Liessies,59
59348,59111,Lieu-Saint-Amand,59
59349,59191,Ligny-en-Cambrésis,59
59350,59000,Lille,59
59351,59330,Limont-Fontaine,59
59352,59126,Linselles,59
59353,59530,Locquignol,59
59354,59182,Loffre,59
59356,59840,Lompret,59
59357,59570,La Longueville,59
59358,59630,Looberghe,59
59359,59279,Loon-Plage,59
59360,59120,Loos,59
59361,59156,Lourches,59
59363,59530,Louvignies-Quesnoy,59
59364,59830,Louvil,59
59365,59720,Louvroil,59
59366,59173,Lynde,59
59367,59390,Lys-lez-Lannoy,59
59368,59110,La Madeleine,59
59369,59233,Maing,59
59370,59600,Mairieux,59
59371,59134,Le Maisnil,59
59372,59127,Malincourt,59
59374,59440,Marbaix,59
59375,59870,Marchiennes,59
59377,59159,Marcoing,59
59378,59700,Marcq-en-Barœul,59
59379,59252,Marcq-en-Ostrevent,59
59381,59990,Maresches,59
59382,59238,Maretz,59
59384,59550,Maroilles,59
59385,59164,Marpent,59
59386,59520,Marquette-lez-Lille,59
59387,59252,Marquette-en-Ostrevant,59
59388,59274,Marquillies,59
59389,59241,Masnières,59
59390,59176,Masny,59
59391,59172,Mastaing,59
59392,59600,Maubeuge,59
59393,59158,Maulde,59
59394,59980,Maurois,59
59395,59360,Mazinghien,59
59396,59570,Mecquignies,59
59397,59470,Merckeghem,59
59398,59710,Mérignies,59
59399,59270,Merris,59
59401,59270,Méteren,59
59402,59143,Millam,59
59403,59178,Millonfosse,59
59405,59400,Mœuvres,59
59406,59620,Monceau-Saint-Waast,59
59407,59224,Monchaux-sur-Écaillon,59
59408,59283,Moncheaux,59
59409,59234,Monchecourt,59
59410,59370,Mons-en-Barœul,59
59411,59246,Mons-en-Pévèle,59
59412,59360,Montay,59
59413,59225,Montigny-en-Cambrésis,59
59414,59182,Montigny-en-Ostrevent,59
59415,59227,Montrécourt,59
59416,59190,Morbecque,59
59418,59158,Mortagne-du-Nord,59
59419,59310,Mouchin,59
59420,59132,Moustier-en-Fagne,59
59421,59420,Mouvaux,59
59423,59940,Neuf-Berquin,59
59424,59330,Neuf-Mesnil,59
59425,59218,Neuville-en-Avesnois,59
59426,59960,Neuville-en-Ferrain,59
59427,59239,La Neuville,59
59428,59554,Neuville-Saint-Rémy,59
59429,59293,Neuville-sur-Escaut,59
59430,59360,Neuvilly,59
59431,59850,Nieppe,59
59432,59400,Niergnies,59
59433,59143,Nieurlet,59
59434,59230,Nivelle,59
59435,59310,Nomain,59
59436,59670,Noordpeene,59
59437,59139,Noyelles-lès-Seclin,59
59438,59159,Noyelles-sur-Escaut,59
59439,59550,Noyelles-sur-Sambre,59
59440,59282,Noyelles-sur-Selle,59
59441,59570,Obies,59
59442,59680,Obrechies,59
59443,59670,Ochtezeele,59
59444,59970,Odomez,59
59445,59132,Ohain,59
59447,59264,Onnaing,59
59448,59122,Oost-Cappel,59
59449,59310,Orchies,59
59450,59360,Ors,59
59451,59530,Orsinval,59
59452,59162,Ostricourt,59
59453,59670,Oudezeele,59
59454,59670,Oxelaëre,59
59455,59295,Paillencourt,59
59456,59146,Pecquencourt,59
59457,59840,Pérenchies,59
59458,59273,Péronne-en-Mélantois,59
59459,59494,Petite-Forêt,59
59461,59244,Petit-Fayt,59
59462,59133,Phalempin,59
59463,59284,Pitgam,59
59464,59218,Poix-du-Nord,59
59465,59360,Pommereuil,59
59466,59710,Pont-à-Marcq,59
59467,59138,Pont-sur-Sambre,59
59468,59530,Potelle,59
59470,59840,Prémesques,59
59471,59990,Préseau,59
59472,59288,Preux-au-Bois,59
59473,59144,Preux-au-Sart,59
59474,59550,Prisches,59
59475,59121,Prouvy,59
59476,59267,Proville,59
59477,59185,Provin,59
59478,59380,Quaëdypre,59
59479,59243,Quarouble,59
59480,59269,Quérénaing,59
59481,59530,Le Quesnoy,59
59482,59890,Quesnoy-sur-Deûle,59
59483,59680,Quiévelon,59
59484,59920,Quiévrechain,59
59485,59214,Quiévy,59
59486,59194,Râches,59
59487,59320,Radinghem-en-Weppes,59
59488,59554,Raillencourt-Sainte-Olle,59
59489,59283,Raimbeaucourt,59
59490,59177,Rainsars,59
59491,59590,Raismes,59
59492,59161,Ramillies,59
59493,59177,Ramousies,59
59494,59530,Raucourt-au-Bois,59
59495,59245,Recquignies,59
59496,59360,Rejet-de-Beaulieu,59
59497,59173,Renescure,59
59498,59980,Reumont,59
59499,59122,Rexpoëde,59
59500,59159,Ribécourt-la-Tour,59
59501,59870,Rieulay,59
59502,59277,Rieux-en-Cambrésis,59
59503,59550,Robersart,59
59504,59172,Rœulx,59
59505,59990,Rombies-et-Marchipont,59
59506,59730,Romeries,59
59507,59790,Ronchin,59
59508,59223,Roncq,59
59509,59286,Roost-Warendin,59
59511,59230,Rosult,59
59512,59100,Roubaix,59
59513,59169,Roucourt,59
59514,59131,Rousies,59
59515,59220,Rouvignies,59
59516,59285,Rubrouck,59
59517,59258,Les Rues-des-Vignes,59
59518,59530,Ruesnes,59
59519,59226,Rumegies,59
59520,59281,Rumilly-en-Cambrésis,59
59521,59554,Sailly-lez-Cambrai,59
59522,59390,Sailly-lez-Lannoy,59
59523,59262,Sainghin-en-Mélantois,59
59524,59184,Sainghin-en-Weppes,59
59525,59177,Sains-du-Nord,59
59526,59230,Saint-Amand-les-Eaux,59
59527,59350,Saint-André-lez-Lille,59
59528,59188,Saint-Aubert,59
59530,59163,Saint-Aybert,59
59531,59360,Saint-Benin,59
59532,59820,Saint-Georges-sur-l'Aa,59
59533,59292,Saint-Hilaire-lez-Cambrai,59
59534,59440,Saint-Hilaire-sur-Helpe,59
59535,59270,Saint-Jans-Cappel,59
59536,59670,Sainte-Marie-Cappel,59
59537,59213,Saint-Martin-sur-Écaillon,59
59538,59143,Saint-Momelin,59
59539,59630,Saint-Pierre-Brouck,59
59541,59730,Saint-Python,59
59542,59620,Saint-Remy-Chaussée,59
59543,59330,Saint-Remy-du-Nord,59
59544,59880,Saint-Saulve,59
59545,59360,Saint-Souplet,59
59546,59114,Saint-Sylvestre-Cappel,59
59547,59188,Saint-Vaast-en-Cambrésis,59
59548,59570,Saint-Waast,59
59549,59218,Salesches,59
59550,59496,Salomé,59
59551,59310,Saméon,59
59553,59211,Santes,59
59554,59230,Sars-et-Rosières,59
59555,59216,Sars-Poteries,59
59556,59145,Sassegnies,59
59557,59990,Saultain,59
59558,59227,Saulzoir,59
59559,59990,Sebourg,59
59560,59113,Seclin,59
59562,59440,Sémeries,59
59563,59440,Semousies,59
59564,59174,La Sentinelle,59
59565,59269,Sepmeries,59
59566,59320,Sequedin,59
59567,59400,Séranvillers-Forenville,59
59568,59173,Sercus,59
59569,59450,Sin-le-Noble,59
59570,59380,Socx,59
59571,59730,Solesmes,59
59572,59740,Solre-le-Château,59
59573,59740,Solrinnes,59
59574,59490,Somain,59
59575,59213,Sommaing,59
59576,59380,Spycker,59
59577,59190,Staple,59
59578,59189,Steenbecque,59
59579,59380,Steene,59
59580,59114,Steenvoorde,59
59581,59181,Steenwerck,59
59582,59270,Strazeele,59
59583,59550,Taisnières-en-Thiérache,59
59584,59570,Taisnières-sur-Hon,59
59585,59175,Templemars,59
59586,59242,Templeuve-en-Pévèle,59
59587,59114,Terdeghem,59
59588,59229,Téteghem-Coudekerque-Village,59
59589,59224,Thiant,59
59590,59189,Thiennes,59
59591,59163,Thivencelle,59
59592,59239,Thumeries,59
59593,59141,Thun-l'Évêque,59
59594,59158,Thun-Saint-Amand,59
59595,59141,Thun-Saint-Martin,59
59596,59870,Tilloy-lez-Marchiennes,59
59597,59554,Tilloy-lez-Cambrai,59
59598,59390,Toufflers,59
59599,59200,Tourcoing,59
59600,59551,Tourmignies,59
59601,59132,Trélon,59
59602,59152,Tressin,59
59603,59125,Trith-Saint-Léger,59
59604,59980,Troisvilles,59
59605,59229,Uxem,59
59606,59300,Valenciennes,59
59607,59218,Vendegies-au-Bois,59
59608,59213,Vendegies-sur-Écaillon,59
59609,59175,Vendeville,59
59610,59227,Verchain-Maugré,59
59611,59237,Verlinghem,59
59612,59730,Vertain,59
59614,59271,Viesly,59
59615,59232,Vieux-Berquin,59
59616,59690,Vieux-Condé,59
59617,59138,Vieux-Mesnil,59
59618,59600,Vieux-Reng,59
59620,59234,Villers-au-Tertre,59
59622,59188,Villers-en-Cauchies,59
59623,59297,Villers-Guislain,59
59624,59142,Villers-Outréaux,59
59625,59231,Villers-Plouich,59
59626,59530,Villers-Pol,59
59627,59600,Villers-Sire-Nicole,59
59628,59470,Volckerinckhove,59
59629,59870,Vred,59
59630,59261,Wahagnies,59
59631,59127,Walincourt-Selvigny,59
59632,59135,Wallers,59
59633,59132,Wallers-en-Fagne,59
59634,59190,Wallon-Cappel,59
59635,59400,Wambaix,59
59636,59118,Wambrechies,59
59637,59870,Wandignies-Hamage,59
59638,59830,Wannehain,59
59639,59144,Wargnies-le-Grand,59
59640,59144,Wargnies-le-Petit,59
59641,59380,Warhem,59
59642,59870,Warlaing,59
59643,59560,Warneton,59
59645,59252,Wasnes-au-Bac,59
59646,59290,Wasquehal,59
59647,59143,Watten,59
59648,59139,Wattignies,59
59649,59680,Wattignies-la-Victoire,59
59650,59150,Wattrelos,59
59651,59220,Wavrechain-sous-Denain,59
59652,59111,Wavrechain-sous-Faulx,59
59653,59136,Wavrin,59
59654,59119,Waziers,59
59655,59670,Wemaers-Cappel,59
59656,59117,Wervicq-Sud,59
59657,59380,West-Cappel,59
59658,59134,Wicres,59
59659,59212,Wignehies,59
59660,59780,Willems,59
59661,59740,Willies,59
59662,59670,Winnezeele,59
59663,59470,Wormhout,59
59664,59143,Wulverdinghe,59
59665,59380,Wylder,59
59666,59470,Zegerscappel,59
59667,59670,Zermezeele,59
59668,59123,Zuydcoote,59
59669,59670,Zuytpeene,59
59670,59272,Don,59
60002,60430,Abbecourt,60
60003,60480,Abbeville-Saint-Lucien,60
60004,60690,Achy,60
60005,60620,Acy-en-Multien,60
60006,60700,Les Ageux,60
60007,60600,Agnetz,60
60008,60600,Airion,60
60009,60000,Allonne,60
60010,60110,Amblainville,60
60011,60310,Amy,60
60012,60570,Andeville,60
60013,60940,Angicourt,60
60014,60130,Angivillers,60
60015,60250,Angy,60
60016,60250,Ansacq,60
60017,60120,Ansauvillers,60
60019,60162,Antheuil-Portes,60
60021,60400,Appilly,60
60023,60880,Armancourt,60
60024,60190,Arsy,60
60025,60350,Attichy,60
60026,60360,Auchy-la-Montagne,60
60027,60800,Auger-Saint-Vincent,60
60028,60300,Aumont-en-Halatte,60
60029,60390,Auneuil,60
60030,60390,Auteuil,60
60031,60890,Autheuil-en-Valois,60
60032,60350,Autrêches,60
60033,60300,Avilly-Saint-Léonard,60
60034,60130,Avrechy,60
60036,60190,Avrigny,60
60037,60400,Babœuf,60
60038,60240,Bachivillers,60
60039,60120,Bacouël,60
60040,60190,Bailleul-le-Soc,60
60041,60930,Bailleul-sur-Thérain,60
60042,60140,Bailleval,60
60043,60170,Bailly,60
60044,60250,Balagny-sur-Thérain,60
60046,60620,Bargny,60
60050,60700,Bazicourt,60
60051,60210,Beaudéduit,60
60052,60640,Beaugies-sous-Bois,60
60053,60310,Beaulieu-les-Fontaines,60
60054,60390,Beaumont-les-Nonains,60
60055,60400,Beaurains-lès-Noyon,60
60057,60000,Beauvais,60
60059,60400,Béhéricourt,60
60060,60540,Belle-Église,60
60061,60490,Belloy,60
60063,60390,Berneuil-en-Bray,60
60064,60350,Berneuil-sur-Aisne,60
60065,60370,Berthecourt,60
60066,60129,Béthancourt-en-Valois,60
60067,60320,Béthisy-Saint-Martin,60
60068,60320,Béthisy-Saint-Pierre,60
60069,60620,Betz,60
60070,60280,Bienville,60
60071,60490,Biermont,60
60073,60650,Blacourt,60
60074,60460,Blaincourt-lès-Précy,60
60075,60120,Blancfossé,60
60076,60220,Blargies,60
60077,60860,Blicourt,60
60078,60190,Blincourt,60
60079,60440,Boissy-Fresnoy,60
60080,60240,Boissy-le-Bois,60
60081,60510,Bonlier,60
60082,60120,Bonneuil-les-Eaux,60
60083,60123,Bonneuil-en-Valois,60
60084,60112,Bonnières,60
60085,60120,Bonvillers,60
60086,60820,Boran-sur-Oise,60
60087,60300,Borest,60
60088,60540,Bornel,60
60089,60240,Boubiers,60
60090,60240,Bouconvillers,60
60091,60620,Bouillancy,60
60092,60620,Boullarre,60
60093,60490,Boulogne-la-Grasse,60
60094,60141,Boursonne,60
60095,60240,Boury-en-Vexin,60
60096,60220,Boutavent,60
60097,60590,Boutencourt,60
60098,60220,Bouvresse,60
60099,60113,Braisnes-sur-Aronde,60
60100,60810,Brasseuse,60
60101,60440,Brégy,60
60102,60870,Brenouille,60
60103,60510,Bresles,60
60106,60840,Breuil-le-Sec,60
60107,60600,Breuil-le-Vert,60
60108,60210,Briot,60
60109,60210,Brombos,60
60110,60220,Broquiers,60
60112,60130,Brunvillers-la-Motte,60
60113,60480,Bucamps,60
60114,60380,Buicourt,60
60115,60130,Bulles,60
60116,60250,Bury,60
60118,60400,Caisnes,60
60119,60170,Cambronne-lès-Ribécourt,60
60120,60290,Cambronne-lès-Clermont,60
60122,60220,Campeaux,60
60123,60480,Campremy,60
60124,60310,Candor,60
60125,60680,Canly,60
60126,60310,Cannectancourt,60
60127,60310,Canny-sur-Matz,60
60128,60220,Canny-sur-Thérain,60
60129,60170,Carlepont,60
60130,60840,Catenoy,60
60131,60360,Catheux,60
60132,60640,Catigny,60
60133,60130,Catillon-Fumechon,60
60134,60290,Cauffry,60
60135,60730,Cauvigny,60
60136,60210,Cempuis,60
60137,60190,Cernoy,60
60138,60300,Chamant,60
60139,60230,Chambly,60
60140,60240,Chambors,60
60141,60500,Chantilly,60
60142,60520,La Chapelle-en-Serval,60
60143,60240,Chaumont-en-Vexin,60
60144,60240,Chavençon,60
60145,60350,Chelles,60
60146,60120,Chepoix,60
60147,60150,Chevincourt,60
60148,60440,Chèvreville,60
60150,60138,Chiry-Ourscamp,60
60151,60750,Choisy-au-Bac,60
60152,60190,Choisy-la-Victoire,60
60153,60360,Choqueuse-les-Bénards,60
60154,60940,Cinqueux,60
60155,60660,Cires-lès-Mello,60
60156,60280,Clairoix,60
60158,60420,Coivrel,60
60159,60200,Compiègne,60
60160,60490,Conchy-les-Pots,60
60162,60110,Corbeil-Cerf,60
60164,60850,Le Coudray-Saint-Germer,60
60165,60430,Le Coudray-sur-Thelle,60
60166,60150,Coudun,60
60167,60350,Couloisy,60
60168,60420,Courcelles-Epayelles,60
60169,60240,Courcelles-lès-Gisors,60
60170,60300,Courteuil,60
60171,60350,Courtieux,60
60172,60580,Coye-la-Forêt,60
60173,60660,Cramoisy,60
60174,60310,Crapeaumesnil,60
60175,60100,Creil,60
60176,60800,Crépy-en-Valois,60
60177,60190,Cressonsacq,60
60178,60360,Crèvecœur-le-Grand,60
60179,60420,Crèvecœur-le-Petit,60
60180,60112,Crillon,60
60181,60400,Crisolles,60
60182,60120,Le Crocq,60
60183,60120,Croissy-sur-Celle,60
60184,60350,Croutoy,60
60185,60530,Crouy-en-Thelle,60
60186,60130,Cuignières,60
60187,60850,Cuigy-en-Bray,60
60188,60350,Cuise-la-Motte,60
60189,60400,Cuts,60
60190,60620,Cuvergnon,60
60191,60490,Cuvilly,60
60192,60310,Cuy,60
60193,60210,Daméraucourt,60
60194,60210,Dargies,60
60195,60240,Delincourt,60
60196,60790,La Drenne,60
60197,60530,Dieudonné,60
60198,60310,Dives,60
60199,60360,Doméliers,60
60200,60420,Domfront,60
60201,60420,Dompierre,60
60203,60800,Duvy,60
60204,60310,Écuvilly,60
60205,60210,Élencourt,60
60206,60157,Élincourt-Sainte-Marguerite,60
60207,60123,Éméville,60
60208,60590,Énencourt-Léage,60
60209,60240,Énencourt-le-Sec,60
60210,60190,Épineuse,60
60211,60590,Éragny-sur-Epte,60
60212,60530,Ercuis,60
60213,60950,Ermenonville,60
60214,60380,Ernemont-Boutavent,60
60215,60600,Erquery,60
60216,60130,Erquinvillers,60
60217,60380,Escames,60
60218,60110,Esches,60
60219,60220,Escles-Saint-Pierre,60
60220,60650,Espaubourg,60
60221,60120,Esquennoy,60
60222,60510,Essuiles,60
60223,60190,Estrées-Saint-Denis,60
60224,60620,Étavigny,60
60225,60600,Étouy,60
60226,60330,Ève,60
60227,60310,Évricourt,60
60228,60240,Fay-les-Étangs,60
60229,60680,Le Fayel,60
60230,60510,Le Fay-Saint-Quentin,60
60231,60800,Feigneux,60
60233,60960,Feuquières,60
60234,60600,Fitz-James,60
60235,60590,Flavacourt,60
60236,60640,Flavy-le-Meldeux,60
60237,60120,Fléchy,60
60238,60700,Fleurines,60
60240,60360,Fontaine-Bonneleau,60
60241,60300,Fontaine-Chaalis,60
60242,60690,Fontaine-Lavaganne,60
60243,60480,Fontaine-Saint-Lucien,60
60244,60380,Fontenay-Torcy,60
60245,60220,Formerie,60
60247,60190,Fouilleuse,60
60248,60220,Fouilloy,60
60249,60250,Foulangues,60
60250,60000,Fouquenies,60
60251,60510,Fouquerolles,60
60252,60130,Fournival,60
60253,60480,Francastel,60
60254,60190,Francières,60
60255,60640,Fréniches,60
60256,60240,Fresneaux-Montchevreuil,60
60257,60240,Fresne-Léguillon,60
60258,60310,Fresnières,60
60259,60530,Fresnoy-en-Thelle,60
60260,60127,Fresnoy-la-Rivière,60
60261,60800,Fresnoy-le-Luat,60
60262,60420,Le Frestoy-Vaux,60
60263,60640,Frétoy-le-Château,60
60264,60000,Frocourt,60
60265,60480,Froissy,60
60267,60360,Le Gallet,60
60268,60120,Gannes,60
60269,60210,Gaudechart,60
60270,60400,Genvry,60
60271,60380,Gerberoy,60
60272,60129,Gilocourt,60
60274,60129,Glaignes,60
60276,60420,Godenvillers,60
60277,60000,Goincourt,60
60278,60640,Golancourt,60
60280,60220,Gourchelles,60
60281,60190,Gournay-sur-Aronde,60
60282,60270,Gouvieux,60
60283,60120,Gouy-les-Groseillers,60
60284,60680,Grandfresnoy,60
60285,60190,Grandvillers-aux-Bois,60
60287,60400,Grandrû,60
60288,60380,Grémévillers,60
60289,60210,Grez,60
60290,60480,Guignecourt,60
60291,60640,Guiscard,60
60292,60310,Gury,60
60293,60240,Hadancourt-le-Haut-Clocher,60
60294,60490,Hainvillers,60
60295,60210,Halloy,60
60296,60650,Hannaches,60
60297,60210,Le Hamel,60
60298,60650,Hanvoile,60
60299,60120,Hardivillers,60
60300,60240,Hardivillers-en-Vexin,60
60301,60112,Haucourt,60
60302,60510,Haudivillers,60
60303,60210,Hautbos,60
60304,60690,Haute-Épine,60
60305,60350,Hautefontaine,60
60307,60250,Heilles,60
60308,60190,Hémévillers,60
60309,60119,Hénonville,60
60310,60112,Herchies,60
60311,60120,La Hérelle,60
60312,60380,Héricourt-sur-Thérain,60
60313,60370,Hermes,60
60314,60360,Hétomesnil,60
60315,60650,Hodenc-en-Bray,60
60316,60430,Hodenc-l'Évêque,60
60317,60250,Hondainville,60
60318,60710,Houdancourt,60
60319,60390,La Houssoye,60
60320,60141,Ivors,60
60321,60173,Ivry-le-Temple,60
60322,60240,Jaméricourt,60
60324,60350,Jaulzy,60
60325,60880,Jaux,60
60327,60240,Jouy-sous-Thelle,60
60328,60112,Juvignies,60
60329,60310,Laberlière,60
60330,60570,Laboissière-en-Thelle,60
60331,60590,Labosse,60
60333,60650,Lachapelle-aux-Pots,60
60334,60730,Lachapelle-Saint-Pierre,60
60335,60380,Lachapelle-sous-Gerberoy,60
60336,60480,Lachaussée-du-Bois-d'Écu,60
60337,60190,Lachelle,60
60338,60610,Lacroix-Saint-Ouen,60
60339,60510,Lafraye,60
60340,60310,Lagny,60
60341,60330,Lagny-le-Sec,60
60342,60290,Laigneville,60
60343,60590,Lalande-en-Son,60
60344,60850,Lalandelle,60
60345,60600,Lamécourt,60
60346,60260,Lamorlaye,60
60347,60220,Lannoy-Cuillère,60
60348,60400,Larbroye,60
60350,60310,Lassigny,60
60351,60490,Lataule,60
60352,60240,Lattainville,60
60353,60120,Lavacquerie,60
60354,60210,Laverrière,60
60355,60510,Laversines,60
60356,60240,Lavilletertre,60
60357,60420,Léglantiers,60
60358,60800,Lévignen,60
60359,60650,Lhéraule,60
60360,60140,Liancourt,60
60361,60240,Liancourt-Saint-Pierre,60
60362,60640,Libermont,60
60363,60240,Lierville,60
60364,60130,Lieuvillers,60
60365,60360,Lihus,60
60366,60510,Litz,60
60367,60240,Loconville,60
60368,60150,Longueil-Annel,60
60369,60126,Longueil-Sainte-Marie,60
60370,60110,Lormaison,60
60371,60380,Loueuse,60
60372,60360,Luchy,60
60373,60150,Machemont,60
60374,60420,Maignelay-Montigny,60
60375,60600,Maimbeville,60
60376,60112,Maisoncelle-Saint-Pierre,60
60377,60480,Maisoncelle-Tuilerie,60
60378,60490,Marest-sur-Matz,60
60379,60490,Mareuil-la-Motte,60
60380,60890,Mareuil-sur-Ourcq,60
60381,60310,Margny-aux-Cerises,60
60382,60280,Margny-lès-Compiègne,60
60383,60490,Margny-sur-Matz,60
60386,60490,Marquéglise,60
60387,60690,Marseille-en-Beauvaisis,60
60389,60640,Maucourt,60
60390,60480,Maulers,60
60391,60660,Maysel,60
60392,60150,Mélicocq,60
60393,60660,Mello,60
60394,60420,Ménévillers,60
60395,60110,Méru,60
60396,60420,Méry-la-Bataille,60
60397,60210,Le Mesnil-Conteville,60
60398,60530,Le Mesnil-en-Thelle,60
60399,60120,Le Mesnil-Saint-Firmin,60
60400,60130,Le Mesnil-sur-Bulles,60
60401,60240,Le Mesnil-Théribus,60
60402,60880,Le Meux,60
60403,60112,Milly-sur-Thérain,60
60404,60140,Mogneville,60
60405,60220,Moliens,60
60406,60940,Monceaux,60
60407,60220,Monceaux-l'Abbaye,60
60408,60113,Monchy-Humières,60
60409,60290,Monchy-Saint-Éloi,60
60410,60400,Mondescourt,60
60411,60240,Monneville,60
60412,60240,Montagny-en-Vexin,60
60413,60950,Montagny-Sainte-Félicité,60
60414,60160,Montataire,60
60415,60810,Montépilloy,60
60416,60420,Montgérain,60
60418,60190,Montiers,60
60420,60240,Montjavoult,60
60421,60300,Mont-l'Évêque,60
60422,60300,Montlognon,60
60423,60150,Montmacq,60
60424,60190,Montmartin,60
60425,60480,Montreuil-sur-Brêche,60
60426,60134,Montreuil-sur-Thérain,60
60428,60650,Le Mont-Saint-Adrien,60
60429,60530,Morangles,60
60430,60127,Morienval,60
60431,60400,Morlincourt,60
60433,60570,Mortefontaine-en-Thelle,60
60434,60490,Mortemer,60
60435,60380,Morvillers,60
60436,60120,Mory-Montcrux,60
60437,60250,Mouchy-le-Châtel,60
60438,60350,Moulin-sous-Touvent,60
60439,60250,Mouy,60
60440,60190,Moyenneville,60
60441,60190,Moyvillers,60
60442,60480,Muidorge,60
60443,60640,Muirancourt,60
60444,60220,Mureaumont,60
60445,60400,Nampcel,60
60446,60440,Nanteuil-le-Haudouin,60
60447,60320,Néry,60
60448,60890,Neufchelles,60
60449,60190,Neufvy-sur-Aronde,60
60450,60530,Neuilly-en-Thelle,60
60451,60290,Neuilly-sous-Clermont,60
60452,60119,Neuville-Bosc,60
60453,60790,La Neuville-d'Aumont,60
60454,60510,La Neuville-en-Hez,60
60455,60390,La Neuville-Garnier,60
60456,60190,La Neuville-Roy,60
60457,60480,La Neuville-Saint-Pierre,60
60458,60690,La Neuville-sur-Oudeuil,60
60459,60490,La Neuville-sur-Ressons,60
60460,60112,La Neuville-Vault,60
60461,60510,Nivillers,60
60463,60180,Nogent-sur-Oise,60
60464,60840,Nointel,60
60465,60480,Noirémont,60
60466,60130,Noroy,60
60468,60130,Nourard-le-Franc,60
60469,60730,Novillers,60
60470,60480,Noyers-Saint-Martin,60
60471,60400,Noyon,60
60472,60210,Offoy,60
60474,60310,Ognolles,60
60475,60810,Ognon,60
60476,60220,Omécourt,60
60477,60650,Ons-en-Bray,60
60478,60620,Ormoy-le-Davien,60
60479,60800,Ormoy-Villers,60
60480,60510,Oroër,60
60481,60129,Orrouy,60
60482,60560,Orry-la-Ville,60
60483,60490,Orvillers-Sorel,60
60484,60860,Oudeuil,60
60485,60480,Oursel-Maison,60
60486,60120,Paillart,60
60487,60240,Parnes,60
60488,60400,Passel,60
60489,60440,Péroy-les-Gombries,60
60490,60112,Pierrefitte-en-Beauvaisis,60
60491,60350,Pierrefonds,60
60492,60170,Pimprez,60
60493,60860,Pisseleu,60
60494,60128,Plailly,60
60495,60130,Plainval,60
60497,60130,Le Plessier-sur-Bulles,60
60498,60130,Le Plessier-sur-Saint-Just,60
60499,60310,Plessis-de-Roye,60
60500,60330,Le Plessis-Belleville,60
60501,60150,Le Plessis-Brion,60
60502,60640,Le Plessis-Patte-d'Oie,60
60503,60420,Le Ployron,60
60504,60430,Ponchon,60
60505,60520,Pontarmé,60
60507,60400,Pontoise-lès-Noyon,60
60508,60700,Pontpoint,60
60509,60700,Pont-Sainte-Maxence,60
60510,60390,Porcheux,60
60511,60400,Porquéricourt,60
60513,60460,Précy-sur-Oise,60
60514,60360,Prévillers,60
60515,60190,Pronleroy,60
60516,60850,Puiseux-en-Bray,60
60517,60540,Puiseux-le-Hauberger,60
60518,60480,Puits-la-Vallée,60
60519,60640,Quesmy,60
60520,60480,Le Quesnel-Aubry,60
60521,60220,Quincampoix-Fleuzy,60
60522,60130,Quinquempoix,60
60523,60155,Rainvillers,60
60524,60290,Rantigny,60
60525,60810,Raray,60
60526,60130,Ravenel,60
60527,60620,Réez-Fosse-Martin,60
60528,60240,Reilly,60
60529,60600,Rémécourt,60
60530,60510,Rémérangles,60
60531,60190,Remy,60
60532,60790,Ressons-l'Abbaye,60
60533,60490,Ressons-sur-Matz,60
60534,60153,Rethondes,60
60535,60480,Reuil-sur-Brêche,60
60536,60410,Rhuis,60
60537,60170,Ribécourt-Dreslincourt,60
60538,60490,Ricquebourg,60
60540,60126,Rivecourt,60
60541,60410,Roberval,60
60542,60510,Rochy-Condé,60
60543,60800,Rocquemont,60
60544,60120,Rocquencourt,60
60545,60220,Romescamps,60
60547,60140,Rosoy,60
60548,60620,Rosoy-en-Multien,60
60549,60360,Rotangy,60
60550,60690,Rothois,60
60551,60660,Rousseloy,60
60552,60800,Rouville,60
60553,60190,Rouvillers,60
60554,60620,Rouvres-en-Multien,60
60555,60120,Rouvroy-les-Merles,60
60556,60420,Royaucourt,60
60557,60690,Roy-Boissy,60
60558,60310,Roye-sur-Matz,60
60559,60510,La Rue-Saint-Pierre,60
60560,60810,Rully,60
60561,60117,Russy-Bémont,60
60562,60700,Sacy-le-Grand,60
60563,60190,Sacy-le-Petit,60
60564,60420,Sains-Morainvillers,60
60565,60480,Saint-André-Farivillers,60
60567,60650,Saint-Aubin-en-Bray,60
60568,60600,Saint-Aubin-sous-Erquery,60
60569,60170,Saint-Crépin-aux-Bois,60
60570,60149,Saint-Crépin-Ibouvillers,60
60571,60380,Saint-Deniscourt,60
60572,60350,Saint-Étienne-Roilaye,60
60573,60480,Sainte-Eusoye,60
60576,60650,Saint-Germain-la-Poterie,60
60577,60850,Saint-Germer-de-Fly,60
60578,60410,Saintines,60
60581,60130,Saint-Just-en-Chaussée,60
60582,60170,Saint-Léger-aux-Bois,60
60583,60155,Saint-Léger-en-Bray,60
60584,60340,Saint-Leu-d'Esserent,60
60585,60420,Saint-Martin-aux-Bois,60
60586,60000,Saint-Martin-le-Nœud,60
60587,60700,Saint-Martin-Longueau,60
60590,60860,Saint-Omer-en-Chaussée,60
60592,60850,Saint-Pierre-es-Champs,60
60593,60350,Saint-Pierre-lès-Bitry,60
60594,60380,Saint-Quentin-des-Prés,60
60595,60130,Saint-Remy-en-l'Eau,60
60596,60220,Saint-Samson-la-Poterie,60
60600,60410,Saint-Vaast-de-Longmont,60
60601,60660,Saint-Vaast-lès-Mello,60
60602,60220,Saint-Valery,60
60603,60400,Salency,60
60604,60210,Sarcus,60
60605,60210,Sarnois,60
60608,60360,Le Saulchoy,60
60609,60650,Savignies,60
60610,60400,Sempigny,60
60612,60300,Senlis,60
60613,60240,Senots,60
60614,60240,Serans,60
60615,60120,Sérévillers,60
60616,60590,Sérifontaine,60
60617,60400,Sermaize,60
60618,60800,Séry-Magneval,60
60619,60330,Silly-le-Long,60
60620,60430,Silly-Tillard,60
60621,60310,Solente,60
60622,60210,Sommereux,60
60623,60380,Songeons,60
60625,60400,Suzoy,60
60626,60590,Talmontiers,60
60627,60120,Tartigny,60
60628,60510,Therdonne,60
60629,60380,Thérines,60
60630,60240,Thibivillers,60
60631,60520,Thiers-sur-Thève,60
60632,60310,Thiescourt,60
60633,60210,Thieuloy-Saint-Antoine,60
60634,60480,Thieux,60
60635,60160,Thiverny,60
60636,60150,Thourotte,60
60637,60890,Thury-en-Valois,60
60638,60250,Thury-sous-Clermont,60
60639,60000,Tillé,60
60640,60240,Tourly,60
60641,60170,Tracy-le-Mont,60
60642,60170,Tracy-le-Val,60
60643,60420,Tricot,60
60644,60590,Trie-Château,60
60645,60590,Trie-la-Ville,60
60646,60112,Troissereux,60
60647,60350,Trosly-Breuil,60
60648,60120,Troussencourt,60
60649,60390,Troussures,60
60650,60800,Trumilly,60
60651,60730,Ully-Saint-Georges,60
60652,60790,Valdampierre,60
60653,60130,Valescourt,60
60654,60490,Vandélicourt,60
60655,60400,Varesnes,60
60656,60890,Varinfroy,60
60657,60400,Vauchelles,60
60659,60240,Vaudancourt,60
60660,60590,Le Vaumain,60
60661,60117,Vaumoise,60
60662,60390,Le Vauroux,60
60663,60510,Velennes,60
60664,60120,Vendeuil-Caply,60
60665,60280,Venette,60
60666,60950,Ver-sur-Launette,60
60667,60410,Verberie,60
60668,60112,Verderel-lès-Sauqueuse,60
60669,60140,Verderonne,60
60670,60550,Verneuil-en-Halatte,60
60672,60117,Vez,60
60673,60360,Viefvillers,60
60674,60350,Vieux-Moulin,60
60675,60162,Vignemont,60
60676,60400,Ville,60
60677,60650,Villembray,60
60678,60175,Villeneuve-les-Sablons,60
60679,60890,La Villeneuve-sous-Thury,60
60680,60410,Villeneuve-sur-Verberie,60
60681,60650,Villers-Saint-Barthélemy,60
60682,60810,Villers-Saint-Frambourg,60
60683,60620,Villers-Saint-Genest,60
60684,60870,Villers-Saint-Paul,60
60685,60134,Villers-Saint-Sépulcre,60
60686,60340,Villers-sous-Saint-Leu,60
60687,60650,Villers-sur-Auchy,60
60688,60860,Villers-sur-Bonnières,60
60689,60150,Villers-sur-Coudun,60
60690,60590,Villers-sur-Trie,60
60691,60380,Villers-Vermont,60
60692,60120,Villers-Vicomte,60
60693,60640,Villeselve,60
60694,60390,Villotran,60
60695,60500,Vineuil-Saint-Firmin,60
60697,60112,Vrocourt,60
60698,60420,Wacquemoulin,60
60699,60380,Wambez,60
60700,60430,Warluis,60
60701,60130,Wavignies,60
60702,60420,Welles-Pérennes,60
60703,60000,Aux Marais,60
61001,61000,Alençon,61
61002,61570,Almenêches,61
61005,61130,Appenai-sous-Bellême,61
61006,61200,Argentan,61
61007,61100,Athis-Val de Rouvre,61
61009,61160,Aubry-en-Exmes,61
61010,61120,Aubry-le-Panthou,61
61012,61270,Auguaise,61
61013,61500,Aunay-les-Bois,61
61014,61200,Aunou-le-Faucon,61
61015,61500,Aunou-sur-Orne,61
61017,61240,Les Authieux-du-Puits,61
61018,61470,Avernes-Saint-Gourgon,61
61019,61310,Avernes-sous-Exmes,61
61024,61450,Banvou,61
61028,61210,Bazoches-au-Houlme,61
61029,61560,Bazoches-sur-Hoëne,61
61032,61270,Beaufai,61
61035,61600,Beauvain,61
61036,61500,Belfonds,61
61037,61360,Bellavilliers,61
61038,61130,Bellême,61
61039,61570,La Bellière,61
61040,61220,Bellou-en-Houlme,61
61041,61130,Bellou-le-Trichard,61
61043,61340,Berd'huis,61
61044,61430,Berjou,61
61046,61290,Bizou,61
61048,61560,Boëcé,61
61049,61570,Boissei-la-Lande,61
61050,61110,Cour-Maugis sur Huisne,61
61051,61500,Boitron,61
61052,61270,Bonnefoi,61
61053,61380,Bonsmoulins,61
61054,61470,Le Bosc-Renoult,61
61056,61500,Le Bouillon,61
61057,61310,Le Bourg-Saint-Léonard,61
61060,61270,Brethel,61
61061,61110,Bretoncelles,61
61062,61160,Brieux,61
61063,61220,Briouze,61
61064,61390,Brullemail,61
61066,61170,Buré,61
61068,61500,Bursard,61
61069,61430,Cahan,61
61070,61100,Caligny,61
61071,61120,Camembert,61
61074,61320,Carrouges,61
61075,61330,Ceaucé,61
61076,61500,Le Cercueil,61
61077,61000,Cerisé,61
61078,61100,Cerisy-Belle-Étoile,61
61079,61260,Ceton,61
61080,61320,Chahains,61
61081,61240,Chailloué,61
61082,61390,Le Chalange,61
61084,61210,Champcerie,61
61085,61320,Le Champ-de-la-Pierre,61
61086,61120,Les Champeaux,61
61087,61560,Champeaux-sur-Sarthe,61
61088,61240,Champ-Haut,61
61089,61120,Champosoult,61
61091,61700,Champsecret,61
61092,61300,Chandai,61
61093,61800,Chanu,61
61094,61100,La Chapelle-au-Moine,61
61095,61100,La Chapelle-Biche,61
61096,61140,Rives d'Andaine,61
61097,61400,La Chapelle-Montligeon,61
61098,61500,La Chapelle-près-Sées,61
61099,61130,La Chapelle-Souëf,61
61100,61270,La Chapelle-Viel,61
61101,61570,Le Château-d'Almenêches,61
61105,61360,Chemilli,61
61107,61320,Ciral,61
61108,61230,Cisai-Saint-Aubin,61
61110,61310,La Cochère,61
61113,61400,Comblot,61
61114,61200,Commeaux,61
61116,61110,Sablons sur Huisne,61
61117,61250,Condé-sur-Sarthe,61
61118,61400,Corbon,61
61120,61160,Coudehard,61
61121,61360,Coulimer,61
61122,61230,Coulmer,61
61123,61160,Coulonces,61
61124,61220,La Coulonche,61
61126,61170,Coulonges-sur-Sarthe,61
61129,61400,Courgeon,61
61130,61560,Courgeoût,61
61131,61310,Courménil,61
61133,61390,Courtomer,61
61137,61220,Craménil,61
61139,61120,Crouttes,61
61140,61300,Crulai,61
61141,61250,Cuissai,61
61142,61130,Dame-Marie,61
61143,61250,Damigny,61
61145,61700,Domfront en Poiraie,61
61148,61100,Durcet,61
61149,61440,Échalou,61
61150,61370,Échauffour,61
61151,61270,Écorcei,61
61152,61160,Écorches,61
61153,61150,Écouché-les-Vallées,61
61154,61400,Eperrais,61
61156,61500,Essay,61
61157,61310,Exmes,61
61159,61390,Fay,61
61161,61160,Fel,61
61162,61380,La Ferrière-au-Doyen,61
61163,61450,La Ferrière-aux-Étangs,61
61164,61500,La Ferrière-Béchet,61
61165,61420,La Ferrière-Bochard,61
61166,61390,Ferrières-la-Verrerie,61
61167,61470,La Ferté-en-Ouche,61
61168,61410,La Ferté Macé,61
61169,61100,Flers,61
61170,61200,Fleuré,61
61171,61160,Fontaine-les-Bassets,61
61172,61420,Fontenai-les-Louvets,61
61173,61200,Fontenai-sur-Orne,61
61178,61230,La Fresnaie-Fayel,61
61180,61120,Fresnay-le-Samson,61
61181,61230,Gacé,61
61182,61420,Gandelain,61
61183,61390,Gâprée,61
61187,61270,Les Genettes,61
61188,61240,La Genevraie,61
61189,61210,Giel-Courteilles,61
61190,61310,Ginai,61
61192,61240,Godisson,61
61193,61550,La Gonfrière,61
61194,61150,Monts-sur-Orne,61
61195,61600,Le Grais,61
61196,61130,Belforêt-en-Perche,61
61197,61160,Guêprei,61
61198,61120,Guerquesalles,61
61199,61210,Habloville,61
61203,61250,Héloup,61
61206,61290,L'Hôme-Chamondot,61
61207,61130,Igé,61
61208,61190,Irai,61
61209,61320,Joué-du-Bois,61
61210,61150,Joué-du-Plain,61
61211,61140,Juvigny Val d'Andaine,61
61212,61200,Juvigny-sur-Orne,61
61213,61320,Lalacelle,61
61214,61300,L'Aigle,61
61215,61170,Laleu,61
61216,61320,La Lande-de-Goult,61
61217,61210,La Lande-de-Lougé,61
61218,61100,La Lande-Patry,61
61219,61100,La Lande-Saint-Siméon,61
61221,61100,Landigou,61
61222,61100,Landisacq,61
61225,61240,Lignères,61
61227,61220,Lignou,61
61228,61420,Livaie,61
61229,61400,Loisail,61
61230,61290,Longny les Villages,61
61231,61320,Longuenoë,61
61232,61700,Lonlay-l'Abbaye,61
61233,61600,Lonlay-le-Tesson,61
61234,61250,Lonrai,61
61237,61150,Lougé-sur-Maire,61
61238,61160,Louvières-en-Auge,61
61240,61500,Macé,61
61241,61110,La Madeleine-Bouvet,61
61242,61290,Le Mage,61
61243,61600,Magny-le-Désert,61
61244,61380,Mahéru,61
61248,61350,Mantilly,61
61251,61170,Marchemaisons,61
61252,61230,Mardilly,61
61255,61400,Mauves-sur-Huisne,61
61256,61570,Médavy,61
61257,61410,Méhoudin,61
61258,61170,Le Mêle-sur-Sarthe,61
61259,61270,Le Ménil-Bérard,61
61260,61220,Le Ménil-de-Briouze,61
61261,61250,Le Ménil-Broût,61
61262,61800,Le Ménil-Ciboult,61
61263,61250,Ménil-Erreux,61
61264,61240,Ménil-Froger,61
61265,61210,Ménil-Gondouin,61
61266,61170,Le Ménil-Guyon,61
61267,61210,Ménil-Hermei,61
61268,61230,Ménil-Hubert-en-Exmes,61
61269,61430,Ménil-Hubert-sur-Orne,61
61271,61320,Le Ménil-Scelleur,61
61272,61240,Le Ménil-Vicomte,61
61273,61210,Ménil-Vin,61
61274,61290,Les Menus,61
61275,61240,Le Merlerault,61
61276,61160,Merri,61
61277,61560,La Mesnière,61
61278,61440,Messei,61
61279,61250,Mieuxcé,61
61281,61800,Moncy,61
61283,61160,Montabard,61
61284,61170,Montchevrel,61
61285,61150,Montgaroult,61
61286,61360,Montgaudry,61
61287,61100,Montilly-sur-Noireau,61
61288,61570,Montmerrei,61
61289,61160,Mont-Ormel,61
61290,61210,Montreuil-au-Houlme,61
61291,61160,Montreuil-la-Cambe,61
61292,61800,Montsecret-Clairefougère,61
61293,61400,Mortagne-au-Perche,61
61294,61570,Mortrée,61
61295,61600,La Motte-Fouquet,61
61297,61380,Moulins-la-Marche,61
61298,61200,Moulins-sur-Orne,61
61299,61190,Moussonvilliers,61
61300,61110,Moutiers-au-Perche,61
61301,61500,Neauphe-sous-Essai,61
61302,61160,Neauphe-sur-Dive,61
61303,61160,Nécy,61
61304,61250,Neuilly-le-Bisson,61
61307,61120,Neuville-sur-Touques,61
61308,61210,Neuvy-au-Houlme,61
61309,61340,Perche en Nocé,61
61310,61240,Nonant-le-Pin,61
61311,61190,Normandel,61
61314,61200,Occagnes,61
61315,61160,Omméel,61
61316,61160,Ommoy,61
61318,61130,Origny-le-Butin,61
61319,61130,Origny-le-Roux,61
61323,61290,Le Pas-Saint-l'Homer,61
61324,61350,Passais Villages,61
61325,61360,La Perrière,61
61326,61700,Perrou,61
61327,61360,Pervenchères,61
61328,61310,Le Pin-au-Haras,61
61329,61400,Le Pin-la-Garenne,61
61330,61370,Planches,61
61331,61170,Le Plantis,61
61332,61220,Pointel,61
61333,61120,Pontchardon,61
61336,61130,Pouvrai,61
61339,61210,Putanges-le-Lac,61
61341,61250,Écouves,61
61342,61270,Rai,61
61344,61150,Rânes,61
61345,61110,Rémalard en Perche,61
61346,61120,Le Renouard,61
61347,61230,Résenlieu,61
61349,61210,Ri,61
61350,61420,La Roche-Mabile,61
61351,61120,Roiville,61
61352,61160,Rônai,61
61357,61320,Rouperroux,61
61358,61200,Sai,61
61360,61170,Saint-Agnan-sur-Sarthe,61
61361,61220,Saint-André-de-Briouze,61
61362,61440,Saint-André-de-Messei,61
61363,61380,Saint-Aquilin-de-Corbion,61
61365,61170,Saint-Aubin-d'Appenai,61
61366,61470,Saint-Aubin-de-Bonneval,61
61367,61560,Saint-Aubin-de-Courteraie,61
61369,61700,Saint-Bômer-les-Forges,61
61371,61150,Saint-Brice-sous-Rânes,61
61372,61250,Saint-Céneri-le-Gérei,61
61373,61380,Sainte-Céronne-lès-Mortagne,61
61374,61800,Saint-Christophe-de-Chaulieu,61
61375,61570,Boischampré,61
61376,61490,Saint-Clair-de-Halouze,61
61379,61130,Saint-Cyr-la-Rosière,61
61381,61400,Saint-Denis-sur-Huisne,61
61382,61420,Saint-Denis-sur-Sarthon,61
61383,61320,Saint-Didier-sous-Écouves,61
61384,61320,Saint-Ellier-les-Bois,61
61385,61230,Saint-Evroult-de-Montfort,61
61386,61550,Saint-Evroult-Notre-Dame-du-Bois,61
61387,61350,Saint-Fraimbault,61
61388,61130,Saint-Fulgent-des-Ormes,61
61389,61370,Sainte-Gauburge-Sainte-Colombe,61
61390,61600,Saint-Georges-d'Annebecq,61
61391,61100,Saint-Georges-des-Groseillers,61
61392,61470,Saint-Germain-d'Aunay,61
61393,61240,Saint-Germain-de-Clairefeuille,61
61394,61130,Saint-Germain-de-la-Coudre,61
61395,61110,Saint-Germain-des-Grois,61
61396,61560,Saint-Germain-de-Martigny,61
61397,61000,Saint-Germain-du-Corbéis,61
61398,61390,Saint-Germain-le-Vieux,61
61399,61160,Saint-Gervais-des-Sablons,61
61400,61500,Saint-Gervais-du-Perron,61
61401,61700,Saint-Gilles-des-Marais,61
61402,61220,Saint-Hilaire-de-Briouze,61
61403,61500,Saint-Hilaire-la-Gérard,61
61404,61400,Saint-Hilaire-le-Châtel,61
61405,61340,Saint-Hilaire-sur-Erre,61
61406,61270,Saint-Hilaire-sur-Risle,61
61407,61430,Sainte-Honorine-la-Chardonne,61
61408,61210,Sainte-Honorine-la-Guillaume,61
61411,61360,Saint-Jouin-de-Blavou,61
61412,61170,Saint-Julien-sur-Sarthe,61
61413,61160,Saint-Lambert-sur-Dive,61
61414,61400,Saint-Langis-lès-Mortagne,61
61415,61170,Saint-Léger-sur-Sarthe,61
61416,61390,Saint-Léonard-des-Parcs,61
61418,61400,Saint-Mard-de-Réno,61
61419,61320,Sainte-Marguerite-de-Carrouges,61
61420,61320,Sainte-Marie-la-Robert,61
61421,61350,Saint-Mars-d'Égrenne,61
61422,61270,Les Aspres,61
61423,61300,Saint-Martin-d'Écublei,61
61424,61320,Saint-Martin-des-Landes,61
61425,61380,Saint-Martin-des-Pézerits,61
61426,61130,Saint-Martin-du-Vieux-Bellême,61
61427,61320,Saint-Martin-l'Aiguillon,61
61432,61300,Saint-Michel-Tubœuf,61
61435,61550,Saint-Nicolas-de-Sommaire,61
61436,61100,Sainte-Opportune,61
61437,61130,Saint-Ouen-de-la-Cour,61
61438,61560,Saint-Ouen-de-Sécherouvre,61
61439,61410,Saint-Ouen-le-Brisoult,61
61440,61300,Saint-Ouen-sur-Iton,61
61442,61600,Saint-Patrice-du-Désert,61
61444,61430,Saint-Philbert-sur-Orne,61
61446,61370,Saint-Pierre-des-Loges,61
61447,61790,Saint-Pierre-du-Regard,61
61448,61340,Saint-Pierre-la-Bruyère,61
61449,61310,Saint-Pierre-la-Rivière,61
61450,61360,Saint-Quentin-de-Blavou,61
61451,61800,Saint-Quentin-les-Chardonnets,61
61452,61350,Saint-Roch-sur-Égrenne,61
61453,61320,Saint-Sauveur-de-Carrouges,61
61454,61170,Sainte-Scolasse-sur-Sarthe,61
61456,61300,Saint-Sulpice-sur-Risle,61
61457,61300,Saint-Symphorien-des-Bruyères,61
61459,61220,Saires-la-Verrerie,61
61460,61120,Sap-en-Auge,61
61461,61230,Le Sap-André,61
61462,61200,Sarceaux,61
61463,61600,Les Monts d'Andaine,61
61464,61500,Sées,61
61466,61100,La Selle-la-Forge,61
61467,61250,Semallé,61
61468,61150,Sentilly,61
61471,61130,Sérigny,61
61472,61200,Sévigny,61
61473,61150,Sevrai,61
61474,61310,Gouffern en Auge,61
61475,61380,Soligny-la-Trappe,61
61476,61360,Suré,61
61477,61310,Survie,61
61479,61150,Tanques,61
61480,61500,Tanville,61
61481,61390,Tellières-le-Plessis,61
61482,61410,Tessé-Froulay,61
61483,61140,Bagnoles de l'Orne Normandie,61
61484,61130,Val-au-Perche,61
61485,61120,Ticheville,61
61486,61800,Tinchebray-Bocage,61
61487,61330,Torchamp,61
61488,61550,Touquettes,61
61490,61160,Tournai-sur-Dive,61
61491,61190,Tourouvre au Perche,61
61492,61390,Trémont,61
61493,61230,La Trinité-des-Laitiers,61
61494,61160,Trun,61
61496,61200,Urou-et-Crennes,61
61497,61250,Valframbert,61
61498,61130,Vaunoise,61
61499,61170,Les Ventes-de-Bourse,61
61500,61190,La Ventrouze,61
61502,61360,Vidai,61
61503,61150,Vieux-Pont,61
61504,61310,Villebadin,61
61505,61160,Villedieu-lès-Bailleul,61
61507,61400,Villiers-sous-Mortagne,61
61508,61120,Vimoutiers,61
61510,61300,Vitrai-sous-Laigle,61
61512,61210,Les Yveteaux,61
62001,62153,Ablain-Saint-Nazaire,62
62002,62116,Ablainzevelle,62
62003,62320,Acheville,62
62004,62217,Achicourt,62
62005,62121,Achiet-le-Grand,62
62006,62121,Achiet-le-Petit,62
62007,62144,Acq,62
62008,62380,Acquin-Westbécourt,62
62009,62116,Adinfer,62
62010,62380,Affringues,62
62011,62161,Agnez-lès-Duisans,62
62012,62690,Agnières,62
62013,62217,Agny,62
62014,62120,Aire-sur-la-Lys,62
62015,62180,Airon-Notre-Dame,62
62016,62180,Airon-Saint-Vaast,62
62017,62650,Aix-en-Ergny,62
62018,62170,Aix-en-Issart,62
62019,62160,Aix-Noulette,62
62020,62850,Alembon,62
62021,62650,Alette,62
62022,62142,Alincthun,62
62023,62157,Allouagne,62
62024,62850,Alquines,62
62025,62164,Ambleteuse,62
62026,62310,Ambricourt,62
62027,62127,Ambrines,62
62028,62190,Ames,62
62029,62260,Amettes,62
62030,62760,Amplier,62
62031,62340,Andres,62
62032,62143,Angres,62
62034,62149,Annequin,62
62035,62232,Annezin,62
62036,62134,Anvin,62
62037,62223,Anzin-Saint-Aubin,62
62038,62610,Ardres,62
62039,62580,Arleux-en-Gohelle,62
62041,62000,Arras,62
62042,62223,Athies,62
62043,62730,Les Attaques,62
62044,62170,Attin,62
62045,62690,Aubigny-en-Artois,62
62046,62140,Aubin-Saint-Vaast,62
62047,62390,Aubrometz,62
62048,62260,Auchel,62
62049,62190,Auchy-au-Bois,62
62050,62770,Auchy-lès-Hesdin,62
62051,62138,Auchy-les-Mines,62
62052,62250,Audembert,62
62053,62560,Audincthun,62
62054,62179,Audinghen,62
62055,62890,Audrehem,62
62056,62164,Audresselles,62
62057,62370,Audruicq,62
62058,62550,Aumerval,62
62059,62610,Autingues,62
62060,62390,Auxi-le-Château,62
62061,62127,Averdoingt,62
62062,62650,Avesnes,62
62063,62810,Avesnes-le-Comte,62
62064,62450,Avesnes-lès-Bapaume,62
62065,62210,Avion,62
62066,62310,Avondance,62
62067,62560,Avroult,62
62068,62116,Ayette,62
62069,62310,Azincourt,62
62070,62127,Bailleul-aux-Cornailles,62
62071,62550,Bailleul-lès-Pernes,62
62072,62123,Bailleulmont,62
62073,62580,Bailleul-Sir-Berthoult,62
62074,62123,Bailleulval,62
62075,62360,Baincthun,62
62076,62850,Bainghen,62
62077,62150,Bajus,62
62078,62610,Balinghem,62
62079,62450,Bancourt,62
62080,62450,Bapaume,62
62081,62860,Baralle,62
62082,62124,Barastre,62
62083,62620,Barlin,62
62084,62810,Barly,62
62085,62123,Basseux,62
62086,62158,Bavincourt,62
62087,62910,Bayenghem-lès-Éperlecques,62
62088,62380,Bayenghem-lès-Seninghem,62
62089,62250,Bazinghen,62
62090,62770,Béalencourt,62
62091,62810,Beaudricourt,62
62092,62810,Beaufort-Blavincourt,62
62093,62450,Beaulencourt,62
62094,62170,Beaumerie-Saint-Martin,62
62095,62960,Beaumetz-lès-Aire,62
62096,62124,Beaumetz-lès-Cambrai,62
62097,62123,Beaumetz-lès-Loges,62
62099,62217,Beaurains,62
62100,62990,Beaurainville,62
62101,62130,Beauvois,62
62102,62240,Bécourt,62
62103,62121,Béhagnies,62
62104,62142,Bellebrune,62
62105,62142,Belle-et-Houllefort,62
62106,62490,Bellonne,62
62107,62410,Bénifontaine,62
62108,62600,Berck,62
62109,62134,Bergueneuse,62
62111,62810,Berlencourt-le-Cauroy,62
62112,62123,Berles-au-Bois,62
62113,62690,Berles-Monchel,62
62114,62130,Bermicourt,62
62115,62123,Berneville,62
62116,62170,Bernieulles,62
62117,62124,Bertincourt,62
62118,62690,Béthonsart,62
62119,62400,Béthune,62
62120,62150,Beugin,62
62121,62450,Beugnâtre,62
62122,62124,Beugny,62
62123,62170,Beussent,62
62124,62170,Beutin,62
62125,62250,Beuvrequen,62
62126,62660,Beuvry,62
62127,62650,Bezinghem,62
62128,62118,Biache-Saint-Vaast,62
62129,62450,Biefvillers-lès-Bapaume,62
62130,62111,Bienvillers-au-Bois,62
62131,62121,Bihucourt,62
62132,62138,Billy-Berclau,62
62133,62420,Billy-Montigny,62
62134,62650,Bimont,62
62135,62173,Blairville,62
62137,62270,Blangerval-Blangermont,62
62138,62770,Blangy-sur-Ternoise,62
62139,62575,Blendecques,62
62140,62380,Bléquin,62
62141,62120,Blessy,62
62142,62770,Blingel,62
62143,62390,Boffles,62
62144,62128,Boiry-Becquerelle,62
62145,62156,Boiry-Notre-Dame,62
62146,62175,Boiry-Saint-Martin,62
62147,62175,Boiry-Sainte-Rictrude,62
62148,62320,Bois-Bernard,62
62149,62500,Boisdinghem,62
62150,62170,Boisjean,62
62151,62175,Boisleux-au-Mont,62
62152,62175,Boisleux-Saint-Marc,62
62153,62960,Bomy,62
62155,62890,Bonningues-lès-Ardres,62
62156,62340,Bonningues-lès-Calais,62
62157,62990,Boubers-lès-Hesmond,62
62158,62270,Boubers-sur-Canche,62
62160,62200,Boulogne-sur-Mer,62
62161,62340,Bouquehault,62
62162,62190,Bourecq,62
62163,62270,Bouret-sur-Canche,62
62164,62860,Bourlon,62
62165,62240,Bournonville,62
62166,62550,Bours,62
62167,62132,Boursin,62
62168,62650,Bourthes,62
62169,62380,Bouvelinghem,62
62170,62172,Bouvigny-Boyeffles,62
62171,62134,Boyaval,62
62172,62128,Boyelles,62
62173,62117,Brebières,62
62174,62610,Brêmes,62
62175,62140,Brévillers,62
62176,62170,Bréxent-Énocq,62
62177,62170,Brimeux,62
62178,62700,Bruay-la-Buissière,62
62179,62240,Brunembert,62
62180,62130,Brias,62
62181,62116,Bucquoy,62
62182,62390,Buire-au-Bois,62
62183,62870,Buire-le-Sec,62
62184,62860,Buissy,62
62185,62128,Bullecourt,62
62186,62160,Bully-les-Mines,62
62187,62130,Buneville,62
62188,62151,Burbure,62
62189,62124,Bus,62
62190,62350,Busnes,62
62191,62132,Caffiers,62
62192,62182,Cagnicourt,62
62193,62100,Calais,62
62194,62470,Calonne-Ricouart,62
62195,62350,Calonne-sur-la-Lys,62
62196,62170,La Calotterie,62
62197,62470,Camblain-Châtelain,62
62198,62690,Cambligneul,62
62199,62690,Camblain-l'Abbé,62
62200,62149,Cambrin,62
62201,62176,Camiers,62
62202,62650,Campagne-lès-Boulonnais,62
62203,62340,Campagne-lès-Guines,62
62204,62870,Campagne-lès-Hesdin,62
62205,62120,Campagne-lès-Wardrecques,62
62206,62170,Campigneulles-les-Grandes,62
62207,62170,Campigneulles-les-Petites,62
62208,62270,Canettemont,62
62209,62310,Canlers,62
62210,62270,Canteleux,62
62211,62690,Capelle-Fermont,62
62212,62140,Capelle-lès-Hesdin,62
62213,62144,Carency,62
62214,62830,Carly,62
62215,62220,Carvin,62
62216,62158,La Cauchie,62
62217,62260,Cauchy-à-la-Tour,62
62218,62150,Caucourt,62
62220,62140,Cavron-Saint-Martin,62
62221,62127,Chelers,62
62222,62140,Chériennes,62
62223,62128,Chérisy,62
62224,62920,Chocques,62
62225,62500,Clairmarais,62
62227,62650,Clenleu,62
62228,62890,Clerques,62
62229,62380,Cléty,62
62230,62142,Colembert,62
62231,62180,Colline-Beaumont,62
62232,62150,La Comté,62
62233,62180,Conchil-le-Temple,62
62234,62270,Conchy-sur-Canche,62
62235,62360,Condette,62
62237,62126,Conteville-lès-Boulogne,62
62238,62130,Conteville-en-Ternois,62
62239,62231,Coquelles,62
62240,62112,Corbehem,62
62241,62630,Cormont,62
62242,62760,Couin,62
62243,62158,Coullemont,62
62244,62137,Coulogne,62
62245,62380,Coulomby,62
62246,62310,Coupelle-Neuve,62
62247,62310,Coupelle-Vieille,62
62248,62121,Courcelles-le-Comte,62
62249,62970,Courcelles-lès-Lens,62
62250,62710,Courrières,62
62251,62240,Courset,62
62252,62136,La Couture,62
62253,62158,Couturelle,62
62254,62560,Coyecques,62
62255,62240,Crémarest,62
62257,62310,Créquy,62
62258,62130,Croisette,62
62260,62130,Croix-en-Ternois,62
62261,62780,Cucq,62
62262,62149,Cuinchy,62
62263,62000,Dainville,62
62264,62187,Dannes,62
62265,62129,Delettes,62
62266,62810,Denier,62
62267,62560,Dennebrœucq,62
62268,62240,Desvres,62
62269,62460,Diéval,62
62270,62460,Divion,62
62271,62380,Dohem,62
62272,62116,Douchy-lès-Ayette,62
62273,62830,Doudeauville,62
62274,62119,Dourges,62
62275,62870,Douriez,62
62276,62138,Douvrin,62
62277,62320,Drocourt,62
62278,62131,Drouvin-le-Marais,62
62279,62161,Duisans,62
62281,62360,Echinghen,62
62282,62770,Éclimeux,62
62283,62270,Écoivres,62
62284,62860,Écourt-Saint-Quentin,62
62285,62128,Écoust-Saint-Mein,62
62286,62190,Ecquedecques,62
62288,62129,Ecques,62
62289,62170,Écuires,62
62290,62223,Écurie,62
62291,62300,Éleu-dit-Leauwette,62
62292,62380,Elnes,62
62293,62990,Embry,62
62294,62145,Enguinegatte,62
62295,62145,Enquin-lez-Guinegatte,62
62296,62650,Enquin-sur-Baillons,62
62297,62910,Éperlecques,62
62298,62860,Épinoy,62
62299,62134,Eps,62
62300,62224,Équihen-Plage,62
62301,62134,Équirre,62
62302,62650,Ergny,62
62303,62134,Érin,62
62304,62960,Erny-Saint-Julien,62
62306,62121,Ervillers,62
62307,62179,Escalles,62
62308,62850,Escœuilles,62
62309,62380,Esquerdes,62
62310,62400,Essars,62
62311,62880,Estevelles,62
62312,62170,Estrée,62
62313,62145,Estrée-Blanche,62
62314,62690,Estrée-Cauchy,62
62315,62170,Estréelles,62
62316,62810,Estrée-Wamin,62
62317,62156,Étaing,62
62318,62630,Étaples,62
62319,62156,Éterpigny,62
62320,62161,Étrun,62
62321,62141,Évin-Malmaison,62
62322,62760,Famechon,62
62323,62118,Fampoux,62
62324,62580,Farbus,62
62325,62560,Fauquembergues,62
62326,62450,Favreuil,62
62327,62960,Febvin-Palfart,62
62328,62260,Ferfay,62
62329,62250,Ferques,62
62330,62149,Festubert,62
62331,62223,Feuchy,62
62332,62173,Ficheux,62
62333,62134,Fiefs,62
62334,62132,Fiennes,62
62335,62770,Fillièvres,62
62336,62960,Fléchin,62
62338,62840,Fleurbaix,62
62340,62550,Floringhem,62
62341,62111,Foncquevillers,62
62342,62134,Fontaine-lès-Boulans,62
62343,62128,Fontaine-lès-Croisilles,62
62344,62550,Fontaine-lès-Hermans,62
62345,62390,Fontaine-l'Étalon,62
62346,62270,Fortel-en-Artois,62
62347,62810,Fosseux,62
62348,62130,Foufflin-Ricametz,62
62349,62232,Fouquereuil,62
62350,62232,Fouquières-lès-Béthune,62
62351,62740,Fouquières-lès-Lens,62
62352,62130,Framecourt,62
62353,62450,Frémicourt,62
62354,62630,Frencq,62
62355,62490,Fresnes-lès-Montauban,62
62356,62150,Fresnicourt-le-Dolmen,62
62357,62770,Fresnoy,62
62358,62580,Fresnoy-en-Gohelle,62
62359,62140,Fressin,62
62360,62185,Fréthun,62
62361,62270,Frévent,62
62362,62127,Frévillers,62
62363,62690,Frévin-Capelle,62
62364,62310,Fruges,62
62365,62770,Galametz,62
62366,62150,Gauchin-Légal,62
62367,62130,Gauchin-Verloingt,62
62368,62760,Gaudiempré,62
62369,62580,Gavrelle,62
62370,62390,Gennes-Ivergny,62
62371,62580,Givenchy-en-Gohelle,62
62372,62810,Givenchy-le-Noble,62
62373,62149,Givenchy-lès-la-Bassée,62
62374,62121,Gomiécourt,62
62375,62111,Gommecourt,62
62376,62920,Gonnehem,62
62377,62199,Gosnay,62
62378,62123,Gouves,62
62379,62123,Gouy-en-Artois,62
62380,62530,Gouy-Servins,62
62381,62127,Gouy-en-Ternois,62
62382,62870,Gouy-Saint-André,62
62383,62112,Gouy-sous-Bellonne,62
62384,62147,Graincourt-lès-Havrincourt,62
62385,62810,Grand-Rullecourt,62
62387,62450,Grévillers,62
62388,62140,Grigny,62
62389,62760,Grincourt-lès-Pas,62
62390,62600,Groffliers,62
62391,62330,Guarbecque,62
62392,62128,Guémappe,62
62393,62370,Guemps,62
62395,62140,Guigny,62
62396,62130,Guinecourt,62
62397,62340,Guînes,62
62398,62140,Guisy,62
62399,62123,Habarcq,62
62400,62940,Haillicourt,62
62401,62138,Haisnes,62
62402,62830,Halinghen,62
62403,62570,Hallines,62
62405,62118,Hamblain-les-Prés,62
62406,62121,Hamelincourt,62
62407,62190,Ham-en-Artois,62
62408,62340,Hames-Boucres,62
62409,62111,Hannescamps,62
62410,62124,Haplincourt,62
62411,62390,Haravesnes,62
62412,62132,Hardinghen,62
62413,62440,Harnes,62
62415,62144,Haute-Avesnes,62
62416,62130,Hautecloque,62
62419,62850,Haut-Loquin,62
62421,62147,Havrincourt,62
62422,62111,Hébuterne,62
62423,62570,Helfaut,62
62424,62182,Hendecourt-lès-Cagnicourt,62
62425,62175,Hendecourt-lès-Ransart,62
62426,62128,Héninel,62
62427,62110,Hénin-Beaumont,62
62428,62128,Hénin-sur-Cojeul,62
62429,62142,Henneveux,62
62430,62760,Hénu,62
62431,62129,Herbelles,62
62432,62850,Herbinghen,62
62433,62130,Héricourt,62
62434,62158,La Herlière,62
62435,62130,Herlincourt,62
62436,62130,Herlin-le-Sec,62
62437,62650,Herly,62
62438,62690,Hermaville,62
62439,62132,Hermelinghen,62
62440,62147,Hermies,62
62441,62150,Hermin,62
62442,62130,Hernicourt,62
62443,62530,Hersin-Coupigny,62
62444,62179,Hervelinghen,62
62445,62196,Hesdigneul-lès-Béthune,62
62446,62360,Hesdigneul-lès-Boulogne,62
62447,62140,Hesdin,62
62448,62360,Hesdin-l'Abbé,62
62449,62990,Hesmond,62
62450,62550,Hestrus,62
62451,62134,Heuchin,62
62452,62575,Heuringhem,62
62453,62310,Hézecques,62
62454,62232,Hinges,62
62455,62850,Hocquinghen,62
62456,62620,Houchin,62
62457,62150,Houdain,62
62458,62910,Houlle,62
62459,62270,Houvin-Houvigneul,62
62460,62630,Hubersent,62
62461,62140,Huby-Saint-Leu,62
62462,62130,Huclier,62
62463,62650,Hucqueliers,62
62464,62410,Hulluch,62
62465,62158,Humbercamps,62
62466,62650,Humbert,62
62467,62130,Humerœuille,62
62468,62130,Humières,62
62469,62860,Inchy-en-Artois,62
62470,62770,Incourt,62
62471,62129,Bellinghem,62
62472,62170,Inxent,62
62473,62330,Isbergues,62
62474,62360,Isques,62
62475,62810,Ivergny,62
62476,62490,Izel-lès-Équerchin,62
62477,62690,Izel-lès-Hameau,62
62478,62850,Journy,62
62479,62122,Labeuvrière,62
62480,62113,Labourse,62
62481,62140,Labroye,62
62483,62830,Lacres,62
62484,62159,Lagnicourt-Marcel,62
62485,62960,Laires,62
62486,62120,Lambres,62
62487,62250,Landrethun-le-Nord,62
62488,62610,Landrethun-lès-Ardres,62
62489,62122,Lapugnoy,62
62490,62810,Lattre-Saint-Quentin,62
62491,62840,Laventie,62
62492,62990,Lebiez,62
62493,62124,Lebucquière,62
62494,62124,Léchelle,62
62495,62380,Ledinghem,62
62496,62630,Lefaux,62
62497,62790,Leforest,62
62498,62300,Lens,62
62499,62170,Lépine,62
62500,62190,Lespesses,62
62501,62990,Lespinoy,62
62502,62136,Lestrem,62
62503,62250,Leubringhen,62
62504,62500,Leulinghem,62
62505,62250,Leulinghen-Bernes,62
62506,62850,Licques,62
62507,62810,Liencourt,62
62508,62190,Lières,62
62509,62145,Liettres,62
62510,62800,Liévin,62
62511,62810,Lignereuil,62
62512,62960,Ligny-lès-Aire,62
62513,62270,Ligny-sur-Canche,62
62514,62127,Ligny-Saint-Flochel,62
62515,62450,Ligny-Thilloy,62
62516,62190,Lillers,62
62517,62120,Linghem,62
62518,62270,Linzeux,62
62519,62134,Lisbourg,62
62520,62400,Locon,62
62521,62140,La Loge,62
62522,62990,Loison-sur-Créquoise,62
62523,62218,Loison-sous-Lens,62
62524,62240,Longfossé,62
62525,62219,Longuenesse,62
62527,62630,Longvilliers,62
62528,62750,Loos-en-Gohelle,62
62529,62840,Lorgies,62
62530,62240,Lottinghen,62
62531,62610,Louches,62
62532,62540,Lozinghem,62
62533,62310,Lugy,62
62534,62380,Lumbres,62
62535,62170,La Madelaine-sous-Montreuil,62
62536,62127,Magnicourt-en-Comte,62
62537,62270,Magnicourt-sur-Canche,62
62538,62870,Maintenay,62
62539,62130,Maisnil,62
62540,62620,Maisnil-lès-Ruitz,62
62541,62310,Maisoncelle,62
62543,62120,Mametz,62
62544,62810,Manin,62
62545,62650,Maninghem,62
62546,62250,Maninghen-Henne,62
62547,62170,Marant,62
62548,62730,Marck,62
62549,62140,Marconne,62
62550,62140,Marconnelle,62
62551,62990,Marenla,62
62552,62990,Maresquel-Ecquemicourt,62
62553,62550,Marest,62
62554,62630,Maresville,62
62555,62540,Marles-les-Mines,62
62556,62170,Marles-sur-Canche,62
62557,62161,Marœuil,62
62559,62860,Marquion,62
62560,62250,Marquise,62
62561,62450,Martinpuich,62
62562,62310,Matringhem,62
62563,62670,Mazingarbe,62
62564,62120,Mazinghem,62
62565,62310,Mencas,62
62567,62890,Mentque-Nortbécourt,62
62568,62217,Mercatel,62
62569,62560,Merck-Saint-Liévin,62
62570,62680,Méricourt,62
62571,62155,Merlimont,62
62572,62124,Metz-en-Couture,62
62573,62410,Meurchin,62
62574,62690,Mingoval,62
62576,62270,Moncheaux-lès-Frévent,62
62577,62270,Monchel-sur-Canche,62
62578,62123,Monchiet,62
62579,62111,Monchy-au-Bois,62
62580,62127,Monchy-Breton,62
62581,62134,Monchy-Cayeux,62
62582,62118,Monchy-le-Preux,62
62583,62760,Mondicourt,62
62584,62350,Mont-Bernanchon,62
62585,62170,Montcavrel,62
62586,62123,Montenescourt,62
62587,62640,Montigny-en-Gohelle,62
62589,62144,Mont-Saint-Éloi,62
62590,62130,Monts-en-Ternois,62
62591,62124,Morchies,62
62592,62910,Moringhem,62
62593,62450,Morval,62
62594,62159,Mory,62
62595,62910,Moulle,62
62596,62140,Mouriez,62
62598,62890,Muncq-Nieurlet,62
62599,62142,Nabringhen,62
62600,62550,Nédon,62
62601,62550,Nédonchel,62
62602,62180,Nempont-Saint-Firmin,62
62603,62152,Nesles,62
62604,62152,Neufchâtel-Hardelot,62
62605,62770,Neulette,62
62606,62840,Neuve-Chapelle,62
62607,62130,Neuville-au-Cornet,62
62608,62124,Neuville-Bourjonval,62
62609,62580,Neuville-Saint-Vaast,62
62610,62170,Neuville-sous-Montreuil,62
62611,62217,Neuville-Vitasse,62
62612,62580,Neuvireuil,62
62613,62380,Nielles-lès-Bléquin,62
62614,62610,Nielles-lès-Ardres,62
62615,62185,Nielles-lès-Calais,62
62616,62390,Nœux-lès-Auxi,62
62617,62290,Nœux-les-Mines,62
62618,62890,Nordausques,62
62619,62128,Noreuil,62
62620,62120,Norrent-Fontes,62
62621,62370,Nortkerque,62
62622,62890,Nort-Leulinghem,62
62623,62370,Nouvelle-Église,62
62624,62950,Noyelles-Godault,62
62625,62770,Noyelles-lès-Humières,62
62626,62980,Noyelles-lès-Vermelles,62
62627,62490,Noyelles-sous-Bellonne,62
62628,62221,Noyelles-sous-Lens,62
62629,62123,Noyellette,62
62630,62810,Noyelle-Vion,62
62631,62270,Nuncq-Hautecôte,62
62632,62920,Oblinghem,62
62633,62130,Œuf-en-Ternois,62
62634,62370,Offekerque,62
62635,62990,Offin,62
62636,62250,Offrethun,62
62637,62590,Oignies,62
62638,62860,Oisy-le-Verger,62
62639,62580,Oppy,62
62641,62130,Ostreville,62
62642,62460,Ourton,62
62643,62230,Outreau,62
62644,62380,Ouve-Wirquin,62
62645,62215,Oye-Plage,62
62646,62860,Palluel,62
62647,62770,Le Parcq,62
62648,62650,Parenty,62
62649,62760,Pas-en-Artois,62
62650,62118,Pelves,62
62651,62127,Penin,62
62652,62550,Pernes,62
62653,62126,Pernes-lès-Boulogne,62
62654,62231,Peuplingues,62
62655,62130,Pierremont,62
62656,62570,Pihem,62
62657,62340,Pihen-lès-Guînes,62
62658,62126,Pittefaux,62
62659,62310,Planques,62
62660,62118,Plouvain,62
62661,62140,Bouin-Plumoison,62
62662,62370,Polincove,62
62663,62760,Pommera,62
62664,62111,Pommier,62
62665,62390,Le Ponchel,62
62666,62880,Pont-à-Vendin,62
62667,62480,Le Portel,62
62668,62134,Prédefin,62
62669,62550,Pressy,62
62670,62650,Preures,62
62671,62860,Pronville-en-Artois,62
62672,62116,Puisieux,62
62673,62860,Quéant,62
62674,62500,Quelmes,62
62675,62380,Quercamps,62
62676,62120,Quernes,62
62677,62140,Le Quesnoy-en-Artois,62
62678,62240,Quesques,62
62679,62830,Questrecques,62
62680,62490,Quiéry-la-Motte,62
62681,62120,Quiestède,62
62682,62650,Quilen,62
62683,62390,Quœux-Haut-Maînil,62
62684,62120,Racquinghem,62
62685,62310,Radinghem,62
62686,62130,Ramecourt,62
62688,62180,Rang-du-Fliers,62
62689,62173,Ransart,62
62690,62140,Raye-sur-Authie,62
62692,62850,Rebergues,62
62693,62150,Rebreuve-Ranchicourt,62
62694,62270,Rebreuve-sur-Canche,62
62695,62270,Rebreuviette,62
62696,62560,Reclinghem,62
62697,62860,Récourt,62
62698,62170,Recques-sur-Course,62
62699,62890,Recques-sur-Hem,62
62700,62140,Regnauville,62
62701,62120,Rely,62
62702,62380,Remilly-Wirquin,62
62703,62156,Rémy,62
62704,62560,Renty,62
62705,62720,Rety,62
62708,62450,Riencourt-lès-Bapaume,62
62709,62182,Riencourt-lès-Cagnicourt,62
62710,62990,Rimboval,62
62711,62720,Rinxent,62
62713,62350,Robecq,62
62714,62223,Roclincourt,62
62716,62610,Rodelinghem,62
62717,62130,Roëllecourt,62
62718,62118,Rœux,62
62719,62770,Rollancourt,62
62720,62120,Rombly,62
62721,62120,Roquetoire,62
62722,62390,Rougefay,62
62723,62870,Roussent,62
62725,62990,Royon,62
62726,62310,Ruisseauville,62
62727,62620,Ruitz,62
62728,62860,Rumaucourt,62
62729,62650,Rumilly,62
62730,62370,Ruminghem,62
62731,62124,Ruyaulcourt,62
62732,62550,Sachin,62
62733,62111,Sailly-au-Bois,62
62734,62490,Sailly-en-Ostrevent,62
62735,62113,Sailly-Labourse,62
62736,62840,Sailly-sur-la-Lys,62
62737,62114,Sains-en-Gohelle,62
62738,62310,Sains-lès-Fressin,62
62739,62860,Sains-lès-Marquion,62
62740,62550,Sains-lès-Pernes,62
62743,62140,Sainte-Austreberthe,62
62744,62223,Sainte-Catherine,62
62745,62990,Saint-Denœux,62
62746,62360,Saint-Étienne-au-Mont,62
62747,62350,Saint-Floris,62
62748,62370,Saint-Folquin,62
62750,62120,Saint-Hilaire-Cottes,62
62751,62250,Saint-Inglevert,62
62752,62170,Saint-Josse,62
62753,62223,Saint-Laurent-Blangy,62
62756,62370,Sainte-Marie-Kerque,62
62757,62500,Saint-Martin-lez-Tatinghem,62
62758,62280,Saint-Martin-Boulogne,62
62759,62240,Saint-Martin-Choquel,62
62760,62560,Saint-Martin-d'Hardinghem,62
62761,62128,Saint-Martin-sur-Cojeul,62
62762,62650,Saint-Michel-sous-Bois,62
62763,62130,Saint-Michel-sur-Ternoise,62
62764,62223,Saint-Nicolas,62
62766,62162,Saint-Omer-Capelle,62
62767,62130,Saint-Pol-sur-Ternoise,62
62768,62870,Saint-Rémy-au-Bois,62
62769,62185,Saint-Tricat,62
62770,62350,Saint-Venant,62
62771,62430,Sallaumines,62
62772,62500,Salperwick,62
62773,62830,Samer,62
62774,62231,Sangatte,62
62775,62850,Sanghen,62
62776,62121,Sapignies,62
62777,62450,Le Sars,62
62778,62810,Sars-le-Bois,62
62779,62760,Sarton,62
62780,62860,Sauchy-Cauchy,62
62781,62860,Sauchy-Lestrée,62
62782,62860,Saudemont,62
62783,62870,Saulchoy,62
62784,62158,Saulty,62
62785,62690,Savy-Berlette,62
62787,62170,Sempy,62
62788,62380,Seninghem,62
62789,62240,Senlecques,62
62791,62270,Séricourt,62
62792,62910,Serques,62
62793,62530,Servins,62
62794,62380,Setques,62
62795,62270,Sibiville,62
62796,62123,Simencourt,62
62797,62130,Siracourt,62
62798,62810,Sombrin,62
62799,62170,Sorrus,62
62800,62111,Souastre,62
62801,62153,Souchez,62
62802,62810,Le Souich,62
62803,62850,Surques,62
62804,62810,Sus-Saint-Léger,62
62805,62550,Tangry,62
62806,62179,Tardinghen,62
62808,62134,Teneur,62
62809,62127,Ternas,62
62810,62580,Thélus,62
62811,62129,Thérouanne,62
62812,62560,Thiembronne,62
62813,62130,La Thieuloye,62
62814,62760,Thièvres,62
62815,62180,Tigny-Noyelle,62
62816,62690,Tilloy-lès-Hermaville,62
62817,62217,Tilloy-lès-Mofflaines,62
62818,62134,Tilly-Capelle,62
62819,62500,Tilques,62
62820,62127,Tincques,62
62821,62830,Tingry,62
62822,62390,Tollent,62
62823,62310,Torcy,62
62824,62140,Tortefontaine,62
62825,62490,Tortequesne,62
62826,62520,Le Touquet-Paris-Plage,62
62827,62890,Tournehem-sur-la-Hem,62
62828,62310,Tramecourt,62
62829,62450,Le Transloy,62
62830,62147,Trescault,62
62831,62130,Troisvaux,62
62832,62630,Tubersent,62
62833,62270,Vacquerie-le-Boucq,62
62834,62140,Vacqueriette-Erquières,62
62835,62550,Valhuon,62
62836,62131,Vaudricourt,62
62837,62380,Vaudringhem,62
62838,62390,Vaulx,62
62839,62159,Vaulx-Vraucourt,62
62840,62124,Vélu,62
62841,62232,Vendin-lès-Béthune,62
62842,62880,Vendin-le-Vieil,62
62843,62310,Verchin,62
62844,62560,Verchocq,62
62845,62830,Verlincthun,62
62846,62980,Vermelles,62
62847,62113,Verquigneul,62
62848,62131,Verquin,62
62849,62180,Verton,62
62850,62770,Vieil-Hesdin,62
62851,62136,Vieille-Chapelle,62
62852,62162,Vieille-Église,62
62853,62240,Vieil-Moutier,62
62854,62144,Villers-au-Bois,62
62855,62450,Villers-au-Flos,62
62856,62690,Villers-Brûlin,62
62857,62690,Villers-Châtel,62
62858,62182,Villers-lès-Cagnicourt,62
62859,62390,Villers-l'Hôpital,62
62860,62127,Villers-Sir-Simon,62
62861,62580,Vimy,62
62862,62310,Vincly,62
62863,62138,Violaines,62
62864,62156,Vis-en-Artois,62
62865,62490,Vitry-en-Artois,62
62866,62180,Waben,62
62867,62250,Wacquinghen,62
62868,62770,Wail,62
62869,62217,Wailly,62
62870,62170,Wailly-Beaucamp,62
62871,62140,Wambercourt,62
62872,62770,Wamin,62
62873,62128,Wancourt,62
62874,62123,Wanquetin,62
62875,62120,Wardrecques,62
62876,62450,Warlencourt-Eaucourt,62
62877,62760,Warlincourt-lès-Pas,62
62878,62123,Warlus,62
62879,62810,Warluzel,62
62880,62142,Le Wast,62
62881,62390,Beauvoir-Wavans,62
62882,62380,Wavrans-sur-l'Aa,62
62883,62130,Wavrans-sur-Ternoise,62
62885,62960,Westrehem,62
62886,62650,Wicquinghem,62
62887,62630,Widehem,62
62888,62830,Wierre-au-Bois,62
62889,62720,Wierre-Effroy,62
62890,62770,Willeman,62
62891,62390,Willencourt,62
62892,62580,Willerval,62
62893,62930,Wimereux,62
62894,62126,Wimille,62
62895,62410,Wingles,62
62896,62240,Wirwignes,62
62897,62380,Wismes,62
62898,62219,Wisques,62
62899,62179,Wissant,62
62900,62120,Witternesse,62
62901,62120,Wittes,62
62902,62570,Wizernes,62
62903,62650,Zoteux,62
62904,62890,Zouafques,62
62905,62500,Zudausques,62
62906,62370,Zutkerque,62
62907,62820,Libercourt,62
62908,62360,La Capelle-lès-Boulogne,62
62909,62124,Ytres,62
63001,63260,Aigueperse,63
63002,63980,Aix-la-Fayette,63
63003,63600,Ambert,63
63004,63770,Les Ancizes-Comps,63
63005,63340,Antoingt,63
63006,63420,Anzat-le-Luguet,63
63007,63420,Apchat,63
63008,63250,Arconsat,63
63009,63420,Ardes,63
63010,63220,Arlanc,63
63011,63700,Ars-les-Favets,63
63012,63460,Artonne,63
63013,63260,Aubiat,63
63014,63170,Aubière,63
63015,63120,Aubusson-d'Auvergne,63
63016,63930,Augerolles,63
63017,63340,Augnat,63
63019,63510,Aulnat,63
63020,63210,Aurières,63
63021,63114,Authezat,63
63022,63570,Auzat-la-Combelle,63
63023,63590,Auzelles,63
63025,63390,Ayat-sur-Sioule,63
63026,63970,Aydat,63
63027,63600,Baffie,63
63028,63810,Bagnols,63
63029,63570,Bansat,63
63030,63310,Bas-et-Lezat,63
63033,63310,Beaumont-lès-Randan,63
63034,63116,Beauregard-l'Évêque,63
63035,63460,Beauregard-Vendon,63
63036,63500,Bergonne,63
63037,63480,Bertignat,63
63038,63610,Besse-et-Saint-Anastaise,63
63039,63220,Beurières,63
63040,63160,Billom,63
63041,63640,Biollet,63
63042,63112,Blanzat,63
63043,63440,Blot-l'Église,63
63044,63160,Bongheat,63
63045,63190,Bort-l'Étang,63
63046,63340,Boudes,63
63047,63150,La Bourboule,63
63048,63760,Bourg-Lastic,63
63049,63910,Bouzel,63
63050,63570,Brassac-les-Mines,63
63051,63500,Brenat,63
63052,63340,Le Breuil-sur-Couze,63
63053,63820,Briffons,63
63055,63230,Bromont-Lamothe,63
63057,63880,Le Brugeron,63
63058,63350,Bulhon,63
63059,63270,Busséol,63
63061,63260,Bussières-et-Pruns,63
63062,63700,Buxières-sous-Montaigut,63
63063,63118,Cébazat,63
63065,63520,Ceilloux,63
63066,63250,Celles-sur-Durolle,63
63069,63670,Le Cendre,63
63070,63122,Ceyrat,63
63071,63210,Ceyssat,63
63072,63250,Chabreloche,63
63073,63320,Chadeleuf,63
63074,63340,Chalus,63
63075,63400,Chamalières,63
63076,63980,Chambon-sur-Dolore,63
63077,63790,Chambon-sur-Lac,63
63078,63580,Chaméane,63
63079,63580,Champagnat-le-Jeune,63
63080,63320,Champeix,63
63081,63600,Champétières,63
63083,63530,Chanat-la-Mouteyre,63
63084,63450,Chanonat,63
63085,63230,Chapdes-Beaufort,63
63086,63590,La Chapelle-Agnon,63
63087,63420,La Chapelle-Marcousse,63
63088,63580,La Chapelle-sur-Usson,63
63090,63260,Chaptuzat,63
63091,63340,Charbonnier-les-Mines,63
63092,63410,Charbonnières-les-Varennes,63
63093,63410,Charbonnières-les-Vieilles,63
63094,63640,Charensat,63
63095,63290,Charnat,63
63096,63160,Chas,63
63097,63320,Chassagne,63
63098,63680,Chastreix,63
63099,63119,Châteaugay,63
63100,63390,Châteauneuf-les-Bains,63
63101,63330,Château-sur-Cher,63
63102,63290,Châteldon,63
63103,63140,Châtel-Guyon,63
63104,63660,La Chaulme,63
63105,63220,Chaumont-le-Bourg,63
63106,63117,Chauriat,63
63107,63720,Chavaroux,63
63108,63200,Le Cheix,63
63109,63320,Chidrac,63
63110,63740,Cisternes-la-Forêt,63
63111,63320,Clémensat,63
63112,63720,Clerlande,63
63113,63000,Clermont-Ferrand,63
63114,63340,Collanges,63
63115,63380,Combrailles,63
63116,63460,Combronde,63
63117,63610,Compains,63
63118,63380,Condat-en-Combraille,63
63119,63490,Condat-lès-Montboissier,63
63120,63730,Corent,63
63121,63114,Coudes,63
63122,63320,Courgoul,63
63123,63450,Cournols,63
63124,63800,Cournon-d'Auvergne,63
63125,63120,Courpière,63
63126,63450,Le Crest,63
63127,63320,Creste,63
63128,63350,Crevant-Laveine,63
63130,63700,La Crouzille,63
63131,63350,Culhat,63
63132,63590,Cunlhat,63
63133,63111,Dallet,63
63134,63340,Dauzat-sur-Vodable,63
63135,63200,Davayat,63
63136,63520,Domaize,63
63137,63220,Doranges,63
63138,63300,Dorat,63
63139,63220,Dore-l'Église,63
63140,63700,Durmignat,63
63141,63830,Durtol,63
63142,63980,Échandelys,63
63143,63260,Effiat,63
63144,63850,Égliseneuve-d'Entraigues,63
63145,63490,Égliseneuve-des-Liards,63
63146,63160,Égliseneuve-près-Billom,63
63147,63840,Églisolles,63
63148,63720,Ennezat,63
63150,63530,Enval,63
63151,63300,Escoutoux,63
63153,63850,Espinchal,63
63154,63160,Espirat,63
63155,63520,Estandeuil,63
63156,63570,Esteil,63
63157,63160,Fayet-le-Château,63
63158,63630,Fayet-Ronaye,63
63159,63620,Fernoël,63
63160,63500,Aulhat-Flat,63
63161,63600,La Forie,63
63162,63980,Fournols,63
63163,63740,Gelles,63
63164,63360,Gerzat,63
63165,63620,Giat,63
63166,63340,Gignat,63
63167,63200,Gimeaux,63
63168,63160,Glaine-Montaigut,63
63169,63850,La Godivelle,63
63170,63230,La Goutelle,63
63171,63390,Gouttières,63
63172,63320,Grandeyrolles,63
63173,63600,Grandrif,63
63174,63890,Grandval,63
63175,63470,Herment,63
63176,63210,Heume-l'Église,63
63177,63270,Isserteaux,63
63178,63500,Issoire,63
63179,63990,Job,63
63180,63350,Joze,63
63181,63460,Jozerand,63
63182,63570,Jumeaux,63
63183,63690,Labessette,63
63184,63290,Lachaux,63
63185,63570,Lamontgie,63
63186,63380,Landogne,63
63188,63270,Laps,63
63189,63820,Laqueuille,63
63190,63690,Larodde,63
63192,63680,La Tour-d'Auvergne,63
63193,63370,Lempdes,63
63194,63190,Lempty,63
63195,63190,Lezoux,63
63196,63290,Limons,63
63197,63440,Lisseuil,63
63198,63410,Loubeyrat,63
63199,63320,Ludesse,63
63201,63350,Luzillat,63
63202,63340,Madriat,63
63203,63200,Malauzat,63
63204,63510,Malintrat,63
63205,63270,Manglieu,63
63206,63410,Manzat,63
63207,63480,Marat,63
63208,63440,Marcillat,63
63209,63340,Mareugheol,63
63210,63350,Maringues,63
63211,63940,Marsac-en-Livradois,63
63212,63200,Marsat,63
63213,63430,Les Martres-d'Artière,63
63214,63730,Les Martres-de-Veyre,63
63215,63720,Martres-sur-Morge,63
63216,63160,Mauzun,63
63219,63230,Mazaye,63
63220,63420,Mazoires,63
63221,63220,Medeyrolles,63
63222,63320,Meilhaud,63
63223,63560,Menat,63
63224,63200,Ménétrol,63
63225,63750,Messeix,63
63226,63115,Mezel,63
63227,63730,Mirefleurs,63
63229,63190,Moissat,63
63230,63890,Le Monestier,63
63231,63650,La Monnerie-le-Montel,63
63233,63700,Montaigut,63
63235,63460,Montcel,63
63236,63240,Mont-Dore,63
63237,63380,Montel-de-Gelat,63
63238,63230,Montfermy,63
63240,63260,Montpensier,63
63242,63340,Moriat,63
63243,63700,Moureuille,63
63244,63200,Chambaron sur Morge,63
63245,63200,Mozac,63
63246,63150,Murat-le-Quaire,63
63247,63790,Murol,63
63248,63210,Nébouzat,63
63249,63120,Néronde-sur-Dore,63
63250,63320,Neschers,63
63251,63560,Neuf-Église,63
63253,63290,Noalhat,63
63254,63830,Nohanent,63
63255,63340,Nonette-Orsonnette,63
63256,63220,Novacelles,63
63257,63210,Olby,63
63258,63880,Olliergues,63
63259,63450,Olloix,63
63260,63880,Olmet,63
63261,63500,Orbeil,63
63262,63670,Orcet,63
63263,63870,Orcines,63
63264,63210,Orcival,63
63265,63190,Orléat,63
63267,63550,Palladuc,63
63268,63500,Pardines,63
63269,63270,Parent,63
63270,63500,Parentignat,63
63271,63290,Paslières,63
63272,63170,Pérignat-lès-Sarliève,63
63273,63800,Pérignat-sur-Allier,63
63274,63210,Perpezat,63
63275,63500,Perrier,63
63276,63920,Peschadoires,63
63277,63580,Peslières,63
63278,63200,Pessat-Villeneuve,63
63279,63113,Picherande,63
63280,63270,Pignols,63
63281,63330,Pionsat,63
63282,63730,Plauzat,63
63283,63380,Pontaumur,63
63284,63430,Pont-du-Château,63
63285,63230,Pontgibaud,63
63286,63440,Pouzol,63
63287,63500,Les Pradeaux,63
63288,63200,Prompsat,63
63289,63470,Prondines,63
63290,63230,Pulvérières,63
63291,63290,Puy-Guillaume,63
63292,63470,Puy-Saint-Gulmier,63
63293,63330,Le Quartier,63
63294,63780,Queuille,63
63295,63310,Randan,63
63296,63190,Ravel,63
63297,63160,Reignat,63
63298,63930,La Renaudie,63
63299,63420,Rentières,63
63300,63200,Riom,63
63301,63290,Ris,63
63303,63420,Roche-Charles-la-Mayrand,63
63304,63330,Roche-d'Agoux,63
63305,63210,Rochefort-Montagne,63
63306,63800,La Roche-Noire,63
63307,63540,Romagnat,63
63308,63130,Royat,63
63309,63840,Saillant,63
63310,63120,Sainte-Agathe,63
63311,63260,Saint-Agoulin,63
63312,63220,Saint-Alyre-d'Arlanc,63
63313,63420,Saint-Alyre-ès-Montagne,63
63314,63890,Saint-Amant-Roche-Savine,63
63315,63450,Saint-Amant-Tallende,63
63317,63310,Saint-André-le-Coq,63
63319,63660,Saint-Anthème,63
63321,63500,Saint-Babel,63
63323,63630,Saint-Bonnet-le-Bourg,63
63324,63630,Saint-Bonnet-le-Chastel,63
63325,63800,Saint-Bonnet-lès-Allier,63
63326,63210,Saint-Bonnet-près-Orcival,63
63327,63200,Saint-Bonnet-près-Riom,63
63329,63390,Sainte-Christine,63
63330,63320,Saint-Cirgues-sur-Couze,63
63331,63660,Saint-Clément-de-Valorgue,63
63332,63310,Saint-Clément-de-Régnat,63
63333,63310,Saint-Denis-Combarnazat,63
63334,63520,Saint-Dier-d'Auvergne,63
63335,63320,Saint-Diéry,63
63336,63680,Saint-Donat,63
63337,63890,Saint-Éloy-la-Glacière,63
63338,63700,Saint-Éloy-les-Mines,63
63339,63380,Saint-Étienne-des-Champs,63
63340,63580,Saint-Étienne-sur-Usson,63
63341,63600,Saint-Ferréol-des-Côtes,63
63342,63320,Saint-Floret,63
63344,63440,Saint-Gal-sur-Sioule,63
63345,63122,Saint-Genès-Champanelle,63
63346,63850,Saint-Genès-Champespe,63
63347,63260,Saint-Genès-du-Retz,63
63348,63580,Saint-Genès-la-Tourette,63
63349,63780,Saint-Georges-de-Mons,63
63350,63800,Saint-Georges-sur-Allier,63
63351,63470,Saint-Germain-près-Herment,63
63352,63340,Saint-Germain-Lembron,63
63353,63630,Saint-Germain-l'Herm,63
63354,63390,Saint-Gervais-d'Auvergne,63
63355,63880,Saint-Gervais-sous-Meymont,63
63356,63340,Saint-Gervazy,63
63357,63340,Saint-Hérent,63
63358,63440,Saint-Hilaire-la-Croix,63
63359,63380,Saint-Hilaire-les-Monges,63
63362,63720,Saint-Ignat,63
63363,63230,Saint-Jacques-d'Ambur,63
63364,63190,Saint-Jean-d'Heurs,63
63365,63520,Saint-Jean-des-Ollières,63
63366,63490,Saint-Jean-en-Val,63
63367,63570,Saint-Jean-Saint-Gervais,63
63368,63160,Saint-Julien-de-Coppel,63
63369,63390,Saint-Julien-la-Geneste,63
63370,63820,Saint-Julien-Puy-Lavèze,63
63372,63350,Saint-Laure,63
63373,63330,Saint-Maigner,63
63374,63600,Saint-Martin-des-Olmes,63
63375,63570,Saint-Martin-des-Plains,63
63376,63580,Saint-Martin-d'Ollières,63
63377,63330,Saint-Maurice-près-Pionsat,63
63379,63460,Saint-Myon,63
63380,63710,Saint-Nectaire,63
63381,63230,Saint-Ours,63
63382,63440,Saint-Pardoux,63
63383,63610,Saint-Pierre-Colamine,63
63384,63480,Saint-Pierre-la-Bourlhonne,63
63385,63230,Saint-Pierre-le-Chastel,63
63386,63210,Saint-Pierre-Roche,63
63387,63310,Saint-Priest-Bramefant,63
63388,63640,Saint-Priest-des-Champs,63
63389,63490,Saint-Quentin-sur-Sauxillanges,63
63390,63440,Saint-Quintin-sur-Sioule,63
63391,63440,Saint-Rémy-de-Blot,63
63392,63500,Saint-Rémy-de-Chargnat,63
63393,63550,Saint-Rémy-sur-Durolle,63
63395,63450,Saint-Sandoux,63
63397,63950,Saint-Sauves-d'Auvergne,63
63398,63220,Saint-Sauveur-la-Sagne,63
63400,63310,Saint-Sylvestre-Pragoulin,63
63401,63790,Saint-Victor-la-Rivière,63
63402,63550,Saint-Victor-Montvianeix,63
63404,63500,Saint-Yvoine,63
63405,63270,Sallèdes,63
63406,63260,Sardon,63
63407,63970,Saulzet-le-Froid,63
63408,63390,Sauret-Besserve,63
63409,63320,Saurier,63
63410,63470,Sauvagnat,63
63411,63500,Sauvagnat-Sainte-Marthe,63
63412,63840,Sauvessanges,63
63414,63120,Sauviat,63
63415,63490,Sauxillanges,63
63417,63530,Sayat,63
63418,63120,Sermentizon,63
63419,63560,Servant,63
63420,63190,Seychalles,63
63421,63690,Singles,63
63422,63500,Solignat,63
63423,63490,Sugères,63
63424,63720,Surat,63
63425,63450,Tallende,63
63426,63690,Tauves,63
63427,63460,Teilhède,63
63429,63340,Ternant-les-Eaux,63
63430,63300,Thiers,63
63431,63600,Thiolières,63
63432,63260,Thuret,63
63433,63470,Tortebesse,63
63434,63590,Tours-sur-Meymont,63
63435,63320,Tourzel-Ronzières,63
63436,63380,Tralaigues,63
63437,63810,Trémouille-Saint-Loup,63
63438,63520,Trézioux,63
63439,63490,Usson,63
63440,63610,Valbeleix,63
63441,63600,Valcivières,63
63442,63580,Valz-sous-Châteauneuf,63
63443,63720,Varennes-sur-Morge,63
63444,63500,Varennes-sur-Usson,63
63445,63910,Vassel,63
63446,63260,Vensat,63
63447,63330,Vergheas,63
63448,63580,Vernet-la-Varenne,63
63449,63710,Le Vernet-Sainte-Marguerite,63
63450,63470,Verneugheol,63
63451,63210,Vernines,63
63453,63910,Vertaizon,63
63454,63480,Vertolaye,63
63455,63960,Veyre-Monton,63
63456,63340,Vichel,63
63457,63270,Vic-le-Comte,63
63459,63310,Villeneuve-les-Cerfs,63
63460,63380,Villosanges,63
63461,63350,Vinzelles,63
63462,63330,Virlet,63
63463,63250,Viscomtat,63
63465,63840,Viverols,63
63466,63500,Vodable,63
63467,63620,Voingt,63
63468,63120,Vollore-Montagne,63
63469,63120,Vollore-Ville,63
63470,63530,Volvic,63
63471,63700,Youx,63
63472,63270,Yronde-et-Buron,63
63473,63200,Yssac-la-Tourette,63
64001,64460,Aast,64
64002,64160,Abère,64
64003,64150,Abidos,64
64004,64390,Abitain,64
64005,64360,Abos,64
64006,64490,Accous,64
64007,64400,Agnos,64
64008,64220,Ahaxe-Alciette-Bascassan,64
64009,64210,Ahetze,64
64010,64120,Aïcirits-Camou-Suhast,64
64011,64220,Aincille,64
64012,64130,Ainharp,64
64013,64220,Ainhice-Mongelos,64
64014,64250,Ainhoa,64
64015,64470,Alçay-Alçabéhéty-Sunharette,64
64016,64430,Aldudes,64
64017,64470,Alos-Sibas-Abense,64
64018,64120,Amendeuix-Oneix,64
64019,64120,Amorots-Succos,64
64020,64570,Ance,64
64021,64420,Andoins,64
64022,64390,Andrein,64
64023,64510,Angaïs,64
64024,64600,Anglet,64
64025,64190,Angous,64
64026,64220,Anhaux,64
64027,64160,Anos,64
64028,64350,Anoye,64
64029,64570,Aramits,64
64031,64270,Arancou,64
64032,64190,Araujuzon,64
64033,64190,Araux,64
64034,64120,Arbérats-Sillègue,64
64035,64210,Arbonne,64
64036,64120,Arbouet-Sussaute,64
64037,64230,Arbus,64
64038,64200,Arcangues,64
64039,64400,Aren,64
64040,64570,Arette,64
64041,64320,Aressy,64
64042,64300,Argagnon,64
64044,64410,Arget,64
64045,64120,Arhansus,64
64046,64640,Armendarits,64
64047,64220,Arnéguy,64
64048,64370,Arnos,64
64049,64120,Aroue-Ithorots-Olhaïby,64
64050,64130,Arrast-Larrebieu,64
64051,64120,Arraute-Charritte,64
64052,64350,Arricau-Bordes,64
64053,64420,Arrien,64
64054,64800,Arros-de-Nay,64
64056,64350,Arrosès,64
64057,64370,Arthez-de-Béarn,64
64058,64800,Arthez-d'Asson,64
64059,64420,Artigueloutan,64
64060,64230,Artiguelouve,64
64062,64260,Arudy,64
64063,64410,Arzacq-Arraziguet,64
64064,64660,Asasp-Arros,64
64065,64310,Ascain,64
64066,64220,Ascarat,64
64067,64510,Assat,64
64068,64800,Asson,64
64069,64260,Aste-Béon,64
64070,64450,Astis,64
64071,64390,Athos-Aspis,64
64072,64290,Aubertin,64
64074,64330,Aubous,64
64075,64190,Audaux,64
64077,64450,Auga,64
64079,64350,Aurions-Idernes,64
64080,64230,Aussevielle,64
64081,64130,Aussurucq,64
64082,64270,Auterrive,64
64083,64390,Autevielle-Saint-Martin-Bideren,64
64084,64330,Aydie,64
64085,64490,Aydius,64
64086,64240,Ayherre,64
64087,64300,Baigts-de-Béarn,64
64088,64300,Balansun,64
64089,64460,Baleix,64
64090,64330,Baliracq-Maumusson,64
64091,64510,Baliros,64
64092,64430,Banca,64
64093,64130,Barcus,64
64094,64520,Bardos,64
64095,64160,Barinque,64
64096,64390,Barraute-Camu,64
64097,64530,Barzun,64
64098,64350,Bassillon-Vauzé,64
64099,64190,Bastanès,64
64100,64200,Bassussarry,64
64101,64800,Baudreix,64
64102,64100,Bayonne,64
64104,64490,Bedous,64
64105,64120,Béguios,64
64106,64120,Béhasque-Lapiste,64
64107,64220,Béhorléguy,64
64108,64270,Bellocq,64
64109,64800,Bénéjacq,64
64110,64440,Béost,64
64111,64460,Bentayou-Sérée,64
64112,64300,Bérenx,64
64113,64270,Bergouey-Viellenave,64
64114,64160,Bernadets,64
64115,64130,Berrogain-Laruns,64
64116,64260,Bescat,64
64117,64150,Bésingrand,64
64118,64350,Bétracq,64
64119,64800,Beuste,64
64120,64120,Beyrie-sur-Joyeuse,64
64121,64230,Beyrie-en-Béarn,64
64122,64200,Biarritz,64
64123,64520,Bidache,64
64124,64780,Bidarray,64
64125,64210,Bidart,64
64126,64400,Bidos,64
64127,64260,Bielle,64
64128,64260,Bilhères,64
64129,64140,Billère,64
64130,64700,Biriatou,64
64132,64320,Bizanos,64
64133,64510,Boeil-Bezing,64
64134,64240,Bonloc,64
64135,64300,Bonnut,64
64136,64490,Borce,64
64137,64800,Bordères,64
64138,64510,Bordes,64
64139,64290,Bosdarros,64
64140,64340,Boucau,64
64141,64330,Boueilh-Boueilho-Lasque,64
64142,64230,Bougarber,64
64143,64410,Bouillon,64
64144,64370,Boumourt,64
64145,64800,Bourdettes,64
64146,64450,Bournos,64
64147,64240,Briscous,64
64148,64800,Bruges-Capbis-Mifaget,64
64149,64190,Bugnein,64
64150,64120,Bunus,64
64151,64390,Burgaronne,64
64152,64160,Buros,64
64153,64330,Burosse-Mendousse,64
64154,64220,Bussunarits-Sarrasquette,64
64155,64220,Bustince-Iriberry,64
64156,64680,Buziet,64
64157,64260,Buzy,64
64158,64410,Cabidos,64
64159,64330,Cadillon,64
64160,64250,Cambo-les-Bains,64
64161,64520,Came,64
64162,64470,Camou-Cihigue,64
64165,64360,Cardesse,64
64167,64160,Carrère,64
64168,64270,Carresse-Cassaber,64
64171,64170,Casteide-Cami,64
64172,64370,Casteide-Candau,64
64173,64460,Casteide-Doat,64
64174,64460,Castéra-Loubix,64
64175,64260,Castet,64
64176,64190,Castetbon,64
64177,64300,Castétis,64
64178,64190,Castetnau-Camblong,64
64179,64300,Castetner,64
64180,64330,Castetpugon,64
64181,64370,Castillon Canton d'Arthez-de-Béarn,64
64182,64350,Castillon Canton de Lembeye,64
64183,64230,Caubios-Loos,64
64185,64490,Cette-Eygun,64
64186,64190,Charre,64
64187,64130,Charritte-de-Bas,64
64188,64130,Chéraute,64
64189,64500,Ciboure,64
64190,64330,Claracq,64
64191,64800,Coarraze,64
64192,64330,Conchez-de-Béarn,64
64193,64350,Corbère-Abères,64
64194,64160,Coslédaà-Lube-Boast,64
64195,64410,Coublucq,64
64196,64350,Crouseilles,64
64197,64360,Cuqueron,64
64198,64230,Denguin,64
64199,64330,Diusse,64
64200,64370,Doazon,64
64201,64190,Dognen,64
64202,64120,Domezain-Berraute,64
64203,64450,Doumy,64
64204,64440,Eaux-Bonnes,64
64205,64270,Escos,64
64206,64490,Escot,64
64207,64870,Escou,64
64208,64160,Escoubès,64
64209,64870,Escout,64
64210,64350,Escurès,64
64211,64420,Eslourenties-Daban,64
64212,64160,Espéchède,64
64213,64250,Espelette,64
64214,64130,Espès-Undurein,64
64215,64390,Espiute,64
64216,64420,Espoey,64
64217,64400,Esquiule,64
64218,64220,Estérençuby,64
64219,64290,Estialescq,64
64220,64400,Estos,64
64221,64120,Etcharry,64
64222,64470,Etchebar,64
64223,64490,Etsaut,64
64224,64400,Eysus,64
64225,64570,Ance Féas,64
64226,64410,Fichous-Riumayou,64
64227,64160,Gabaston,64
64228,64120,Gabat,64
64229,64220,Gamarthe,64
64230,64290,Gan,64
64231,64130,Garindein,64
64232,64450,Garlède-Mondebat,64
64233,64330,Garlin,64
64234,64410,Garos,64
64235,64120,Garris,64
64236,64350,Gayon,64
64237,64110,Gelos,64
64239,64160,Gerderest,64
64240,64260,Gère-Bélesten,64
64241,64400,Géronce,64
64242,64190,Gestas,64
64243,64370,Géus-d'Arzacq,64
64244,64400,Geüs-d'Oloron,64
64245,64400,Goès,64
64246,64420,Gomer,64
64247,64130,Gotein-Libarrenx,64
64249,64210,Guéthary,64
64250,64520,Guiche,64
64251,64390,Guinarthe-Parenties,64
64252,64400,Gurmençon,64
64253,64190,Gurs,64
64254,64370,Hagetaubin,64
64255,64480,Halsou,64
64256,64240,Hasparren,64
64257,64800,Haut-de-Bosdarros,64
64259,64640,Hélette,64
64260,64700,Hendaye,64
64261,64680,Herrère,64
64262,64160,Higuères-Souye,64
64263,64270,L'Hôpital-d'Orion,64
64264,64130,L'Hôpital-Saint-Blaise,64
64265,64120,Hosta,64
64266,64420,Hours,64
64267,64120,Ibarrolle,64
64268,64130,Idaux-Mendy,64
64269,64320,Idron,64
64270,64800,Igon,64
64271,64640,Iholdy,64
64272,64120,Ilharre,64
64273,64780,Irissarry,64
64274,64220,Irouléguy,64
64275,64220,Ispoure,64
64276,64570,Issor,64
64277,64240,Isturits,64
64279,64250,Itxassou,64
64280,64260,Izeste,64
64281,64190,Jasses,64
64282,64480,Jatxou,64
64283,64220,Jaxu,64
64284,64110,Jurançon,64
64285,64120,Juxue,64
64286,64300,Laà-Mondrans,64
64287,64390,Laàs,64
64288,64170,Labastide-Cézéracq,64
64289,64240,La Bastide-Clairence,64
64290,64170,Labastide-Monréjeau,64
64291,64270,Labastide-Villefranche,64
64292,64530,Labatmale,64
64294,64120,Labets-Biscay,64
64295,64300,Labeyrie,64
64296,64300,Lacadée,64
64297,64220,Lacarre,64
64298,64470,Lacarry-Arhan-Charritte-de-Haut,64
64299,64360,Lacommande,64
64300,64170,Lacq,64
64301,64150,Lagor,64
64302,64800,Lagos,64
64303,64470,Laguinge-Restoue,64
64304,64990,Lahonce,64
64305,64270,Lahontan,64
64306,64150,Lahourcade,64
64307,64350,Lalongue,64
64308,64450,Lalonquette,64
64309,64460,Lamayou,64
64310,64570,Lanne-en-Barétous,64
64311,64350,Lannecaube,64
64312,64300,Lanneplaà,64
64313,64640,Lantabat,64
64314,64120,Larceveau-Arros-Cibits,64
64315,64110,Laroin,64
64316,64560,Larrau,64
64317,64480,Larressore,64
64318,64410,Larreule,64
64319,64120,Larribar-Sorhapuru,64
64320,64440,Laruns,64
64321,64450,Lasclaveries,64
64324,64290,Lasseube,64
64325,64290,Lasseubetat,64
64326,64190,Lay-Lamidou,64
64327,64220,Lecumberry,64
64328,64400,Ledeuix,64
64329,64320,Lée,64
64330,64490,Lées-Athas,64
64331,64350,Lembeye,64
64332,64450,Lème,64
64334,64270,Léren,64
64335,64230,Lescar,64
64336,64490,Lescun,64
64337,64350,Lespielle,64
64338,64160,Lespourcy,64
64339,64800,Lestelle-Bétharram,64
64340,64470,Lichans-Sunhar,64
64341,64130,Lichos,64
64342,64560,Licq-Athérey,64
64343,64420,Limendous,64
64344,64530,Livron,64
64345,64120,Lohitzun-Oyhercq,64
64346,64160,Lombia,64
64347,64410,Lonçon,64
64348,64140,Lons,64
64349,64300,Loubieng,64
64350,64250,Louhossoa,64
64351,64570,Lourdios-Ichère,64
64352,64420,Lourenties,64
64353,64260,Louvie-Juzon,64
64354,64440,Louvie-Soubiron,64
64356,64350,Luc-Armau,64
64357,64350,Lucarré,64
64358,64420,Lucgarier,64
64359,64360,Lucq-de-Béarn,64
64360,64660,Lurbe-Saint-Christau,64
64361,64160,Lussagnet-Lusson,64
64362,64120,Luxe-Sumberraute,64
64364,64240,Macaye,64
64365,64410,Malaussanne,64
64366,64330,Mascaraàs-Haron,64
64367,64300,Maslacq,64
64368,64120,Masparraute,64
64369,64350,Maspie-Lalonquère-Juillacq,64
64370,64160,Maucor,64
64371,64130,Mauléon-Licharre,64
64372,64460,Maure,64
64373,64110,Mazères-Lezons,64
64375,64120,Méharin,64
64376,64510,Meillon,64
64377,64240,Mendionde,64
64378,64130,Menditte,64
64379,64220,Mendive,64
64380,64410,Méracq,64
64381,64190,Méritein,64
64382,64370,Mesplède,64
64383,64410,Mialos,64
64385,64450,Miossens-Lanusse,64
64386,64800,Mirepeix,64
64387,64230,Momas,64
64388,64350,Momy,64
64389,64160,Monassut-Audiracq,64
64391,64130,Moncayolle-Larrory-Mendibieu,64
64392,64330,Moncla,64
64393,64360,Monein,64
64394,64350,Monpezat,64
64396,64300,Mont,64
64397,64410,Montagut,64
64398,64460,Montaner,64
64399,64121,Montardon,64
64401,64330,Mont-Disse,64
64404,64470,Montory,64
64405,64160,Morlaàs,64
64406,64370,Morlanne,64
64407,64990,Mouguerre,64
64408,64330,Mouhous,64
64409,64400,Moumour,64
64410,64150,Mourenx,64
64411,64130,Musculdy,64
64412,64190,Nabas,64
64413,64510,Narcastet,64
64414,64190,Narp,64
64415,64450,Navailles-Angos,64
64416,64190,Navarrenx,64
64418,64150,Noguères,64
64419,64420,Nousty,64
64420,64190,Ogenne-Camptort,64
64421,64680,Ogeu-les-Bains,64
64422,64400,Oloron-Sainte-Marie,64
64423,64390,Oraàs,64
64424,64130,Ordiarp,64
64425,64120,Orègue,64
64426,64400,Orin,64
64427,64390,Orion,64
64428,64390,Orriule,64
64429,64120,Orsanco,64
64430,64300,Orthez,64
64431,64150,Os-Marsillon,64
64432,64470,Ossas-Suhare,64
64433,64490,Osse-en-Aspe,64
64434,64190,Ossenx,64
64435,64390,Osserain-Rivareyte,64
64436,64780,Ossès,64
64437,64120,Ostabat-Asme,64
64438,64160,Ouillon,64
64439,64320,Ousse,64
64440,64300,Ozenx-Montestrucq,64
64441,64120,Pagolle,64
64442,64360,Parbayse,64
64443,64150,Pardies,64
64444,64800,Pardies-Piétat,64
64445,64000,Pau,64
64446,64350,Peyrelongue-Abos,64
64447,64410,Piets-Plasence-Moustrou,64
64448,64230,Poey-de-Lescar,64
64449,64400,Poey-d'Oloron,64
64450,64370,Pomps,64
64451,64460,Ponson-Debat-Pouts,64
64452,64460,Ponson-Dessus,64
64453,64530,Pontacq,64
64454,64460,Pontiacq-Viellepinte,64
64455,64330,Portet,64
64456,64410,Pouliacq,64
64457,64410,Poursiugues-Boucoue,64
64458,64190,Préchacq-Josbaig,64
64459,64190,Préchacq-Navarrenx,64
64460,64400,Précilhon,64
64461,64270,Puyoô,64
64462,64270,Ramous,64
64463,64260,Rébénacq,64
64464,64330,Ribarrouy,64
64465,64160,Riupeyrous,64
64466,64190,Rivehaute,64
64467,64110,Rontignon,64
64468,64130,Roquiague,64
64469,64800,Saint-Abit,64
64470,64160,Saint-Armou,64
64471,64300,Saint-Boès,64
64472,64160,Saint-Castin,64
64473,64260,Sainte-Colome,64
64474,64270,Saint-Dos,64
64475,64560,Sainte-Engrâce,64
64476,64640,Saint-Esteben,64
64477,64430,Saint-Étienne-de-Baïgorry,64
64478,64110,Saint-Faust,64
64479,64300,Saint-Girons-en-Béarn,64
64480,64390,Saint-Gladie-Arrive-Munein,64
64481,64400,Saint-Goin,64
64482,64160,Saint-Jammes,64
64483,64500,Saint-Jean-de-Luz,64
64485,64220,Saint-Jean-Pied-de-Port,64
64486,64330,Saint-Jean-Poudge,64
64487,64120,Saint-Just-Ibarre,64
64488,64160,Saint-Laurent-Bretagne,64
64489,64640,Saint-Martin-d'Arberoue,64
64490,64780,Saint-Martin-d'Arrossa,64
64494,64270,Saint-Pé-de-Léren,64
64495,64310,Saint-Pée-sur-Nivelle,64
64496,64990,Saint-Pierre-d'Irube,64
64499,64270,Salies-de-Béarn,64
64500,64300,Salles-Mongiscard,64
64501,64300,Sallespisse,64
64502,64520,Sames,64
64503,64350,Samsons-Lion,64
64504,64310,Sare,64
64505,64300,Sarpourenx,64
64506,64490,Sarrance,64
64507,64420,Saubole,64
64508,64400,Saucède,64
64509,64470,Sauguis-Saint-Étienne,64
64510,64300,Sault-de-Navailles,64
64511,64230,Sauvagnon,64
64512,64150,Sauvelade,64
64513,64390,Sauveterre-de-Béarn,64
64514,64410,Séby,64
64515,64160,Sedze-Maubecq,64
64516,64160,Sedzère,64
64517,64350,Séméacq-Blachon,64
64519,64121,Serres-Castet,64
64520,64160,Serres-Morlaàs,64
64521,64170,Serres-Sainte-Marie,64
64522,64260,Sévignacq-Meyracq,64
64523,64160,Sévignacq,64
64524,64350,Simacourbe,64
64525,64230,Siros,64
64526,64420,Soumoulou,64
64527,64250,Souraïde,64
64528,64780,Suhescun,64
64529,64190,Sus,64
64530,64190,Susmiou,64
64531,64190,Tabaille-Usquain,64
64532,64330,Tadousse-Ussau,64
64533,64470,Tardets-Sorholus,64
64534,64330,Taron-Sadirac-Viellenave,64
64535,64360,Tarsacq,64
64537,64470,Trois-Villes,64
64538,64220,Uhart-Cize,64
64539,64120,Uhart-Mixe,64
64540,64990,Urcuit,64
64541,64370,Urdès,64
64542,64490,Urdos,64
64543,64430,Urepel,64
64544,64160,Urost,64
64545,64122,Urrugne,64
64546,64240,Urt,64
64547,64480,Ustaritz,64
64548,64370,Uzan,64
64549,64230,Uzein,64
64550,64110,Uzos,64
64551,64400,Verdets,64
64552,64330,Vialer,64
64554,64170,Viellenave-d'Arthez,64
64555,64190,Viellenave-de-Navarrenx,64
64556,64150,Vielleségure,64
64557,64410,Vignes,64
64558,64990,Villefranque,64
64559,64130,Viodos-Abense-de-Bas,64
64560,64450,Viven,64
65001,65260,Adast,65
65002,65100,Adé,65
65003,65240,Adervielle-Pouchergues,65
65004,65400,Agos-Vidalos,65
65005,65360,Allier,65
65006,65440,Ancizan,65
65007,65390,Andrest,65
65009,65150,Anères,65
65010,65690,Angos,65
65012,65370,Anla,65
65013,65140,Ansost,65
65014,65370,Antichan,65
65015,65220,Antin,65
65016,65200,Antist,65
65017,65170,Aragnouet,65
65018,65560,Arbéost,65
65019,65360,Arcizac-Adour,65
65020,65100,Arcizac-ez-Angles,65
65021,65400,Arcizans-Avant,65
65022,65400,Arcizans-Dessus,65
65023,65240,Ardengost,65
65024,65200,Argelès-Bagnères,65
65025,65400,Argelès-Gazost,65
65026,65230,Aries-Espénan,65
65028,65670,Arné,65
65029,65400,Arras-en-Lavedan,65
65031,65240,Arreau,65
65032,65400,Arrens-Marsous,65
65033,65100,Arrodets-ez-Angles,65
65034,65130,Arrodets,65
65035,65500,Artagnan,65
65036,65400,Artalens-Souin,65
65037,65130,Artiguemy,65
65039,65240,Aspin-Aure,65
65040,65100,Aspin-en-Lavedan,65
65041,65130,Asque,65
65042,65200,Asté,65
65043,65200,Astugue,65
65044,65350,Aubarède,65
65045,65400,Aucun,65
65049,65700,Auriébat,65
65050,65240,Avajan,65
65051,65660,Aventignan,65
65052,65380,Averan,65
65053,65370,Aveux,65
65054,65130,Avezac-Prat-Lahitte,65
65055,65400,Ayros-Arbouix,65
65056,65400,Ayzac-Ost,65
65057,65380,Azereix,65
65058,65170,Azet,65
65059,65200,Bagnères-de-Bigorre,65
65060,65200,Banios,65
65061,65140,Barbachen,65
65062,65690,Barbazan-Debat,65
65063,65360,Barbazan-Dessus,65
65064,65240,Bareilles,65
65065,65100,Barlest,65
65066,65240,Barrancoueu,65
65067,65380,Barry,65
65068,65230,Barthe,65
65069,65250,La Barthe-de-Neste,65
65070,65100,Bartrès,65
65071,65130,Batsère,65
65072,65460,Bazet,65
65073,65140,Bazillac,65
65074,65670,Bazordan,65
65075,65170,Bazus-Aure,65
65076,65250,Bazus-Neste,65
65077,65400,Beaucens,65
65078,65710,Beaudéan,65
65079,65190,Bégole,65
65081,65130,Benqué-Molère,65
65082,65100,Berbérust-Lias,65
65083,65360,Bernac-Debat,65
65084,65360,Bernac-Dessus,65
65085,65220,Bernadets-Debat,65
65086,65190,Bernadets-Dessus,65
65087,65370,Bertren,65
65088,65230,Betbèze,65
65089,65120,Betpouey,65
65090,65230,Betpouy,65
65091,65130,Bettes,65
65092,65410,Beyrède-Jumet,65
65094,65150,Bizous,65
65095,65220,Bonnefont,65
65096,65130,Bonnemazon,65
65097,65330,Bonrepos,65
65098,65400,Boô-Silhen,65
65099,65590,Bordères-Louron,65
65100,65320,Bordères-sur-l'Échez,65
65102,65140,Bouilh-Devant,65
65103,65350,Bouilh-Péreuilh,65
65104,65350,Boulin,65
65105,65130,Bourg-de-Bigorre,65
65106,65170,Bourisp,65
65107,65100,Bourréac,65
65109,65370,Bramevaque,65
65110,65220,Bugard,65
65111,65130,Bulan,65
65112,65400,Bun,65
65113,65190,Burg,65
65114,65140,Buzon,65
65115,65350,Cabanac,65
65116,65240,Cadéac,65
65117,65170,Cadeilhan-Trachère,65
65118,65190,Caharet,65
65119,65500,Caixon,65
65120,65190,Calavanté,65
65121,65500,Camalès,65
65122,65410,Camous,65
65123,65710,Campan,65
65124,65170,Camparan,65
65125,65300,Campistrous,65
65126,65230,Campuzan,65
65127,65130,Capvern,65
65128,65330,Castelbajac,65
65129,65230,Castelnau-Magnoac,65
65130,65700,Castelnau-Rivière-Basse,65
65131,65350,Castelvieilh,65
65132,65190,Castéra-Lanusse,65
65133,65350,Castéra-Lou,65
65134,65230,Casterets,65
65137,65700,Caussade-Rivière,65
65138,65110,Cauterets,65
65139,65370,Cazarilh,65
65140,65590,Cazaux-Debat,65
65141,65240,Cazaux-Fréchet-Anéran-Camors,65
65142,65350,Chelle-Debat,65
65143,65130,Chelle-Spou,65
65144,65100,Cheust,65
65145,65120,Chèze,65
65146,65800,Chis,65
65147,65200,Cieutat,65
65148,65230,Cizos,65
65150,65300,Clarens,65
65153,65350,Coussan,65
65154,65370,Créchets,65
65155,65230,Devèze,65
65156,65350,Dours,65
65157,65170,Ens,65
65158,65370,Esbareich,65
65159,65250,Escala,65
65160,65500,Escaunets,65
65161,65140,Escondeaux,65
65162,65130,Esconnets,65
65163,65130,Escots,65
65164,65100,Escoubès-Pouts,65
65165,65130,Esparros,65
65166,65130,Espèche,65
65167,65130,Espieilh,65
65168,65120,Esquièze-Sère,65
65170,65220,Estampures,65
65171,65240,Estarvielle,65
65172,65170,Estensan,65
65173,65120,Esterre,65
65174,65700,Estirac,65
65175,65370,Ferrère,65
65177,65220,Fontrailles,65
65178,65220,Fréchède,65
65179,65130,Fréchendets,65
65180,65240,Fréchet-Aure,65
65181,65190,Fréchou-Fréchet,65
65182,65400,Gaillagos,65
65183,65330,Galan,65
65184,65330,Galez,65
65185,65320,Gardères,65
65186,65370,Gaudent,65
65187,65670,Gaussan,65
65189,65320,Gayan,65
65190,65250,Gazave,65
65191,65100,Gazost,65
65192,65120,Gavarnie-Gèdre,65
65193,65370,Gembrie,65
65194,65150,Générest,65
65198,65200,Gerde,65
65199,65240,Germ,65
65200,65200,Germs-sur-l'Oussouet,65
65201,65100,Geu,65
65202,65400,Gez,65
65203,65100,Gez-ez-Angles,65
65204,65350,Gonez,65
65205,65240,Gouaux,65
65206,65190,Goudon,65
65207,65130,Gourgue,65
65208,65170,Grailhen,65
65209,65240,Grézian,65
65210,65120,Grust,65
65211,65170,Guchan,65
65212,65240,Guchen,65
65213,65230,Guizerix,65
65214,65230,Hachan,65
65215,65700,Hagedet,65
65216,65200,Hauban,65
65217,65150,Hautaget,65
65218,65250,Hèches,65
65219,65700,Hères,65
65220,65380,Hibarette,65
65221,65200,Hiis,65
65222,65190,Hitte,65
65223,65310,Horgues,65
65224,65330,Houeydets,65
65225,65350,Hourc,65
65226,65420,Ibos,65
65228,65410,Ilhet,65
65229,65370,Ilheu,65
65230,65370,Izaourt,65
65231,65250,Izaux,65
65232,65350,Jacque,65
65233,65100,Jarret,65
65234,65240,Jézeau,65
65235,65290,Juillan,65
65236,65100,Julos,65
65237,65100,Juncalas,65
65238,65200,Labassère,65
65239,65130,Labastide,65
65240,65700,Labatut-Rivière,65
65241,65130,Laborde,65
65242,65140,Lacassagne,65
65243,65700,Lafitole,65
65247,65100,Arrayou-Lahitte,65
65248,65700,Lahitte-Toupière,65
65250,65220,Lalanne-Trie,65
65251,65310,Laloubère,65
65252,65380,Lamarque-Pontacq,65
65253,65220,Lamarque-Rustaing,65
65254,65140,Laméac,65
65256,65190,Lanespède,65
65257,65380,Lanne,65
65258,65300,Lannemezan,65
65260,65220,Lapeyre,65
65261,65670,Laran,65
65264,65700,Lascazères,65
65265,65350,Laslades,65
65266,65670,Lassales,65
65267,65400,Lau-Balagnas,65
65268,65380,Layrisse,65
65269,65140,Lescurry,65
65270,65190,Lespouey,65
65271,65100,Lézignan,65
65272,65190,Lhez,65
65273,65140,Liac,65
65274,65330,Libaros,65
65275,65200,Lies,65
65276,65350,Lizos,65
65277,65150,Lombrès,65
65278,65130,Lomné,65
65279,65250,Lortet,65
65280,65100,Loubajac,65
65281,65200,Loucrup,65
65282,65240,Loudenvielle,65
65283,65240,Loudervielle,65
65284,65290,Louey,65
65285,65350,Louit,65
65286,65100,Lourdes,65
65287,65370,Loures-Barousse,65
65288,65220,Lubret-Saint-Luc,65
65289,65220,Luby-Betmont,65
65291,65100,Lugagnan,65
65292,65320,Luquet,65
65293,65220,Lustar,65
65294,65300,Lutilhous,65
65295,65120,Luz-Saint-Sauveur,65
65296,65700,Madiran,65
65297,65140,Mansan,65
65298,65350,Marquerie,65
65304,65700,Maubourguet,65
65305,65370,Mauléon-Barousse,65
65307,65150,Mazères-de-Neste,65
65309,65250,Mazouau,65
65310,65200,Mérilheu,65
65311,65140,Mingot,65
65312,65130,Molère,65
65313,65360,Momères,65
65315,65670,Monléon-Magnoac,65
65316,65670,Monlong,65
65322,65250,Montoussé,65
65323,65150,Montsérié,65
65324,65190,Moulédous,65
65325,65140,Moumoulous,65
65326,65350,Mun,65
65327,65150,Nestier,65
65328,65200,Neuilh,65
65329,65150,Nistos,65
65330,65500,Nouilhan,65
65331,65310,Odos,65
65332,65350,Oléac-Debat,65
65333,65190,Oléac-Dessus,65
65334,65100,Omex,65
65335,65200,Ordizan,65
65336,65230,Organ,65
65337,65190,Orieux,65
65338,65200,Orignac,65
65339,65380,Orincles,65
65340,65800,Orleix,65
65341,65320,Oroix,65
65342,65350,Osmets,65
65343,65100,Ossen,65
65344,65380,Ossun,65
65345,65100,Ossun-ez-Angles,65
65346,65190,Oueilloux,65
65347,65370,Ourde,65
65348,65100,Ourdis-Cotdoussan,65
65349,65100,Ourdon,65
65350,65490,Oursbelille,65
65351,65100,Ousté,65
65352,65400,Ouzous,65
65354,65240,Pailhac,65
65355,65100,Paréac,65
65357,65190,Peyraube,65
65358,65230,Peyret-Saint-André,65
65359,65350,Peyriguère,65
65360,65270,Peyrouse,65
65361,65140,Peyrun,65
65362,65260,Pierrefitte-Nestalas,65
65363,65300,Pinas,65
65364,65320,Pintac,65
65366,65100,Poueyferré,65
65367,65190,Poumarous,65
65368,65230,Pouy,65
65369,65350,Pouyastruc,65
65370,65200,Pouzac,65
65372,65500,Pujo,65
65373,65230,Puntous,65
65374,65220,Puydarrieux,65
65375,65140,Rabastens-de-Bigorre,65
65376,65330,Recurt,65
65380,65350,Sabalos,65
65381,65330,Sabarros,65
65382,65370,Sacoué,65
65383,65220,Sadournin,65
65384,65170,Sailhan,65
65387,65700,Saint-Lanne,65
65388,65170,Saint-Lary-Soulan,65
65389,65150,Saint-Laurent-de-Neste,65
65390,65500,Saint-Lézer,65
65393,65400,Saint-Pastous,65
65395,65270,Saint-Pé-de-Bigorre,65
65397,65140,Saint-Sever-de-Rustan,65
65398,65370,Saléchan,65
65399,65120,Saligos,65
65401,65360,Salles-Adour,65
65402,65370,Samuran,65
65403,65500,Sanous,65
65404,65230,Sariac-Magnoac,65
65405,65130,Sarlabous,65
65406,65390,Sarniguet,65
65407,65370,Sarp,65
65408,65410,Sarrancolin,65
65409,65140,Sarriac-Bigorre,65
65410,65600,Sarrouilles,65
65411,65120,Sassis,65
65413,65120,Sazos,65
65415,65100,Ségus,65
65416,65150,Seich,65
65417,65600,Séméac,65
65418,65140,Sénac,65
65419,65330,Sentous,65
65420,65400,Sère-en-Lavedan,65
65421,65100,Sère-Lanso,65
65422,65320,Séron,65
65423,65220,Sère-Rustaing,65
65425,65500,Siarrouy,65
65426,65190,Sinzos,65
65427,65370,Siradan,65
65428,65400,Sireix,65
65429,65700,Sombrun,65
65430,65350,Soréac,65
65431,65370,Sost,65
65432,65700,Soublecause,65
65433,65430,Soues,65
65435,65260,Soulom,65
65436,65350,Souyeaux,65
65437,65300,Tajan,65
65438,65500,Talazac,65
65439,65320,Tarasteix,65
65440,65000,Tarbes,65
65441,65370,Thèbe,65
65442,65230,Thermes-Magnoac,65
65443,65350,Thuy,65
65444,65150,Tibiran-Jaunac,65
65445,65130,Tilhouse,65
65446,65140,Tostat,65
65447,65190,Tournay,65
65448,65220,Tournous-Darré,65
65449,65330,Tournous-Devant,65
65450,65170,Tramezaïgues,65
65451,65200,Trébons,65
65452,65220,Trie-sur-Baïse,65
65453,65370,Troubat,65
65454,65140,Trouley-Labarthe,65
65455,65150,Tuzaguet,65
65456,65300,Uglas,65
65457,65140,Ugnouas,65
65458,65400,Uz,65
65460,65500,Vic-en-Bigorre,65
65461,65220,Vidou,65
65462,65700,Vidouze,65
65464,65360,Vielle-Adour,65
65465,65170,Vielle-Aure,65
65466,65240,Vielle-Louron,65
65467,65400,Vier-Bordes,65
65468,65230,Vieuzos,65
65469,65120,Viey,65
65470,65100,Viger,65
65471,65170,Vignec,65
65473,65260,Villelongue,65
65474,65220,Villembits,65
65475,65230,Villemur,65
65476,65500,Villenave-près-Béarn,65
65477,65500,Villenave-près-Marsac,65
65478,65120,Viscos,65
65479,65200,Visker,65
65480,65120,Vizos,65
65481,65120,Barèges,65
65482,65150,Cantaous,65
66001,66480,L'Albère,66
66002,66200,Alénya,66
66003,66110,Amélie-les-Bains-Palalda,66
66005,66760,Angoustrine-Villeneuve-des-Escaldes,66
66006,66220,Ansignan,66
66007,66320,Arboussols,66
66008,66700,Argelès-sur-Mer,66
66009,66150,Arles-sur-Tech,66
66010,66360,Ayguatébia-Talau,66
66011,66670,Bages,66
66012,66540,Baho,66
66013,66320,Baillestavy,66
66014,66390,Baixas,66
66015,66300,Banyuls-dels-Aspres,66
66016,66650,Banyuls-sur-Mer,66
66017,66420,Le Barcarès,66
66018,66110,La Bastide,66
66020,66210,Bolquère,66
66022,66130,Boule-d'Amont,66
66023,66130,Bouleternère,66
66024,66160,Le Boulou,66
66025,66760,Bourg-Madame,66
66026,66620,Brouilla,66
66027,66210,La Cabanasse,66
66028,66330,Cabestany,66
66029,66300,Caixas,66
66030,66600,Calce,66
66032,66400,Calmeilles,66
66033,66300,Camélas,66
66034,66500,Campôme,66
66035,66730,Campoussy,66
66036,66360,Canaveilles,66
66037,66140,Canet-en-Roussillon,66
66038,66680,Canohès,66
66039,66720,Caramany,66
66040,66130,Casefabre,66
66041,66600,Cases-de-Pène,66
66043,66820,Casteil,66
66044,66300,Castelnou,66
66045,66500,Catllar,66
66046,66220,Caudiès-de-Fenouillèdes,66
66047,66360,Caudiès-de-Conflent,66
66048,66290,Cerbère,66
66049,66400,Céret,66
66050,66530,Claira,66
66051,66500,Clara-Villerach,66
66052,66500,Codalet,66
66053,66190,Collioure,66
66054,66500,Conat,66
66055,66130,Corbère,66
66056,66130,Corbère-les-Cabanes,66
66057,66820,Corneilla-de-Conflent,66
66058,66550,Corneilla-la-Rivière,66
66059,66200,Corneilla-del-Vercol,66
66060,66150,Corsavy,66
66061,66260,Coustouges,66
66062,66760,Dorres,66
66063,66480,Les Cluses,66
66064,66120,Égat,66
66065,66200,Elne,66
66066,66760,Enveitg,66
66067,66800,Err,66
66068,66360,Escaro,66
66069,66600,Espira-de-l'Agly,66
66070,66320,Espira-de-Conflent,66
66071,66310,Estagel,66
66072,66800,Estavar,66
66073,66320,Estoher,66
66074,66500,Eus,66
66075,66800,Eyne,66
66076,66730,Felluns,66
66078,66820,Fillols,66
66079,66320,Finestret,66
66080,66360,Fontpédrouse,66
66081,66210,Fontrabiouse,66
66082,66210,Formiguères,66
66083,66220,Fosse,66
66085,66820,Fuilla,66
66086,66320,Glorianes,66
66088,66130,Ille-sur-Têt,66
66089,66320,Joch,66
66090,66360,Jujols,66
66091,66230,Lamanère,66
66093,66740,Laroque-des-Albères,66
66094,66200,Latour-Bas-Elne,66
66095,66760,Latour-de-Carol,66
66096,66720,Latour-de-France,66
66097,66220,Lesquerde,66
66098,66210,La Llagonne,66
66099,66300,Llauro,66
66100,66800,Llo,66
66101,66300,Llupia,66
66102,66360,Mantet,66
66103,66320,Marquixanes,66
66104,66500,Los Masos,66
66105,66210,Matemale,66
66106,66480,Maureillas-las-Illas,66
66107,66460,Maury,66
66108,66170,Millas,66
66109,66500,Molitg-les-Bains,66
66111,66130,Montalba-le-Château,66
66113,66110,Montbolo,66
66114,66200,Montescot,66
66115,66740,Montesquieu-des-Albères,66
66116,66150,Montferrer,66
66117,66210,Mont-Louis,66
66118,66720,Montner,66
66119,66500,Mosset,66
66120,66340,Nahuja,66
66121,66170,Néfiach,66
66122,66500,Nohèdes,66
66123,66360,Nyer,66
66124,66120,Font-Romeu-Odeillo-Via,66
66125,66360,Olette,66
66126,66400,Oms,66
66127,66600,Opoul-Périllos,66
66128,66360,Oreilla,66
66129,66560,Ortaffa,66
66130,66340,Osséja,66
66132,66340,Palau-de-Cerdagne,66
66133,66690,Palau-del-Vidre,66
66134,66300,Passa,66
66136,66000,Perpignan,66
66137,66480,Le Perthus,66
66138,66600,Peyrestortes,66
66139,66730,Pézilla-de-Conflent,66
66140,66370,Pézilla-la-Rivière,66
66141,66380,Pia,66
66142,66210,Planès,66
66143,66720,Planèzes,66
66144,66450,Pollestres,66
66145,66300,Ponteilla,66
66146,66760,Porta,66
66147,66760,Porté-Puymorens,66
66148,66660,Port-Vendres,66
66150,66230,Prats-de-Mollo-la-Preste,66
66151,66730,Prats-de-Sournia,66
66152,66220,Prugnanes,66
66153,66130,Prunet-et-Belpuig,66
66154,66210,Puyvalador,66
66155,66360,Py,66
66156,66730,Rabouillet,66
66157,66360,Railleu,66
66158,66720,Rasiguères,66
66159,66210,Réal,66
66160,66400,Reynès,66
66161,66500,Ria-Sirach,66
66162,66320,Rigarda,66
66164,66600,Rivesaltes,66
66165,66320,Rodès,66
66166,66360,Sahorre,66
66167,66800,Saillagouse,66
66168,66690,Saint-André,66
66169,66220,Saint-Arnac,66
66170,66300,Sainte-Colombe-de-la-Commanderie,66
66172,66240,Saint-Estève,66
66173,66170,Saint-Féliu-d'Amont,66
66174,66170,Saint-Féliu-d'Avall,66
66175,66740,Saint-Génis-des-Fontaines,66
66177,66300,Saint-Jean-Lasseille,66
66178,66490,Saint-Jean-Pla-de-Corts,66
66179,66260,Saint-Laurent-de-Cerdans,66
66180,66250,Saint-Laurent-de-la-Salanque,66
66181,66800,Sainte-Léocadie,66
66182,66470,Sainte-Marie-la-Mer,66
66183,66110,Saint-Marsal,66
66184,66220,Saint-Martin-de-Fenouillet,66
66185,66130,Saint-Michel-de-Llotes,66
66187,66220,Saint-Paul-de-Fenouillet,66
66188,66210,Saint-Pierre-dels-Forcats,66
66189,66280,Saleilles,66
66190,66600,Salses-le-Château,66
66191,66360,Sansa,66
66192,66210,Sauto,66
66193,66360,Serdinya,66
66194,66230,Serralongue,66
66195,66270,Le Soler,66
66196,66690,Sorède,66
66197,66360,Souanyas,66
66198,66730,Sournia,66
66199,66400,Taillet,66
66201,66320,Tarerach,66
66202,66120,Targassonne,66
66203,66110,Taulis,66
66204,66500,Taurinya,66
66205,66720,Tautavel,66
66206,66230,Le Tech,66
66207,66300,Terrats,66
66208,66200,Théza,66
66209,66360,Thuès-Entre-Valls,66
66210,66300,Thuir,66
66211,66300,Tordères,66
66212,66440,Torreilles,66
66213,66350,Toulouges,66
66214,66300,Tresserre,66
66215,66130,Trévillach,66
66216,66220,Trilla,66
66217,66300,Trouillas,66
66218,66760,Ur,66
66219,66500,Urbanya,66
66220,66340,Valcebollère,66
66221,66320,Valmanya,66
66222,66820,Vernet-les-Bains,66
66223,66500,Villefranche-de-Conflent,66
66224,66410,Villelongue-de-la-Salanque,66
66225,66740,Villelongue-dels-Monts,66
66226,66300,Villemolaque,66
66227,66180,Villeneuve-de-la-Raho,66
66228,66610,Villeneuve-la-Rivière,66
66230,66320,Vinça,66
66231,66600,Vingrau,66
66233,66490,Vivès,66
66234,66730,Le Vivier,66
67001,67204,Achenheim,67
67002,67320,Adamswiller,67
67003,67220,Albé,67
67004,67310,Sommerau,67
67005,67270,Alteckendorf,67
67006,67490,Altenheim,67
67008,67120,Altorf,67
67009,67260,Altwiller,67
67010,67140,Andlau,67
67011,67390,Artolsheim,67
67012,67250,Aschbach,67
67013,67320,Asswiller,67
67014,67480,Auenheim,67
67016,67120,Avolsheim,67
67017,67320,Baerendorf,67
67018,67310,Balbronn,67
67019,67600,Baldenheim,67
67020,67130,Barembach,67
67021,67140,Barr,67
67022,67220,Bassemberg,67
67023,67500,Batzendorf,67
67025,67930,Beinheim,67
67026,67130,Bellefosse,67
67028,67230,Benfeld,67
67029,67320,Berg,67
67030,67310,Bergbieten,67
67031,67210,Bernardswiller,67
67032,67140,Bernardvillé,67
67033,67170,Bernolsheim,67
67034,67370,Berstett,67
67035,67170,Berstheim,67
67036,67320,Bettwiller,67
67037,67360,Biblisheim,67
67038,67720,Bietlenheim,67
67039,67170,Bilwisheim,67
67040,67600,Bindernheim,67
67043,67800,Bischheim,67
67044,67340,Bischholtz,67
67045,67870,Bischoffsheim,67
67046,67240,Bischwiller,67
67047,67260,Bissert,67
67048,67350,Bitschhoffen,67
67049,67113,Blaesheim,67
67050,67130,Blancherupt,67
67051,67650,Blienschwiller,67
67052,67530,Bœrsch,67
67053,67390,Bœsenbiesen,67
67054,67150,Bolsenheim,67
67055,67860,Boofzheim,67
67056,67390,Bootzheim,67
67057,67330,Bosselshausen,67
67058,67270,Bossendorf,67
67059,67420,Bourg-Bruche,67
67060,67140,Bourgheim,67
67061,67330,Bouxwiller,67
67062,67220,Breitenau,67
67063,67220,Breitenbach,67
67065,67112,Breuschwickersheim,67
67066,67130,La Broque,67
67067,67170,Brumath,67
67068,67350,Buswiller,67
67069,67470,Buhl,67
67070,67260,Burbach,67
67071,67320,Bust,67
67072,67430,Butten,67
67074,67160,Cleebourg,67
67075,67510,Climbach,67
67076,67420,Colroy-la-Roche,67
67077,67310,Cosswiller,67
67078,67310,Crastatt,67
67079,67470,Crœttwiller,67
67080,67120,Dachstein,67
67081,67310,Dahlenheim,67
67082,67770,Dalhunden,67
67083,67110,Dambach,67
67084,67650,Dambach-la-Ville,67
67085,67310,Dangolsheim,67
67086,67150,Daubensand,67
67087,67350,Dauendorf,67
67088,67430,Dehlingen,67
67089,67490,Dettwiller,67
67090,67230,Diebolsheim,67
67091,67260,Diedendorf,67
67092,67220,Dieffenbach-au-Val,67
67093,67360,Dieffenbach-lès-Wœrth,67
67094,67650,Dieffenthal,67
67095,67430,Diemeringen,67
67096,67440,Dimbsthal,67
67097,67370,Dingsheim,67
67098,67190,Dinsheim-sur-Bruche,67
67099,67430,Domfessel,67
67100,67170,Donnenheim,67
67101,67120,Dorlisheim,67
67102,67117,Dossenheim-Kochersberg,67
67103,67330,Dossenheim-sur-Zinsel,67
67104,67160,Drachenbronn-Birlenbach,67
67105,67320,Drulingen,67
67106,67410,Drusenheim,67
67107,67270,Duntzenheim,67
67108,67120,Duppigheim,67
67109,67270,Durningen,67
67110,67360,Durrenbach,67
67111,67320,Durstel,67
67112,67120,Duttlenheim,67
67113,67470,Eberbach-Seltz,67
67115,67600,Ebersheim,67
67116,67600,Ebersmunster,67
67117,67700,Eckartswiller,67
67118,67201,Eckbolsheim,67
67119,67550,Eckwersheim,67
67120,67140,Eichhoffen,67
67121,67390,Elsenheim,67
67122,67710,Wangenbourg-Engenthal,67
67123,67350,Engwiller,67
67124,67960,Entzheim,67
67125,67680,Epfig,67
67126,67290,Erckartswiller,67
67127,67120,Ergersheim,67
67128,67120,Ernolsheim-Bruche,67
67129,67330,Ernolsheim-lès-Saverne,67
67130,67150,Erstein,67
67131,67114,Eschau,67
67132,67360,Eschbach,67
67133,67320,Eschbourg,67
67134,67320,Eschwiller,67
67135,67350,Ettendorf,67
67136,67320,Eywiller,67
67137,67640,Fegersheim,67
67138,67117,Fessenheim-le-Bas,67
67139,67310,Flexbourg,67
67140,67480,Forstfeld,67
67141,67580,Forstheim,67
67142,67480,Fort-Louis,67
67143,67220,Fouchy,67
67144,67130,Fouday,67
67145,67490,Friedolsheim,67
67146,67860,Friesenheim,67
67147,67360,Frœschwiller,67
67148,67290,Frohmuhl,67
67149,67700,Furchhausen,67
67150,67117,Furdenheim,67
67151,67760,Gambsheim,67
67152,67118,Geispolsheim,67
67153,67270,Geiswiller-Zœbersdorf,67
67154,67150,Gerstheim,67
67155,67140,Gertwiller,67
67156,67170,Geudertheim,67
67159,67320,Gœrlingen,67
67160,67360,Gœrsdorf,67
67161,67700,Gottenhouse,67
67162,67490,Gottesheim,67
67163,67270,Gougenheim,67
67164,67210,Goxwiller,67
67166,67350,Grassendorf,67
67167,67190,Grendelbruch,67
67168,67190,Gresswiller,67
67169,67240,Gries,67
67172,67870,Griesheim-près-Molsheim,67
67173,67370,Griesheim-sur-Souffel,67
67174,67110,Gumbrechtshoffen,67
67176,67110,Gundershoffen,67
67177,67360,Gunstett,67
67178,67320,Gungwiller,67
67179,67700,Haegen,67
67180,67500,Haguenau,67
67181,67117,Handschuheim,67
67182,67980,Hangenbieten,67
67183,67260,Harskirchen,67
67184,67690,Hatten,67
67185,67330,Hattmatt,67
67186,67360,Hegeney,67
67187,67390,Heidolsheim,67
67188,67190,Heiligenberg,67
67189,67140,Heiligenstein,67
67190,67440,Hengwiller,67
67191,67260,Herbitzheim,67
67192,67230,Herbsheim,67
67194,67850,Herrlisheim,67
67195,67390,Hessenheim,67
67196,67600,Hilsenheim,67
67197,67150,Hindisheim,67
67198,67290,Hinsbourg,67
67199,67260,Hinsingen,67
67200,67150,Hipsheim,67
67201,67320,Hirschland,67
67202,67270,Hochfelden,67
67203,67170,Hochstett,67
67204,67800,Hœnheim,67
67205,67720,Hœrdt,67
67206,67250,Hoffen,67
67208,67310,Hohengœft,67
67209,67270,Hohfrankenheim,67
67210,67140,Le Hohwald,67
67212,67810,Holtzheim,67
67213,67250,Hunspach,67
67214,67117,Hurtigheim,67
67215,67270,Huttendorf,67
67216,67230,Huttenheim,67
67217,67640,Ichtratzheim,67
67218,67400,Illkirch-Graffenstaden,67
67220,67270,Ingenheim,67
67221,67250,Ingolsheim,67
67222,67340,Ingwiller,67
67223,67880,Innenheim,67
67225,67330,Issenhausen,67
67226,67117,Ittenheim,67
67227,67140,Itterswiller,67
67228,67370,Neugartheim-Ittlenheim,67
67229,67440,Jetterswiller,67
67230,67240,Kaltenhouse,67
67231,67480,Kauffenheim,67
67232,67250,Keffenach,67
67233,67230,Kertzfeld,67
67234,67260,Keskastel,67
67235,67930,Kesseldorf,67
67236,67270,Kienheim,67
67237,67840,Kilstett,67
67238,67350,Kindwiller,67
67239,67600,Kintzheim,67
67240,67520,Kirchheim,67
67241,67320,Kirrberg,67
67242,67330,Kirrwiller,67
67244,67440,Kleingœft,67
67245,67310,Knœrsheim,67
67246,67230,Kogenheim,67
67247,67120,Kolbsheim,67
67248,67880,Krautergersheim,67
67249,67170,Krautwiller,67
67250,67170,Kriegsheim,67
67252,67240,Kurtzenhouse,67
67253,67520,Kuttolsheim,67
67254,67250,Kutzenhausen,67
67255,67220,Lalaye,67
67256,67450,Lampertheim,67
67257,67250,Lampertsloch,67
67258,67700,Landersheim,67
67259,67360,Langensoultzbach,67
67260,67580,Laubach,67
67261,67630,Lauterbourg,67
67263,67510,Lembach,67
67264,67480,Leutenheim,67
67265,67340,Lichtenberg,67
67266,67150,Limersheim,67
67267,67380,Lingolsheim,67
67268,67640,Lipsheim,67
67269,67490,Littenheim,67
67270,67270,Lixhausen,67
67271,67250,Lobsann,67
67272,67440,Lochwiller,67
67273,67290,Lohr,67
67274,67430,Lorentzen,67
67275,67490,Lupstein,67
67276,67130,Lutzelhouse,67
67277,67390,Mackenheim,67
67278,67430,Mackwiller,67
67279,67700,Maennolsheim,67
67280,67220,Maisonsgoutte,67
67281,67390,Marckolsheim,67
67282,67520,Marlenheim,67
67283,67440,Marmoutier,67
67285,67150,Matzenheim,67
67286,67210,Meistratzheim,67
67287,67270,Melsheim,67
67288,67250,Memmelshoffen,67
67289,67340,Menchhoffen,67
67290,67250,Merkwiller-Pechelbronn,67
67291,67580,Mertzwiller,67
67292,67580,Mietesheim,67
67293,67270,Minversheim,67
67295,67140,Mittelbergheim,67
67296,67206,Mittelhausbergen,67
67298,67170,Mittelschaeffolsheim,67
67299,67190,Mollkirch,67
67300,67120,Molsheim,67
67301,67670,Mommenheim,67
67302,67700,Monswiller,67
67303,67360,Morsbronn-les-Bains,67
67304,67350,Morschwiller,67
67305,67470,Mothern,67
67306,67130,Muhlbach-sur-Bruche,67
67307,67350,Mulhausen,67
67308,67470,Munchhausen,67
67309,67450,Mundolsheim,67
67310,67600,Mussig,67
67311,67600,Muttersholtz,67
67312,67270,Mutzenhouse,67
67313,67190,Mutzig,67
67314,67130,Natzwiller,67
67315,67630,Neewiller-près-Lauterbourg,67
67317,67220,Neubois,67
67319,67480,Neuhaeusel,67
67320,67220,Neuve-Église,67
67321,67130,Neuviller-la-Roche,67
67322,67330,Neuwiller-lès-Saverne,67
67324,67110,Niederbronn-les-Bains,67
67325,67280,Niederhaslach,67
67326,67207,Niederhausbergen,67
67327,67630,Niederlauterbach,67
67328,67350,Niedermodern,67
67329,67210,Niedernai,67
67330,67470,Niederrœdern,67
67331,67500,Niederschaeffolsheim,67
67333,67330,Niedersoultzbach,67
67334,67510,Niedersteinbach,67
67335,67520,Nordheim,67
67336,67150,Nordhouse,67
67337,67680,Nothalten,67
67338,67230,Obenheim,67
67339,67660,Betschdorf,67
67340,67110,Oberbronn,67
67341,67360,Oberdorf-Spachbach,67
67342,67280,Oberhaslach,67
67343,67205,Oberhausbergen,67
67344,67160,Oberhoffen-lès-Wissembourg,67
67345,67240,Oberhoffen-sur-Moder,67
67346,67160,Oberlauterbach,67
67347,67330,Obermodern-Zutzendorf,67
67348,67210,Obernai,67
67349,67250,Oberrœdern,67
67350,67203,Oberschaeffolsheim,67
67351,67160,Seebach,67
67352,67330,Obersoultzbach,67
67353,67510,Obersteinbach,67
67354,67520,Odratzheim,67
67355,67970,Oermingen,67
67356,67850,Offendorf,67
67358,67340,Offwiller,67
67359,67170,Ohlungen,67
67360,67390,Ohnenheim,67
67361,67170,Olwisheim,67
67362,67600,Orschwiller,67
67363,67990,Osthoffen,67
67364,67150,Osthouse,67
67365,67540,Ostwald,67
67366,67700,Ottersthal,67
67367,67700,Otterswiller,67
67368,67530,Ottrott,67
67369,67320,Ottwiller,67
67370,67290,Petersbach,67
67371,67290,La Petite-Pierre,67
67372,67350,Val de Moder,67
67373,67320,Pfalzweyer,67
67375,67370,Pfulgriesheim,67
67377,67420,Plaine,67
67378,67115,Plobsheim,67
67379,67250,Preuschdorf,67
67380,67490,Printzheim,67
67381,67290,Puberg,67
67382,67117,Quatzenheim,67
67383,67310,Rangen,67
67384,67420,Ranrupt,67
67385,67430,Ratzwiller,67
67386,67320,Rauwiller,67
67387,67140,Reichsfeld,67
67388,67110,Reichshoffen,67
67389,67116,Reichstett,67
67391,67440,Reinhardsmunster,67
67392,67340,Reipertswiller,67
67394,67250,Retschwiller,67
67395,67440,Reutenbourg,67
67396,67320,Rexingen,67
67397,67860,Rhinau,67
67398,67390,Richtolsheim,67
67400,67160,Riedseltz,67
67401,67260,Rimsdorf,67
67402,67350,Ringeldorf,67
67403,67350,Ringendorf,67
67404,67690,Rittershoffen,67
67405,67480,Rœschwoog,67
67406,67270,Rohr,67
67407,67410,Rohrwiller,67
67408,67310,Romanswiller,67
67409,67480,Roppenheim,67
67410,67560,Rosenwiller,67
67411,67560,Rosheim,67
67412,67230,Rossfeld,67
67413,67290,Rosteig,67
67414,67570,Rothau,67
67415,67340,Rothbach,67
67416,67160,Rott,67
67417,67170,Rottelsheim,67
67418,67480,Rountzenheim,67
67420,67130,Russ,67
67421,67420,Saales,67
67422,67390,Saasenheim,67
67423,67270,Saessolsheim,67
67424,67420,Saint-Blaise-la-Roche,67
67425,67700,Saint-Jean-Saverne,67
67428,67530,Saint-Nabor,67
67430,67220,Saint-Pierre-Bois,67
67432,67160,Salmbach,67
67433,67230,Sand,67
67434,67260,Sarre-Union,67
67435,67260,Sarrewerden,67
67437,67700,Saverne,67
67438,67150,Schaeffersheim,67
67439,67270,Schaffhouse-sur-Zorn,67
67440,67470,Schaffhouse-près-Seltz,67
67441,67350,Schalkendorf,67
67442,67310,Scharrachbergheim-Irmstett,67
67443,67630,Scheibenhard,67
67444,67270,Scherlenheim,67
67445,67750,Scherwiller,67
67446,67340,Schillersdorf,67
67447,67300,Schiltigheim,67
67448,67130,Schirmeck,67
67449,67240,Schirrhein,67
67450,67240,Schirrhoffen,67
67451,67160,Schleithal,67
67452,67370,Schnersheim,67
67453,67390,Schœnau,67
67454,67320,Schœnbourg,67
67455,67250,Schœnenbourg,67
67456,67260,Schopperten,67
67458,67590,Schweighouse-sur-Moder,67
67459,67440,Schwenheim,67
67460,67270,Schwindratzheim,67
67461,67390,Schwobsheim,67
67462,67600,Sélestat,67
67463,67470,Seltz,67
67464,67230,Sermersheim,67
67465,67770,Sessenheim,67
67466,67160,Siegen,67
67467,67320,Siewiller,67
67468,67260,Siltzheim,67
67470,67130,Solbach,67
67471,67460,Souffelweyersheim,67
67472,67620,Soufflenheim,67
67473,67120,Soultz-les-Bains,67
67474,67250,Soultz-sous-Forêts,67
67475,67340,Sparsbach,67
67476,67770,Stattmatten,67
67477,67220,Steige,67
67478,67790,Steinbourg,67
67479,67160,Steinseltz,67
67480,67190,Still,67
67481,67140,Stotzheim,67
67482,67000,Strasbourg,67
67483,67290,Struth,67
67484,67250,Stundwiller,67
67485,67370,Stutzheim-Offenheim,67
67486,67920,Sundhouse,67
67487,67250,Surbourg,67
67488,67320,Thal-Drulingen,67
67489,67440,Thal-Marmoutier,67
67490,67220,Thanvillé,67
67491,67290,Tieffenbach,67
67492,67310,Traenheim,67
67493,67220,Triembach-au-Val,67
67494,67470,Trimbach,67
67495,67370,Truchtersheim,67
67497,67350,Uhlwiller,67
67498,67350,Uhrwiller,67
67499,67220,Urbeis,67
67500,67280,Urmatt,67
67501,67150,Uttenheim,67
67502,67110,Uttenhoffen,67
67503,67330,Uttwiller,67
67504,67210,Valff,67
67505,67730,La Vancelle,67
67506,67550,Vendenheim,67
67507,67220,Villé,67
67508,67430,Vœllerdingen,67
67509,67290,Volksberg,67
67510,67170,Wahlenheim,67
67511,67360,Walbourg,67
67513,67130,Waldersbach,67
67514,67430,Waldhambach,67
67515,67700,Waldolwisheim,67
67516,67670,Waltenheim-sur-Zorn,67
67517,67520,Wangen,67
67519,67610,La Wantzenau,67
67520,67310,Wasselonne,67
67521,67340,Weinbourg,67
67522,67290,Weislingen,67
67523,67500,Weitbruch,67
67524,67340,Weiterswiller,67
67525,67310,Westhoffen,67
67526,67230,Westhouse,67
67527,67440,Westhouse-Marmoutier,67
67528,67320,Weyer,67
67529,67720,Weyersheim,67
67530,67270,Wickersheim-Wilshausen,67
67531,67130,Wildersbach,67
67532,67370,Willgottheim,67
67534,67270,Wilwisheim,67
67535,67290,Wimmenau,67
67536,67110,Windstein,67
67537,67510,Wingen,67
67538,67290,Wingen-sur-Moder,67
67539,67170,Wingersheim les Quatre Bans,67
67540,67590,Wintershouse,67
67541,67470,Wintzenbach,67
67542,67370,Wintzenheim-Kochersberg,67
67543,67130,Wisches,67
67544,67160,Wissembourg,67
67545,67230,Witternheim,67
67546,67670,Wittersheim,67
67547,67820,Wittisheim,67
67548,67370,Wiwersheim,67
67550,67360,Wœrth,67
67551,67202,Wolfisheim,67
67552,67260,Wolfskirchen,67
67553,67700,Wolschheim,67
67554,67120,Wolxheim,67
67555,67310,Zehnacker,67
67556,67310,Zeinheim,67
67557,67140,Zellwiller,67
67558,67110,Zinswiller,67
67559,67290,Zittersheim,67
67560,67270,Zœbersdorf,67
68001,68600,Algolsheim,68
68002,68210,Altenach,68
68004,68130,Altkirch,68
68005,68410,Ammerschwihr,68
68006,68210,Bernwiller,68
68007,68280,Andolsheim,68
68008,68280,Appenwihr,68
68009,68320,Artzenheim,68
68011,68700,Aspach-le-Bas,68
68012,68700,Aspach-Michelbach,68
68013,68220,Attenschwiller,68
68014,68150,Aubure,68
68015,68390,Baldersheim,68
68016,68740,Balgau,68
68017,68210,Ballersdorf,68
68018,68210,Balschwiller,68
68019,68320,Baltzenheim,68
68020,68490,Bantzenheim,68
68021,68870,Bartenheim,68
68022,68390,Battenheim,68
68023,68980,Beblenheim,68
68024,68210,Bellemagny,68
68025,68480,Bendorf,68
68026,68126,Bennwihr,68
68027,68130,Berentzwiller,68
68028,68750,Bergheim,68
68029,68500,Bergholtz,68
68030,68500,Bergholtzzell,68
68032,68500,Berrwiller,68
68033,68560,Bettendorf,68
68034,68480,Bettlach,68
68035,68480,Biederthal,68
68036,68600,Biesheim,68
68037,68127,Biltzheim,68
68038,68320,Bischwihr,68
68039,68580,Bisel,68
68040,68620,Bitschwiller-lès-Thann,68
68041,68740,Blodelsheim,68
68042,68730,Blotzheim,68
68043,68540,Bollwiller,68
68044,68650,Le Bonhomme,68
68045,68290,Bourbach-le-Bas,68
68046,68290,Bourbach-le-Haut,68
68050,68210,Bréchaumont,68
68051,68380,Breitenbach-Haut-Rhin,68
68052,68780,Bretten,68
68054,68870,Brinckheim,68
68055,68440,Bruebach,68
68056,68350,Brunstatt-Didenheim,68
68057,68210,Buethwiller,68
68059,68520,Burnhaupt-le-Bas,68
68060,68520,Burnhaupt-le-Haut,68
68061,68220,Buschwiller,68
68062,68130,Carspach,68
68064,68490,Chalampé,68
68065,68210,Chavannes-sur-l'Étang,68
68066,68000,Colmar,68
68067,68480,Courtavon,68
68069,68600,Dessenheim,68
68071,68780,Diefmatten,68
68072,68440,Dietwiller,68
68073,68290,Dolleren,68
68074,68480,Durlinsdorf,68
68075,68480,Durmenach,68
68076,68320,Durrenentzen,68
68077,68720,Eglingen,68
68078,68420,Eguisheim,68
68079,68210,Elbach,68
68080,68130,Emlingen,68
68082,68190,Ensisheim,68
68083,68140,Eschbach-au-Val,68
68084,68440,Eschentzwiller,68
68085,68210,Eteimbes,68
68086,68210,Falkwiller,68
68087,68640,Feldbach,68
68088,68540,Feldkirch,68
68089,68470,Fellering,68
68090,68480,Ferrette,68
68091,68740,Fessenheim,68
68092,68480,Fislis,68
68093,68720,Flaxlanden,68
68094,68220,Folgensbourg,68
68095,68320,Fortschwihr,68
68096,68130,Franken,68
68097,68240,Fréland,68
68098,68580,Friesen,68
68099,68720,Frœningen,68
68100,68210,Fulleren,68
68101,68990,Galfingue,68
68102,68690,Geishouse,68
68103,68510,Geispitzen,68
68104,68600,Geiswasser,68
68105,68210,Gildwiller,68
68106,68760,Goldbach-Altenbach,68
68107,68210,Gommersdorf,68
68109,68140,Griesbach-au-Val,68
68110,68320,Grussenheim,68
68111,68420,Gueberschwihr,68
68112,68500,Guebwiller,68
68113,68970,Guémar,68
68114,68210,Guevenatten,68
68115,68116,Guewenheim,68
68116,68250,Gundolsheim,68
68117,68140,Gunsbach,68
68118,68440,Habsheim,68
68119,68210,Hagenbach,68
68120,68220,Hagenthal-le-Bas,68
68121,68220,Hagenthal-le-Haut,68
68122,68500,Hartmannswiller,68
68123,68420,Hattstatt,68
68124,68130,Hausgauen,68
68125,68210,Hecken,68
68126,68220,Hégenheim,68
68127,68720,Heidwiller,68
68128,68560,Heimersdorf,68
68129,68990,Heimsbrunn,68
68130,68600,Heiteren,68
68131,68130,Heiwiller,68
68132,68510,Helfrantzkirch,68
68134,68420,Herrlisheim-près-Colmar,68
68135,68220,Hésingue,68
68136,68600,Hettenschlag,68
68137,68580,Hindlingen,68
68138,68560,Hirsingue,68
68139,68118,Hirtzbach,68
68140,68740,Hirtzfelden,68
68141,68720,Hochstatt,68
68142,68140,Hohrod,68
68143,68320,Porte du Ried,68
68144,68490,Hombourg,68
68145,68180,Horbourg-Wihr,68
68146,68125,Houssen,68
68147,68150,Hunawihr,68
68148,68130,Hundsbach,68
68149,68330,Huningue,68
68150,68420,Husseren-les-Châteaux,68
68151,68470,Husseren-Wesserling,68
68152,68720,Illfurth,68
68153,68970,Illhaeusern,68
68154,68110,Illzach,68
68155,68040,Ingersheim,68
68156,68500,Issenheim,68
68157,68320,Jebsheim,68
68158,68130,Jettingen,68
68159,68500,Jungholtz,68
68160,68510,Kappelen,68
68161,68230,Katzenthal,68
68162,68240,Kaysersberg Vignoble,68
68163,68680,Kembs,68
68165,68480,Kiffis,68
68166,68260,Kingersheim,68
68167,68290,Kirchberg,68
68168,68220,Knœringue,68
68169,68480,Kœstlach,68
68170,68510,Kœtzingue,68
68171,68820,Kruth,68
68172,68320,Kunheim,68
68173,68910,Labaroche,68
68174,68440,Landser,68
68175,68650,Lapoutroie,68
68176,68580,Largitzen,68
68177,68610,Lautenbach,68
68178,68610,Lautenbachzell,68
68179,68290,Lauw,68
68180,68800,Leimbach,68
68182,68220,Leymen,68
68183,68220,Liebenswiller,68
68184,68480,Liebsdorf,68
68185,68660,Lièpvre,68
68186,68480,Ligsdorf,68
68187,68480,Linsdorf,68
68188,68610,Linthal,68
68189,68280,Logelheim,68
68190,68480,Lucelle,68
68191,68720,Luemschwiller,68
68192,68210,Valdieu-Lutran,68
68193,68140,Luttenbach-près-Munster,68
68194,68480,Lutter,68
68195,68460,Lutterbach,68
68197,68510,Magstatt-le-Bas,68
68198,68510,Magstatt-le-Haut,68
68199,68550,Malmerspach,68
68200,68210,Manspach,68
68201,68290,Masevaux-Niederbruck,68
68202,68210,Mertzen,68
68203,68500,Merxheim,68
68204,68380,Metzeral,68
68205,68890,Meyenheim,68
68207,68730,Michelbach-le-Bas,68
68208,68220,Michelbach-le-Haut,68
68209,68630,Mittelwihr,68
68210,68380,Mittlach,68
68211,68470,Mitzach,68
68212,68480,Mœrnach,68
68213,68470,Mollau,68
68214,68210,Montreux-Jeune,68
68215,68210,Montreux-Vieux,68
68216,68580,Mooslargue,68
68217,68690,Moosch,68
68218,68790,Morschwiller-le-Bas,68
68219,68780,Le Haut Soultzbach,68
68221,68640,Muespach,68
68222,68640,Muespach-le-Haut,68
68223,68380,Muhlbach-sur-Munster,68
68224,68100,Mulhouse,68
68225,68740,Munchhouse,68
68227,68320,Muntzenheim,68
68228,68250,Munwiller,68
68229,68530,Murbach,68
68230,68740,Nambsheim,68
68231,68600,Neuf-Brisach,68
68232,68220,Neuwiller,68
68234,68127,Niederentzen,68
68235,68127,Niederhergheim,68
68237,68230,Niedermorschwihr,68
68238,68680,Niffer,68
68239,68290,Oberbruck,68
68240,68960,Illtal,68
68241,68127,Oberentzen,68
68242,68127,Oberhergheim,68
68243,68480,Oberlarg,68
68244,68420,Obermorschwihr,68
68245,68130,Obermorschwiller,68
68246,68600,Obersaasheim,68
68247,68830,Oderen,68
68248,68480,Oltingue,68
68249,68370,Orbey,68
68250,68500,Orschwihr,68
68251,68570,Osenbach,68
68252,68150,Ostheim,68
68253,68490,Ottmarsheim,68
68254,68490,Petit-Landau,68
68255,68250,Pfaffenheim,68
68256,68120,Pfastatt,68
68257,68480,Pfetterhouse,68
68258,68840,Pulversheim,68
68259,68480,Raedersdorf,68
68260,68190,Raedersheim,68
68261,68800,Rammersmatt,68
68262,68470,Ranspach,68
68263,68730,Ranspach-le-Bas,68
68264,68220,Ranspach-le-Haut,68
68265,68510,Rantzwiller,68
68266,68890,Réguisheim,68
68267,68950,Reiningue,68
68268,68210,Retzwiller,68
68269,68150,Ribeauvillé,68
68270,68120,Richwiller,68
68271,68400,Riedisheim,68
68273,68640,Riespach,68
68274,68500,Rimbach-près-Guebwiller,68
68275,68290,Rimbach-près-Masevaux,68
68276,68500,Rimbachzell,68
68277,68340,Riquewihr,68
68278,68170,Rixheim,68
68279,68800,Roderen,68
68280,68590,Rodern,68
68281,68740,Roggenhouse,68
68282,68210,Romagny,68
68283,68660,Rombach-le-Franc,68
68284,68480,Roppentzwiller,68
68285,68590,Rorschwihr,68
68286,68128,Rosenau,68
68287,68250,Rouffach,68
68288,68560,Ruederbach,68
68289,68270,Ruelisheim,68
68290,68740,Rustenhart,68
68291,68740,Rumersheim-le-Haut,68
68292,68550,Saint-Amarin,68
68293,68210,Saint-Cosme,68
68294,68160,Sainte-Croix-aux-Mines,68
68295,68127,Sainte-Croix-en-Plaine,68
68298,68160,Sainte-Marie-aux-Mines,68
68299,68210,Saint-Ulrich,68
68300,68390,Sausheim,68
68301,68440,Schlierbach,68
68302,68520,Schweighouse-Thann,68
68303,68130,Schwoben,68
68304,68780,Sentheim,68
68305,68580,Seppois-le-Bas,68
68306,68580,Seppois-le-Haut,68
68307,68290,Sewen,68
68308,68290,Sickert,68
68309,68510,Sierentz,68
68311,68380,Sondernach,68
68312,68480,Sondersdorf,68
68313,68780,Soppe-le-Bas,68
68315,68360,Soultz-Haut-Rhin,68
68316,68230,Soultzbach-les-Bains,68
68317,68140,Soultzeren,68
68318,68570,Soultzmatt,68
68320,68720,Spechbach,68
68321,68850,Staffelfelden,68
68322,68700,Steinbach,68
68323,68440,Steinbrunn-le-Bas,68
68324,68440,Steinbrunn-le-Haut,68
68325,68640,Steinsoultz,68
68326,68780,Sternenberg,68
68327,68510,Stetten,68
68328,68470,Storckensohn,68
68329,68140,Stosswihr,68
68330,68580,Strueth,68
68331,68280,Sundhoffen,68
68332,68720,Tagolsheim,68
68333,68130,Tagsdorf,68
68334,68800,Thann,68
68335,68590,Thannenkirch,68
68336,68210,Traubach-le-Bas,68
68337,68210,Traubach-le-Haut,68
68338,68230,Turckheim,68
68340,68580,Ueberstrass,68
68341,68510,Uffheim,68
68342,68700,Uffholtz,68
68343,68190,Ungersheim,68
68344,68121,Urbès,68
68345,68320,Urschenheim,68
68347,68480,Vieux-Ferrette,68
68348,68800,Vieux-Thann,68
68349,68128,Village-Neuf,68
68350,68420,Vœgtlinshoffen,68
68351,68600,Vogelgrun,68
68352,68600,Volgelsheim,68
68353,68130,Wahlbach,68
68354,68230,Walbach,68
68355,68640,Waldighofen,68
68356,68130,Walheim,68
68357,68510,Waltenheim,68
68358,68230,Wasserbourg,68
68359,68700,Wattwiller,68
68360,68600,Weckolsheim,68
68361,68290,Wegscheid,68
68362,68220,Wentzwiller,68
68363,68480,Werentzhouse,68
68364,68250,Westhalten,68
68365,68920,Wettolsheim,68
68366,68320,Wickerschwihr,68
68367,68320,Widensolen,68
68368,68230,Wihr-au-Val,68
68370,68820,Wildenstein,68
68371,68960,Willer,68
68372,68760,Willer-sur-Thur,68
68373,68480,Winkel,68
68374,68124,Wintzenheim,68
68375,68310,Wittelsheim,68
68376,68270,Wittenheim,68
68377,68130,Wittersdorf,68
68378,68210,Wolfersdorf,68
68379,68600,Wolfgantzen,68
68380,68480,Wolschwiller,68
68381,68500,Wuenheim,68
68382,68130,Zaessingue,68
68383,68340,Zellenberg,68
68384,68720,Zillisheim,68
68385,68230,Zimmerbach,68
68386,68440,Zimmersheim,68
69001,69170,Affoux,69
69003,69250,Albigny-sur-Saône,69
69004,69380,Alix,69
69005,69480,Ambérieux,69
69006,69550,Amplepuis,69
69007,69420,Ampuis,69
69008,69490,Ancy,69
69009,69480,Anse,69
69010,69210,L'Arbresle,69
69012,69430,Les Ardillats,69
69013,69400,Arnas,69
69014,69610,Aveize,69
69015,69430,Avenas,69
69016,69790,Azolette,69
69020,69380,Belmont-d'Azergues,69
69021,69690,Bessenay,69
69022,69690,Bibost,69
69023,69460,Blacé,69
69024,69620,Val d'Oingt,69
69027,69530,Brignais,69
69028,69126,Brindas,69
69029,69500,Bron,69
69030,69690,Brullioles,69
69031,69690,Brussieu,69
69033,69270,Cailloux-sur-Fontaines,69
69034,69300,Caluire-et-Cuire,69
69035,69840,Cenves,69
69036,69220,Cercié,69
69037,69870,Chambost-Allières,69
69038,69770,Chambost-Longessaigne,69
69039,69620,Chamelet,69
69040,69410,Champagne-au-Mont-d'Or,69
69042,69590,La Chapelle-sur-Coise,69
69043,69630,Chaponost,69
69044,69260,Charbonnières-les-Bains,69
69045,69220,Charentay,69
69048,69700,Chassagny,69
69051,69440,Chaussan,69
69052,69380,Chazay-d'Azergues,69
69053,69840,Chénas,69
69054,69430,Chénelette,69
69055,69380,Les Chères,69
69056,69380,Chessy,69
69057,69210,Chevinay,69
69058,69115,Chiroubles,69
69059,69380,Civrieux-d'Azergues,69
69060,69870,Claveisolles,69
69062,69590,Coise,69
69063,69660,Collonges-au-Mont-d'Or,69
69064,69420,Condrieu,69
69065,69220,Corcelles-en-Beaujolais,69
69067,69690,Courzieu,69
69068,69270,Couzon-au-Mont-d'Or,69
69069,69290,Craponne,69
69070,69550,Cublize,69
69071,69250,Curis-au-Mont-d'Or,69
69072,69570,Dardilly,69
69073,69490,Dareizé,69
69074,69640,Denicé,69
69075,69170,Dième,69
69077,69220,Dracé,69
69078,69850,Duerne,69
69080,69700,Échalas,69
69081,69130,Écully,69
69082,69840,Émeringes,69
69083,69210,Éveux,69
69084,69820,Fleurie,69
69085,69250,Fleurieu-sur-Saône,69
69086,69210,Fleurieux-sur-l'Arbresle,69
69087,69270,Fontaines-Saint-Martin,69
69088,69270,Fontaines-sur-Saône,69
69090,69620,Frontenas,69
69091,69700,Givors,69
69092,69400,Gleizé,69
69093,69870,Grandris,69
69094,69290,Grézieu-la-Varenne,69
69095,69610,Grézieu-le-Marché,69
69097,69420,Les Haies,69
69098,69610,Les Halles,69
69099,69610,Haute-Rivoire,69
69100,69540,Irigny,69
69101,69640,Jarnioux,69
69102,69170,Joux,69
69103,69840,Juliénas,69
69104,69840,Jullié,69
69105,69640,Lacenas,69
69106,69480,Lachassagne,69
69107,69870,Lamure-sur-Azergues,69
69108,69220,Lancié,69
69109,69430,Lantignié,69
69110,69590,Larajasse,69
69111,69620,Légny,69
69112,69210,Lentilly,69
69113,69620,Létra,69
69114,69400,Liergues,69
69115,69400,Limas,69
69116,69760,Limonest,69
69117,69380,Lissieu,69
69118,69700,Loire-sur-Rhône,69
69119,69420,Longes,69
69120,69770,Longessaigne,69
69121,69380,Lozanne,69
69122,69480,Lucenay,69
69124,69430,Marchampt,69
69125,69380,Marcilly-d'Azergues,69
69127,69280,Marcy-l'Étoile,69
69130,69550,Meaux-la-Montagne,69
69131,69510,Messimy,69
69132,69610,Meys,69
69134,69620,Moiré,69
69135,69860,Monsols,69
69137,69640,Montmelas-Saint-Sorlin,69
69138,69610,Montromant,69
69139,69770,Montrottier,69
69140,69480,Morancé,69
69141,69440,Mornant,69
69142,69350,La Mulatière,69
69143,69250,Neuville-sur-Saône,69
69145,69460,Odenas,69
69146,69620,Oingt,69
69147,69490,Les Olmes,69
69148,69530,Orliénas,69
69149,69600,Oullins,69
69150,69860,Ouroux,69
69151,69460,Le Perréon,69
69152,69310,Pierre-Bénite,69
69153,69250,Poleymieux-au-Mont-d'Or,69
69154,69290,Pollionnay,69
69155,69590,Pomeys,69
69157,69490,Pontcharra-sur-Turdine,69
69159,69400,Porte des Pierres Dorées,69
69160,69870,Poule-les-Écharmeaux,69
69161,69790,Propières,69
69162,69430,Quincié-en-Beaujolais,69
69163,69650,Quincieux,69
69164,69470,Ranchal,69
69165,69430,Régnié-Durette,69
69166,69440,Riverie,69
69167,69640,Rivolet,69
69168,69270,Rochetaillée-sur-Saône,69
69169,69550,Ronno,69
69170,69510,Rontalon,69
69171,69210,Sain-Bel,69
69172,69460,Salles-Arbuissonnas-en-Beaujolais,69
69174,69170,Les Sauvages,69
69176,69510,Soucieu-en-Jarrest,69
69177,69210,Sourcieux-les-Mines,69
69178,69610,Souzy,69
69180,69440,Saint-André-la-Côte,69
69181,69170,Saint-Appolinaire,69
69182,69790,Saint-Bonnet-des-Bruyères,69
69183,69870,Saint-Bonnet-le-Troncy,69
69186,69790,Saint-Clément-de-Vers,69
69187,69930,Saint-Clément-les-Places,69
69188,69170,Saint-Clément-sur-Valsonne,69
69190,69280,Sainte-Consorce,69
69191,69450,Saint-Cyr-au-Mont-d'Or,69
69192,69870,Saint-Cyr-le-Chatoux,69
69193,69560,Saint-Cyr-sur-le-Rhône,69
69194,69370,Saint-Didier-au-Mont-d'Or,69
69195,69440,Saint-Didier-sous-Riverie,69
69196,69430,Saint-Didier-sur-Beaujeu,69
69197,69460,Saint-Étienne-des-Oullières,69
69198,69460,Saint-Étienne-la-Varenne,69
69199,69190,Saint-Fons,69
69200,69490,Saint-Forgeux,69
69201,69610,Sainte-Foy-l'Argentière,69
69202,69110,Sainte-Foy-lès-Lyon,69
69203,69610,Saint-Genis-l'Argentière,69
69204,69230,Saint-Genis-Laval,69
69205,69290,Saint-Genis-les-Ollières,69
69206,69830,Saint-Georges-de-Reneins,69
69207,69650,Saint-Germain-au-Mont-d'Or,69
69208,69210,Saint-Germain-Nuelles,69
69209,69790,Saint-Igny-de-Vers,69
69210,69860,Saint-Jacques-des-Arrêts,69
69211,69220,Saint-Jean-d'Ardières,69
69212,69380,Saint-Jean-des-Vignes,69
69213,69700,Saint-Jean-de-Touslas,69
69214,69550,Saint-Jean-la-Bussière,69
69216,69690,Saint-Julien-sur-Bibost,69
69217,69870,Saint-Just-d'Avray,69
69218,69220,Saint-Lager,69
69219,69440,Saint-Laurent-d'Agny,69
69220,69930,Saint-Laurent-de-Chamousset,69
69222,69620,Saint-Laurent-d'Oingt,69
69224,69860,Saint-Mamert,69
69225,69170,Saint-Marcel-l'Éclairé,69
69227,69850,Saint-Martin-en-Haut,69
69228,69440,Chabanière,69
69229,69870,Saint-Nizier-d'Azergues,69
69230,69620,Sainte-Paule,69
69231,69210,Saint-Pierre-la-Palud,69
69233,69270,Saint-Romain-au-Mont-d'Or,69
69234,69490,Saint-Romain-de-Popey,69
69235,69560,Saint-Romain-en-Gal,69
69236,69700,Saint-Romain-en-Gier,69
69237,69440,Saint-Sorlin,69
69238,69590,Saint-Symphorien-sur-Coise,69
69240,69240,Saint-Vincent-de-Reins,69
69241,69440,Taluyers,69
69242,69220,Taponas,69
69243,69170,Tarare,69
69244,69160,Tassin-la-Demi-Lune,69
69245,69620,Ternand,69
69246,69620,Theizé,69
69248,69240,Thizy-les-Bourgs,69
69249,69510,Thurins,69
69250,69890,La Tour-de-Salvagny,69
69251,69860,Trades,69
69253,69420,Tupin-et-Semons,69
69254,69170,Valsonne,69
69255,69670,Vaugneray,69
69256,69120,Vaulx-en-Velin,69
69257,69460,Vaux-en-Beaujolais,69
69258,69820,Vauxrenard,69
69259,69200,Vénissieux,69
69260,69390,Vernaison,69
69261,69430,Vernay,69
69263,69770,Villechenève,69
69264,69400,Villefranche-sur-Saône,69
69265,69640,Ville-sur-Jarnioux,69
69266,69100,Villeurbanne,69
69267,69910,Villié-Morgon,69
69268,69390,Vourles,69
69269,69510,Yzeron,69
69270,69970,Chaponnay,69
69271,69680,Chassieu,69
69272,69360,Communay,69
69273,69960,Corbas,69
69275,69150,Décines-Charpieu,69
69276,69320,Feyzin,69
69277,69740,Genas,69
69279,69330,Jonage,69
69280,69330,Jons,69
69282,69330,Meyzieu,69
69283,69780,Mions,69
69284,69250,Montanay,69
69285,69330,Pusignan,69
69286,69140,Rillieux-la-Pape,69
69287,69720,Saint-Bonnet-de-Mure,69
69288,69720,Saint-Laurent-de-Mure,69
69289,69780,Saint-Pierre-de-Chandieu,69
69291,69360,Saint-Symphorien-d'Ozon,69
69292,69580,Sathonay-Camp,69
69293,69580,Sathonay-Village,69
69294,69360,Sérézin-du-Rhône,69
69295,69360,Simandres,69
69296,69360,Solaize,69
69298,69780,Toussieu,69
69299,69124,Colombier-Saugnieu,69
69381,69001,Lyon 01,69
69382,69002,Lyon 02,69
69383,69003,Lyon 03,69
69384,69004,Lyon 04,69
69385,69005,Lyon 05,69
69386,69006,Lyon 06,69
69387,69007,Lyon 07,69
69388,69008,Lyon 08,69
69389,69009,Lyon 09,69
70001,70300,Abelcourt,70
70002,70500,Aboncourt-Gesincourt,70
70003,70180,Achey,70
70004,70200,Adelans-et-le-Val-de-Bithaine,70
70005,70110,Aillevans,70
70006,70320,Aillevillers-et-Lyaumont,70
70007,70300,Ailloncourt,70
70008,70800,Ainvelle,70
70009,70500,Aisey-et-Richecourt,70
70011,70280,Amage,70
70013,70210,Ambiévillers,70
70014,70200,Amblans-et-Velotte,70
70015,70170,Amoncourt,70
70016,70310,Amont-et-Effreney,70
70017,70210,Anchenoncourt-et-Chazel,70
70018,70100,Ancier,70
70019,70000,Andelarre,70
70020,70000,Andelarrot,70
70021,70200,Andornay,70
70022,70700,Angirey,70
70023,70800,Anjeux,70
70025,70120,Arbecey,70
70026,70100,Arc-lès-Gray,70
70027,70600,Argillières,70
70028,70360,Aroz,70
70029,70200,Arpenans,70
70030,70100,Arsans,70
70031,70110,Athesans-Étroitefontaine,70
70032,70100,Attricourt,70
70035,70500,Augicourt,70
70036,70190,Aulx-lès-Cromary,70
70037,70180,Autet,70
70038,70190,Authoison,70
70039,70700,Autoreille,70
70040,70110,Autrey-lès-Cerre,70
70041,70100,Autrey-lès-Gray,70
70042,70110,Autrey-le-Vay,70
70043,70100,Auvet-et-la-Chapelotte,70
70045,70150,Avrigney-Virey,70
70046,70200,Les Aynans,70
70047,70000,Baignes,70
70048,70140,Bard-lès-Pesmes,70
70051,70210,La Basse-Vaivre,70
70052,70800,Bassigney,70
70053,70130,Les Bâties,70
70054,70100,Battrans,70
70055,70300,Baudoncourt,70
70056,70160,Baulay,70
70057,70150,Bay,70
70058,70100,Beaujeu-Saint-Vallier-Pierrejux-et-Quitteur,70
70059,70190,Beaumotte-Aubertans,70
70060,70150,Beaumotte-lès-Pin,70
70061,70290,Belfahy,70
70063,70270,Belonchamp,70
70064,70400,Belverne,70
70065,70230,Besnans,70
70066,70500,Betaucourt,70
70067,70300,Betoncourt-lès-Brotte,70
70069,70210,Betoncourt-Saint-Pancras,70
70070,70500,Betoncourt-sur-Mance,70
70071,70310,Beulotte-Saint-Laurent,70
70072,70110,Beveuge,70
70074,70500,Blondefontaine,70
70075,70150,Bonboillon,70
70076,70700,Bonnevent-Velloreille,70
70077,70110,Borey,70
70078,70500,Bougey,70
70079,70170,Bougnon,70
70080,70100,Bouhans-et-Feurg,70
70081,70200,Bouhans-lès-Lure,70
70082,70230,Bouhans-lès-Montbozon,70
70083,70800,Bouligney,70
70084,70190,Boulot,70
70085,70190,Boult,70
70086,70500,Bourbévelle,70
70087,70800,Bourguignon-lès-Conflans,70
70088,70190,Bourguignon-lès-la-Charité,70
70089,70120,Bourguignon-lès-Morey,70
70090,70000,Boursières,70
70091,70500,Bousseraucourt,70
70092,70140,Bresilley,70
70093,70300,Breuches,70
70094,70280,Breuchotte,70
70095,70160,Breurey-lès-Faverney,70
70096,70400,Brevilliers,70
70098,70300,Brotte-lès-Luxeuil,70
70099,70180,Brotte-lès-Ray,70
70100,70100,Broye-les-Loups-et-Verfontaine,70
70101,70140,Broye-Aubigney-Montseugny,70
70102,70150,Brussey,70
70103,70280,La Bruyère,70
70104,70700,Bucey-lès-Gy,70
70105,70360,Bucey-lès-Traves,70
70106,70500,Buffignécourt,70
70109,70190,Buthiers,70
70111,70240,Calmoutier,70
70112,70500,Cemboing,70
70113,70230,Cenans,70
70114,70500,Cendrecourt,70
70115,70000,Cerre-lès-Noroy,70
70116,70400,Chagey,70
70117,70400,Châlonvillars,70
70118,70190,Chambornay-lès-Bellevaux,70
70119,70150,Chambornay-lès-Pin,70
70121,70400,Champey,70
70122,70600,Champlitte,70
70124,70100,Champtonnay,70
70126,70140,Chancey,70
70127,70360,Chantes,70
70128,70300,La Chapelle-lès-Luxeuil,70
70129,70700,La Chapelle-Saint-Quillain,70
70130,70700,Charcenne,70
70132,70100,Chargey-lès-Gray,70
70133,70170,Chargey-lès-Port,70
70134,70000,Chariez,70
70135,70120,Charmes-Saint-Valbert,70
70137,70230,Chassey-lès-Montbozon,70
70138,70360,Chassey-lès-Scey,70
70140,70240,Châteney,70
70142,70140,Chaumercenne,70
70143,70500,Chauvirey-le-Châtel,70
70144,70500,Chauvirey-le-Vieil,70
70145,70190,Chaux-la-Lotière,70
70146,70170,Chaux-lès-Port,70
70147,70400,Chavanne,70
70149,70400,Chenebier,70
70150,70150,Chenevrey-et-Morogne,70
70151,70140,Chevigney,70
70152,70700,Choye,70
70153,70120,Cintrey,70
70154,70190,Cirey,70
70155,70300,Citers,70
70156,70700,Citey,70
70157,70200,Clairegoutte,70
70159,70230,Cognières,70
70160,70400,Coisevaux,70
70162,70000,Colombe-lès-Vesoul,70
70164,70240,Colombotte,70
70165,70120,Combeaufontaine,70
70166,70000,Comberjon,70
70167,70170,Conflandey,70
70168,70800,Conflans-sur-Lanterne,70
70169,70120,Confracourt,70
70170,70160,Contréglise,70
70171,70320,Corbenay,70
70172,70300,La Corbière,70
70174,70190,Cordonnet,70
70175,70120,Cornot,70
70176,70310,Corravillers,70
70177,70500,Corre,70
70178,70200,La Côte,70
70179,70000,Coulevon,70
70180,70110,Courchaton,70
70181,70150,Courcuire,70
70183,70600,Courtesoult-et-Gatey,70
70184,70400,Couthenans,70
70185,70100,Cresancey,70
70186,70240,La Creuse,70
70187,70400,Crevans-et-la-Chapelle-lès-Granges,70
70188,70240,Creveney,70
70189,70190,Cromary,70
70190,70160,Cubry-lès-Faverney,70
70192,70700,Cugney,70
70193,70150,Cult,70
70194,70800,Cuve,70
70195,70200,Dambenoît-lès-Colombe,70
70196,70800,Dampierre-lès-Conflans,70
70197,70230,Dampierre-sur-Linotte,70
70198,70180,Dampierre-sur-Salon,70
70199,70000,Dampvalley-lès-Colombe,70
70200,70210,Dampvalley-Saint-Pancras,70
70201,70180,Delain,70
70202,70210,Demangevelle,70
70203,70000,La Demie,70
70204,70180,Denèvre,70
70205,70400,Échavanne,70
70206,70400,Échenans-sous-Mont-Vaudois,70
70207,70000,Échenoz-la-Méline,70
70208,70000,Échenoz-le-Sec,70
70210,70270,Écromagny,70
70211,70600,Écuelle,70
70213,70300,Éhuns,70
70214,70160,Équevilley,70
70215,70400,Errevet,70
70216,70300,Esboz-Brest,70
70217,70310,Esmoulières,70
70218,70100,Esmoulins,70
70219,70110,Esprels,70
70220,70100,Essertenne-et-Cecey,70
70221,70400,Étobon,70
70222,70700,Étrelles-et-la-Montbleuse,70
70224,70150,Étuz,70
70225,70100,Fahy-lès-Autrey,70
70226,70110,Fallon,70
70227,70310,Faucogney-et-la-Mer,70
70228,70160,Faverney,70
70229,70200,Faymont,70
70230,70120,Fédry,70
70231,70130,Ferrières-lès-Ray,70
70232,70360,Ferrières-lès-Scey,70
70233,70310,Les Fessey,70
70235,70000,Flagy,70
70236,70160,Fleurey-lès-Faverney,70
70237,70120,Fleurey-lès-Lavoncourt,70
70238,70800,Fleurey-lès-Saint-Loup,70
70239,70190,Fondremand,70
70240,70800,Fontaine-lès-Luxeuil,70
70242,70210,Fontenois-la-Ville,70
70243,70230,Fontenois-lès-Montbozon,70
70244,70160,Fouchécourt,70
70247,70600,Fouvent-Saint-Andoche,70
70248,70400,Frahier-et-Chatebier,70
70249,70800,Francalmont,70
70250,70200,Franchevelle,70
70251,70180,Francourt,70
70252,70600,Framont,70
70253,70700,Frasne-le-Château,70
70254,70200,Frédéric-Fontaine,70
70255,70130,Fresne-Saint-Mamès,70
70256,70270,Fresse,70
70257,70130,Fretigney-et-Velloreille,70
70258,70300,Froideconche,70
70259,70200,Froideterre,70
70260,70200,Frotey-lès-Lure,70
70261,70000,Frotey-lès-Vesoul,70
70262,70240,Genevreuille,70
70263,70240,Genevrey,70
70264,70110,Georfans,70
70267,70500,Gevigney-et-Mercey,70
70268,70700,Gézier-et-Fontenelay,70
70269,70210,Girefontaine,70
70271,70110,Gouhenans,70
70272,70120,Gourgeon,70
70273,70110,Grammont,70
70274,70120,Grandecourt,70
70275,70190,Grandvelle-et-le-Perrenot,70
70276,70400,Granges-la-Ville,70
70277,70400,Granges-le-Bourg,70
70278,70170,Grattery,70
70279,70100,Gray,70
70280,70100,Gray-la-Ville,70
70282,70700,Gy,70
70283,70440,Haut-du-Them-Château-Lambert,70
70284,70800,Hautevelle,70
70286,70150,Hugier,70
70287,70210,Hurecourt,70
70288,70190,Hyet,70
70289,70700,Igny,70
70290,70800,Jasney,70
70291,70500,Jonvelle,70
70292,70500,Jussey,70
70293,70500,Lambrey,70
70294,70200,Lantenot,70
70295,70270,La Lanterne-et-les-Armonts,70
70296,70230,Larians-et-Munans,70
70297,70600,Larret,70
70298,70120,Lavigney,70
70299,70120,Lavoncourt,70
70301,70190,Lieffrans,70
70302,70140,Lieucourt,70
70303,70240,Liévans,70
70304,70200,Linexert,70
70305,70100,Lœuilley,70
70306,70200,Lomont,70
70307,70110,Longevelle,70
70308,70310,La Longine,70
70309,70230,Loulans-Verchamp,70
70310,70200,Lure,70
70311,70300,Luxeuil-les-Bains,70
70312,70400,Luze,70
70313,70200,Lyoffans,70
70314,70300,Magnivray,70
70315,70800,Magnoncourt,70
70316,70000,Le Magnoray,70
70317,70110,Les Magny,70
70318,70200,Magny-Danigon,70
70319,70200,Magny-Jobert,70
70320,70500,Magny-lès-Jussey,70
70321,70200,Magny-Vernois,70
70322,70240,Mailleroncourt-Charette,70
70323,70210,Mailleroncourt-Saint-Pancras,70
70324,70000,Mailley-et-Chazelot,70
70326,70190,La Malachère,70
70328,70200,Malbouhans,70
70329,70120,Malvillers,70
70330,70400,Mandrevillars,70
70331,70100,Mantoche,70
70332,70110,Marast,70
70334,70150,Marnay,70
70335,70230,Maussans,70
70336,70110,Mélecey,70
70337,70120,Melin,70
70338,70210,Melincourt,70
70339,70270,Mélisey,70
70340,70180,Membrey,70
70341,70160,Menoux,70
70342,70130,Mercey-sur-Saône,70
70343,70160,Mersuay,70
70344,70300,Meurcourt,70
70345,70440,Miellin,70
70347,70400,Mignavillers,70
70348,70200,Moffans-et-Vacheresse,70
70349,70110,Moimay,70
70351,70240,Mollans,70
70353,70140,Montagney,70
70355,70190,Montarlot-lès-Rioz,70
70356,70700,Montboillon,70
70357,70230,Montbozon,70
70358,70000,Montcey,70
70359,70500,Montcourt,70
70360,70210,Montdoré,70
70361,70270,Montessaux,70
70362,70500,Montigny-lès-Cherlieu,70
70363,70000,Montigny-lès-Vesoul,70
70364,70110,Montjustin-et-Velotte,70
70366,70700,Villers-Chemin-et-Mont-lès-Étrelles,70
70367,70000,Mont-le-Vernois,70
70369,70120,Mont-Saint-Léger,70
70371,70100,Montureux-et-Prantigny,70
70372,70500,Montureux-lès-Baulay,70
70373,70120,La Roche-Morey,70
70374,70140,Motey-Besuche,70
70375,70130,Motey-sur-Saône,70
70376,70100,Nantilly,70
70378,70000,Navenne,70
70380,70160,Neurey-en-Vaux,70
70381,70000,Neurey-lès-la-Demie,70
70383,70190,Neuvelle-lès-Cromary,70
70384,70130,Neuvelle-lès-la-Charité,70
70385,70200,La Neuvelle-lès-Lure,70
70386,70360,La Neuvelle-lès-Scey,70
70387,70130,Noidans-le-Ferroux,70
70388,70000,Noidans-lès-Vesoul,70
70389,70100,Noiron,70
70390,70000,Noroy-le-Bourg,70
70392,70120,Oigney,70
70393,70700,Oiselay-et-Grachaux,70
70394,70100,Onay,70
70395,70110,Oppenans,70
70396,70110,Oricourt,70
70397,70230,Ormenans,70
70398,70300,Ormoiche,70
70400,70500,Ouge,70
70401,70360,Ovanches,70
70402,70600,Oyrières,70
70403,70200,Palante,70
70404,70210,Passavant-la-Rochère,70
70405,70190,Pennesières,70
70406,70600,Percey-le-Grand,70
70407,70190,Perrouse,70
70408,70140,Pesmes,70
70409,70600,Pierrecourt,70
70410,70150,Pin,70
70411,70800,La Pisseure,70
70412,70800,Plainemont,70
70413,70290,Plancher-Bas,70
70414,70290,Plancher-les-Mines,70
70415,70210,Polaincourt-et-Clairefontaine,70
70416,70240,Pomoy,70
70417,70360,Pontcey,70
70418,70130,La Romaine,70
70419,70210,Pont-du-Bois,70
70420,70110,Pont-sur-l'Ognon,70
70421,70170,Port-sur-Saône,70
70422,70100,Poyans,70
70423,70120,Preigney,70
70425,70310,La Proiselière-et-Langle,70
70427,70160,Purgerot,70
70428,70000,Pusey,70
70429,70000,Pusy-et-Épenoux,70
70430,70120,La Quarte,70
70431,70190,Quenoche,70
70432,70200,Quers,70
70435,70280,Raddon-et-Chapendu,70
70436,70500,Raincourt,70
70437,70500,Ranzevelle,70
70438,70130,Ray-sur-Saône,70
70439,70000,Raze,70
70441,70190,Recologne-lès-Rioz,70
70442,70120,Renaucourt,70
70443,70140,La Grande-Résie,70
70444,70140,La Résie-Saint-Martin,70
70445,70200,Rignovelle,70
70446,70100,Rigny,70
70447,70190,Rioz,70
70448,70180,Roche-et-Raucourt,70
70449,70230,Roche-sur-Linotte-et-Sorans-les-Cordiers,70
70451,70250,Ronchamp,70
70452,70000,Rosey,70
70453,70310,La Rosière,70
70454,70500,Rosières-sur-Mance,70
70455,70200,Roye,70
70456,70190,Ruhans,70
70457,70360,Rupt-sur-Saône,70
70461,70100,Saint-Broing,70
70462,70110,Saint-Ferjeux,70
70463,70130,Saint-Gand,70
70466,70100,Saint-Loup-Nantouard,70
70467,70800,Saint-Loup-sur-Semouse,70
70469,70310,Sainte-Marie-en-Chanois,70
70470,70300,Sainte-Marie-en-Chaux,70
70471,70700,Sainte-Reine,70
70472,70160,Saint-Remy,70
70475,70300,Saint-Valbert,70
70476,70210,Saponcourt,70
70477,70400,Saulnot,70
70478,70240,Saulx,70
70479,70100,Sauvigney-lès-Gray,70
70480,70140,Sauvigney-lès-Pesmes,70
70481,70130,Savoyeux,70
70482,70360,Scey-sur-Saône-et-Saint-Albin,70
70483,70170,Scye,70
70484,70400,Secenans,70
70486,70120,Semmadon,70
70487,70110,Senargent-Mignafans,70
70488,70160,Senoncourt,70
70489,70440,Servance-Miellin,70
70490,70240,Servigney,70
70491,70130,Seveux,70
70492,70130,Soing-Cubry-Charentenay,70
70493,70190,Sorans-lès-Breurey,70
70494,70150,Sornay,70
70496,70500,Tartécourt,70
70497,70400,Tavey,70
70498,70270,Ternuay-Melay-et-Saint-Hilaire,70
70499,70120,Theuley,70
70500,70230,Thieffrans,70
70501,70230,Thiénans,70
70502,70120,Tincey-et-Pontrebeau,70
70503,70190,Traitiéfontaine,70
70504,70360,Traves,70
70505,70100,Le Tremblois,70
70506,70400,Trémoins,70
70507,70190,Trésilley,70
70509,70150,Tromarey,70
70511,70180,Vaite,70
70512,70320,La Vaivre,70
70513,70000,Vaivre-et-Montoille,70
70514,70140,Valay,70
70515,70200,Le Val-de-Gouhenans,70
70516,70000,Vallerois-le-Bois,70
70517,70000,Vallerois-Lorioz,70
70518,70160,Le Val-Saint-Éloi,70
70519,70190,Vandelans,70
70520,70130,Vanne,70
70521,70700,Vantoux-et-Longevelle,70
70522,70240,Varogne,70
70524,70170,Vauchoux,70
70525,70120,Vauconcourt-Nervezain,70
70526,70210,Vauvillers,70
70527,70700,Vaux-le-Moncelot,70
70528,70100,Velesmes-Échevanne,70
70529,70100,Velet,70
70530,70110,Vellechevreux-et-Courbenans,70
70531,70700,Velleclaire,70
70532,70000,Vellefaux,70
70533,70700,Vellefrey-et-Vellefrange,70
70534,70240,Vellefrie,70
70535,70000,Velleguindry-et-Levrecey,70
70536,70000,Velle-le-Châtel,70
70537,70240,Velleminfroy,70
70538,70700,Vellemoz,70
70539,70130,Vellexon-Queutrey-et-Vaudey,70
70540,70700,Velloreille-lès-Choye,70
70541,70300,Velorcey,70
70542,70100,Venère,70
70544,70200,La Vergenne,70
70545,70500,Venisey,70
70546,70180,Vereux,70
70547,70400,Verlans,70
70548,70500,Vernois-sur-Mance,70
70549,70130,La Vernotte,70
70550,70000,Vesoul,70
70552,70110,Villafans,70
70553,70110,Villargent,70
70554,70500,Villars-le-Pautel,70
70555,70160,La Villedieu-en-Fontenette,70
70557,70700,Villefrancon,70
70558,70240,La Villeneuve-Bellenoye-et-la-Maize,70
70559,70000,Villeparois,70
70560,70190,Villers-Bouton,70
70561,70110,Villersexel,70
70562,70110,Villers-la-Ville,70
70564,70300,Villers-lès-Luxeuil,70
70565,70190,Villers-Pater,70
70566,70170,Villers-sur-Port,70
70567,70400,Villers-sur-Saulnot,70
70568,70120,Villers-Vaudey,70
70569,70240,Vilory,70
70571,70300,Visoncourt,70
70572,70500,Vitrey-sur-Mance,70
70573,70310,La Voivre,70
70574,70180,Volon,70
70575,70190,Voray-sur-l'Ognon,70
70576,70500,Vougécourt,70
70577,70200,Vouhenans,70
70578,70150,Vregille,70
70579,70400,Vyans-le-Val,70
70580,70130,Vy-le-Ferroux,70
70581,70200,Vy-lès-Lure,70
70582,70120,Vy-lès-Rupt,70
70583,70230,Vy-lès-Filain,70
71001,71290,L'Abergement-de-Cuisery,71
71002,71370,L'Abergement-Sainte-Colombe,71
71003,71350,Allerey-sur-Saône,71
71004,71380,Allériot,71
71005,71510,Aluze,71
71006,71800,Amanzé,71
71007,71460,Ameugny,71
71008,71170,Anglure-sous-Dun,71
71009,71550,Anost,71
71010,71400,Antully,71
71011,71110,Anzy-le-Duc,71
71012,71110,Artaix,71
71013,71270,Authumes,71
71014,71400,Autun,71
71017,71220,Ballore,71
71018,71500,Bantanges,71
71019,71640,Barizey,71
71020,71540,Barnay,71
71022,71800,Baudemont,71
71023,71370,Baudrières,71
71025,71220,Beaubery,71
71026,71240,Beaumont-sur-Grosne,71
71027,71580,Beaurepaire-en-Bresse,71
71028,71270,Beauvernois,71
71029,71270,Bellevesvre,71
71030,71250,Bergesserin,71
71031,71960,Berzé-le-Châtel,71
71032,71960,Berzé-la-Ville,71
71034,71390,Bissey-sous-Cruchaud,71
71035,71260,Bissy-la-Mâconnaise,71
71036,71460,Bissy-sous-Uxelles,71
71037,71460,Bissy-sur-Fley,71
71038,71710,Les Bizots,71
71040,71450,Blanzy,71
71041,71800,Bois-Sainte-Marie,71
71044,71330,Bosjean,71
71045,71330,Bouhans,71
71046,71320,La Boulaye,71
71047,71140,Bourbon-Lancy,71
71048,71110,Bourg-le-Comte,71
71050,71520,Bourgvilain,71
71051,71150,Bouzeron,71
71054,71350,Bragny-sur-Saône,71
71055,71520,Brandon,71
71056,71500,Branges,71
71058,71460,Bresse-sur-Grosne,71
71060,71110,Briant,71
71061,71290,Brienne,71
71063,71190,Broye,71
71064,71500,Bruailles,71
71065,71250,Buffières,71
71066,71260,Burgy,71
71067,71460,Burnand,71
71068,71460,Burzy,71
71070,71390,Buxy,71
71071,71110,Céron,71
71072,71390,Cersot,71
71074,71570,Chaintré,71
71075,71140,Chalmoux,71
71076,71100,Chalon-sur-Saône,71
71077,71110,Chambilly,71
71078,71510,Chamilly,71
71080,71460,Champagny-sous-Uxelles,71
71081,71530,Champforgeuil,71
71082,71120,Champlecy,71
71084,71570,Chânes,71
71085,21340,Change,71
71087,71460,Chapaize,71
71088,71130,La Chapelle-au-Mans,71
71089,71240,La Chapelle-de-Bragny,71
71090,71570,La Chapelle-de-Guinchay,71
71091,71520,La Chapelle-du-Mont-de-France,71
71092,71500,La Chapelle-Naude,71
71093,71310,La Chapelle-Saint-Sauveur,71
71094,71700,La Chapelle-sous-Brancion,71
71095,71800,La Chapelle-sous-Dun,71
71096,71190,La Chapelle-sous-Uchon,71
71097,71470,La Chapelle-Thècle,71
71098,71320,Charbonnat,71
71100,71700,Chardonnay,71
71101,71270,Charette-Varennes,71
71102,71100,La Charmée,71
71104,71350,Charnay-lès-Chalon,71
71105,71850,Charnay-lès-Mâcon,71
71106,71120,Charolles,71
71107,71510,Charrecey,71
71108,71570,Chasselas,71
71109,71150,Chassey-le-Camp,71
71110,71170,Chassigny-sous-Dun,71
71112,71250,Château,71
71115,71510,Châtel-Moron,71
71117,71380,Châtenoy-en-Bresse,71
71118,71880,Châtenoy-le-Royal,71
71120,71170,Chauffailles,71
71122,71150,Cheilly-lès-Maranges,71
71123,71340,Chenay-le-Châtel,71
71124,71390,Chenôves,71
71125,71250,Chérizet,71
71126,71960,Chevagny-les-Chevrières,71
71127,71220,Chevagny-sur-Guye,71
71129,71540,Chissey-en-Morvan,71
71130,71460,Chissey-lès-Mâcon,71
71131,71350,Ciel,71
71132,71420,Ciry-le-Noble,71
71133,71800,La Clayette,71
71134,71520,Clermain,71
71135,71260,Clessé,71
71136,71130,Clessy,71
71137,71250,Cluny,71
71139,71460,Collonge-en-Charollais,71
71140,71360,Collonge-la-Madeleine,71
71141,71800,Colombier-en-Brionnais,71
71142,71990,La Comelle,71
71143,71480,Condal,71
71144,71540,Cordesse,71
71145,71460,Cormatin,71
71146,71250,Cortambert,71
71147,71460,Cortevaix,71
71149,71490,Couches,71
71150,71680,Crêches-sur-Saône,71
71151,71490,Créot,71
71152,71760,Cressy-sur-Somme,71
71153,71200,Le Creusot,71
71155,71140,Cronat,71
71156,71260,Cruzille,71
71157,71480,Cuiseaux,71
71158,71290,Cuisery,71
71159,71460,Culles-les-Roches,71
71160,71800,Curbigny,71
71161,71130,Curdin,71
71162,71400,Curgy,71
71163,71520,Curtil-sous-Buffières,71
71164,71460,Curtil-sous-Burnand,71
71165,71550,Cussy-en-Morvan,71
71166,71320,Cuzy,71
71167,71620,Damerey,71
71168,71310,Dampierre-en-Bresse,71
71169,71960,Davayé,71
71170,71150,Demigny,71
71171,71510,Dennevy,71
71172,71190,Dettey,71
71173,71330,Devrouze,71
71174,71150,Dezize-lès-Maranges,71
71175,71330,Diconne,71
71176,71160,Digoin,71
71177,71480,Dommartin-lès-Cuiseaux,71
71178,71520,Dompierre-les-Ormes,71
71179,71420,Dompierre-sous-Sanvignes,71
71180,71250,Donzy-le-National,71
71181,71250,Donzy-le-Pertuis,71
71182,71640,Dracy-le-Fort,71
71183,71490,Dracy-lès-Couches,71
71184,71400,Dracy-Saint-Loup,71
71185,71800,Dyo,71
71186,71350,Écuelles,71
71187,71210,Écuisses,71
71188,71360,Épertully,71
71189,71380,Épervans,71
71190,71360,Épinac,71
71191,71510,Essertenne,71
71192,71190,Étang-sur-Arroux,71
71193,71240,Étrigny,71
71194,71150,Farges-lès-Chalon,71
71195,71700,Farges-lès-Mâcon,71
71196,71580,Le Fay,71
71198,71580,Flacey-en-Bresse,71
71200,71340,Fleury-la-Montagne,71
71201,71390,Fley,71
71202,71150,Fontaines,71
71204,71530,Fragnes-La Loyère,71
71205,71330,Frangy-en-Bresse,71
71207,71270,Fretterans,71
71208,71270,Frontenard,71
71209,71580,Frontenaud,71
71210,71960,Fuissé,71
71212,71420,Génelard,71
71213,71290,La Genête,71
71215,71590,Gergy,71
71216,71460,Germagny,71
71217,71520,Germolles-sur-Grosne,71
71218,71800,Gibles,71
71219,71240,Gigny-sur-Saône,71
71220,71160,Gilly-sur-Loire,71
71223,71990,La Grande-Verrière,71
71224,71430,Grandvaux,71
71225,71390,Granges,71
71226,71700,Grevilly,71
71227,71760,Grury,71
71228,71620,Guerfand,71
71229,71160,Les Guerreaux,71
71230,71130,Gueugnon,71
71231,71220,La Guiche,71
71232,71600,Hautefond,71
71233,71600,L'Hôpital-le-Mercier,71
71234,71290,Huilly-sur-Seille,71
71235,71870,Hurigny,71
71237,71540,Igornay,71
71238,71340,Iguerande,71
71239,71760,Issy-l'Évêque,71
71240,71250,Jalogny,71
71241,71640,Jambles,71
71242,71460,Joncy,71
71243,71480,Joudes,71
71244,71290,Jouvençon,71
71245,71240,Jugy,71
71246,71440,Juif,71
71247,71390,Jully-lès-Buxy,71
71248,71700,Lacrost,71
71249,71240,Laives,71
71250,71870,Laizé,71
71251,71190,Laizy,71
71252,71240,Lalheue,71
71253,71380,Lans,71
71254,71270,Lays-sur-le-Doubs,71
71255,71140,Lesme,71
71256,71440,Lessard-en-Bresse,71
71257,71530,Lessard-le-National,71
71258,71570,Leynes,71
71259,71110,Ligny-en-Brionnais,71
71262,71270,Longepierre,71
71263,71500,Louhans,71
71264,71250,Lournand,71
71266,71540,Lucenay-l'Évêque,71
71268,71120,Lugny-lès-Charolles,71
71270,71000,Mâcon,71
71271,71340,Mailly,71
71272,71460,Malay,71
71273,71140,Maltat,71
71274,71240,Mancey,71
71275,71110,Marcigny,71
71276,71120,Marcilly-la-Gueurce,71
71277,71390,Marcilly-lès-Buxy,71
71279,71220,Le Rousset-Marizy,71
71280,71760,Marly-sous-Issy,71
71281,71420,Marly-sur-Arroux,71
71284,71700,Martailly-lès-Brancion,71
71285,71220,Martigny-le-Comte,71
71286,71300,Mary,71
71287,71250,Massilly,71
71288,71250,Massy,71
71289,71520,Matour,71
71290,71250,Mazille,71
71292,71640,Mellecey,71
71293,71470,Ménetreuil,71
71294,71640,Mercurey,71
71295,71310,Mervans,71
71296,71390,Messey-sur-Grosne,71
71297,71190,Mesvres,71
71299,71960,Milly-Lamartine,71
71300,71480,Le Miroir,71
71302,71390,Montagny-lès-Buxy,71
71303,71500,Montagny-près-Louhans,71
71304,71520,Montagny-sur-Grosne,71
71305,71260,Montbellet,71
71306,71300,Montceau-les-Mines,71
71307,71110,Montceaux-l'Étoile,71
71308,71240,Montceaux-Ragny,71
71309,71710,Montcenis,71
71310,71210,Montchanin,71
71311,71500,Montcony,71
71312,71620,Montcoy,71
71315,71270,Mont-lès-Seurre,71
71316,71520,Montmelard,71
71317,71320,Montmort,71
71318,71470,Montpont-en-Bresse,71
71319,71440,Montret,71
71320,71300,Mont-Saint-Vincent,71
71321,71510,Morey,71
71322,71360,Morlet,71
71323,71220,Mornay,71
71324,71390,Moroges,71
71325,71160,La Motte-Saint-Jean,71
71326,71270,Mouthier-en-Bresse,71
71327,71170,Mussy-sous-Dun,71
71328,71240,Nanton,71
71329,71270,Navilly,71
71330,71130,Neuvy-Grandchamp,71
71331,71600,Nochize,71
71333,71380,Oslon,71
71334,71420,Oudry,71
71335,71800,Ouroux-sous-le-Bois-Sainte-Marie,71
71336,71370,Ouroux-sur-Saône,71
71337,71800,Oyé,71
71338,71700,Ozenay,71
71339,71120,Ozolles,71
71340,71430,Palinges,71
71341,71350,Palleau,71
71342,71600,Paray-le-Monial,71
71343,71150,Paris-l'Hôpital,71
71344,71220,Passy,71
71345,71260,Péronne,71
71346,71420,Perrecy-les-Forges,71
71347,71510,Perreuil,71
71348,71160,Perrigny-sur-Loire,71
71349,71400,La Petite-Verrière,71
71350,71960,Pierreclos,71
71351,71270,Pierre-de-Bresse,71
71352,71330,Le Planois,71
71353,71700,Plottes,71
71354,71600,Poisson,71
71355,71270,Pontoux,71
71356,71230,Pouilloux,71
71357,71270,Pourlans,71
71358,71220,Pressy-sous-Dondin,71
71359,71290,Préty,71
71360,71960,Prissé,71
71361,71800,Prizy,71
71362,71570,Pruzilly,71
71363,71460,Le Puley,71
71364,71310,La Racineuse,71
71365,71290,Rancy,71
71366,71290,Ratenelle,71
71367,71500,Ratte,71
71368,71540,Reclesne,71
71370,71160,Rigny-sur-Arroux,71
71371,71960,La Roche-Vineuse,71
71372,71570,Romanèche-Thorins,71
71373,71470,Romenay,71
71376,71550,Roussillon-en-Morvan,71
71377,71700,Royer,71
71379,71580,Sagy,71
71380,71580,Saillenard,71
71383,71260,Saint-Albain,71
71384,71240,Saint-Ambreuil,71
71385,71570,Saint-Amour-Bellevue,71
71386,71440,Saint-André-en-Bresse,71
71387,71220,Saint-André-le-Désert,71
71388,71430,Saint-Aubin-en-Charollais,71
71389,71140,Saint-Aubin-sur-Loire,71
71390,71300,Saint-Berain-sous-Sanvignes,71
71391,71510,Saint-Bérain-sur-Dheune,71
71392,71390,Saint-Boil,71
71393,71340,Saint-Bonnet-de-Cray,71
71394,71220,Saint-Bonnet-de-Joux,71
71395,71430,Saint-Bonnet-de-Vieille-Vigne,71
71396,71310,Saint-Bonnet-en-Bresse,71
71398,71370,Saint-Christophe-en-Bresse,71
71399,71800,Saint-Christophe-en-Brionnais,71
71400,71460,Saint-Clément-sur-Guye,71
71403,71640,Saint-Denis-de-Vaux,71
71404,71390,Saint-Désert,71
71405,71620,Saint-Didier-en-Bresse,71
71406,71110,Saint-Didier-en-Brionnais,71
71407,71190,Saint-Didier-sur-Arroux,71
71408,71740,Saint-Edmond,71
71409,71490,Saint-Émiland,71
71410,71370,Saint-Étienne-en-Bresse,71
71412,71210,Saint-Eusèbe,71
71414,71400,Saint-Forgeot,71
71416,71260,Saint-Gengoux-de-Scissé,71
71417,71460,Saint-Gengoux-le-National,71
71419,71330,Saint-Germain-du-Bois,71
71420,71370,Saint-Germain-du-Plain,71
71421,71800,Saint-Germain-en-Brionnais,71
71422,71390,Saint-Germain-lès-Buxy,71
71423,71350,Saint-Gervais-en-Vallière,71
71424,71490,Saint-Gervais-sur-Couches,71
71427,71460,Saint-Huruge,71
71428,71170,Saint-Igny-de-Roche,71
71430,71640,Saint-Jean-de-Vaux,71
71431,71490,Saint-Jean-de-Trézy,71
71433,71800,Saint-Julien-de-Civry,71
71434,71110,Saint-Julien-de-Jonzy,71
71435,71210,Saint-Julien-sur-Dheune,71
71436,71210,Saint-Laurent-d'Andenay,71
71437,71800,Saint-Laurent-en-Brionnais,71
71438,71360,Saint-Léger-du-Bois,71
71439,71600,Saint-Léger-lès-Paray,71
71440,71990,Saint-Léger-sous-Beuvray,71
71441,71520,Saint-Léger-sous-la-Bussière,71
71442,71510,Saint-Léger-sur-Dheune,71
71443,71350,Saint-Loup-Géanges,71
71444,71240,Saint-Loup-de-Varennes,71
71446,71460,Saint-Marcelin-de-Cray,71
71447,71640,Saint-Mard-de-Vaux,71
71448,71118,Saint-Martin-Belle-Roche,71
71449,71390,Saint-Martin-d'Auxy,71
71450,71490,Saint-Martin-de-Commune,71
71451,71740,Saint-Martin-de-Lixy,71
71452,71220,Saint-Martin-de-Salencey,71
71453,71110,Saint-Martin-du-Lac,71
71455,71460,Saint-Martin-du-Tartre,71
71456,71620,Saint-Martin-en-Bresse,71
71457,71350,Saint-Martin-en-Gâtinois,71
71458,71460,Saint-Martin-la-Patrouille,71
71459,71640,Saint-Martin-sous-Montaigu,71
71460,71260,Saint-Maurice-de-Satonnay,71
71461,71460,Saint-Maurice-des-Champs,71
71462,71620,Saint-Maurice-en-Rivière,71
71463,71740,Saint-Maurice-lès-Châteauneuf,71
71464,71490,Saint-Maurice-lès-Couches,71
71465,71460,Saint-Micaud,71
71466,71190,Saint-Nizier-sur-Arroux,71
71468,71670,Saint-Pierre-de-Varennes,71
71470,71520,Saint-Point,71
71471,71390,Saint-Privé,71
71473,71800,Saint-Racho,71
71477,71230,Saint-Romain-sous-Gourdon,71
71478,71420,Saint-Romain-sous-Versigny,71
71479,71200,Saint-Sernin-du-Bois,71
71480,71510,Saint-Sernin-du-Plain,71
71481,71570,Saint-Symphorien-d'Ancelles,71
71482,71710,Saint-Symphorien-de-Marmagne,71
71483,71800,Saint-Symphorien-des-Bois,71
71484,71500,Saint-Usuge,71
71485,71390,Saint-Vallerin,71
71488,71250,Saint-Vincent-des-Prés,71
71489,71440,Saint-Vincent-en-Bresse,71
71490,71430,Saint-Vincent-Bragny,71
71491,71600,Saint-Yan,71
71492,71460,Saint-Ythaire,71
71493,71360,Saisy,71
71494,71260,La Salle,71
71495,71250,Salornay-sur-Guye,71
71496,71150,Sampigny-lès-Maranges,71
71497,71000,Sancé,71
71499,71410,Sanvignes-les-Mines,71
71501,71390,Sassangy,71
71502,71530,Sassenay,71
71504,71350,Saunières,71
71505,71460,Savianges,71
71506,71580,Savigny-en-Revermont,71
71507,71460,Savigny-sur-Grosne,71
71508,71440,Savigny-sur-Seille,71
71509,71400,La Celle-en-Morvan,71
71510,71110,Semur-en-Brionnais,71
71512,71240,Sennecey-le-Grand,71
71513,71260,Senozan,71
71514,71330,Sens-sur-Seille,71
71515,71460,Sercy,71
71516,71310,Serley,71
71517,71350,Sermesse,71
71519,71310,Serrigny-en-Bresse,71
71520,71100,Sevrey,71
71521,71250,Sigy-le-Châtel,71
71522,71290,Simandre,71
71523,71330,Simard,71
71524,71220,Sivignon,71
71525,71960,Sologny,71
71526,71960,Solutré-Pouilly,71
71527,71540,Sommant,71
71529,71220,Suin,71
71531,71190,La Tagnière,71
71532,71250,Taizé,71
71533,71740,Tancon,71
71534,71330,Le Tartre,71
71535,71400,Tavernay,71
71537,71190,Thil-sur-Arroux,71
71538,71440,Thurey,71
71539,71490,Tintry,71
71542,71320,Toulon-sur-Arroux,71
71543,71700,Tournus,71
71544,71350,Toutenant,71
71545,71520,Tramayes,71
71546,71520,Trambly,71
71547,71520,Trivy,71
71548,71440,Tronchy,71
71549,71290,La Truchère,71
71550,71700,Uchizy,71
71551,71190,Uchon,71
71552,71130,Uxeau,71
71554,71110,Varenne-l'Arconce,71
71555,71240,Varennes-le-Grand,71
71556,71000,Varennes-lès-Mâcon,71
71557,71600,Varenne-Saint-Germain,71
71558,71480,Varennes-Saint-Sauveur,71
71559,71800,Varennes-sous-Dun,71
71561,71800,Vauban,71
71562,71120,Vaudebarrier,71
71563,71460,Vaux-en-Pré,71
71564,71120,Vendenesse-lès-Charolles,71
71565,71130,Vendenesse-sur-Arroux,71
71566,71350,Verdun-sur-le-Doubs,71
71567,71960,Vergisson,71
71568,71440,Vérissey,71
71570,71590,Verjux,71
71571,71220,Verosvres,71
71573,71110,Versaugues,71
71574,71960,Verzé,71
71576,71700,Le Villars,71
71577,71620,Villegaudin,71
71578,71270,Clux-Villeneuve,71
71579,71390,Villeneuve-en-Montagne,71
71581,71110,Vindecy,71
71582,71250,La Vineuse sur Fregande,71
71584,71260,Viré,71
71585,71530,Virey-le-Grand,71
71587,71250,Vitry-lès-Cluny,71
71588,71600,Vitry-en-Charollais,71
71589,71140,Vitry-sur-Loire,71
71590,71600,Volesvres,71
71591,71260,Fleurville,71
72001,72650,Aigné,72
72002,72600,Aillières-Beauvoir,72
72004,72540,Amné,72
72005,72610,Ancinnes,72
72006,72610,Arçonnay,72
72007,72370,Ardenay-sur-Mérize,72
72008,72230,Arnage,72
72009,72270,Arthezé,72
72010,72430,Asnières-sur-Vègre,72
72011,72130,Assé-le-Boisne,72
72012,72170,Assé-le-Riboul,72
72013,72800,Aubigné-Racan,72
72015,72600,Les Aulneaux,72
72016,72300,Auvers-le-Hamon,72
72017,72540,Auvers-sous-Montfaucon,72
72018,72260,Avesnes-en-Saosnois,72
72019,72350,Avessé,72
72020,72400,Avezé,72
72021,72430,Avoise,72
72022,72200,Le Bailleul,72
72023,72290,Ballon-Saint Mars,72
72025,72200,Bazouges Cré sur Loir,72
72026,72110,Beaufay,72
72027,72340,Beaumont-sur-Dême,72
72029,72170,Beaumont-sur-Sarthe,72
72031,72160,Beillé,72
72032,72320,Berfay,72
72033,72240,Bernay-en-Champagne,72
72034,72610,Bérus,72
72035,72310,Bessé-sur-Braye,72
72036,72610,Béthon,72
72037,72600,Blèves,72
72038,72400,Boëssé-le-Sec,72
72039,72110,Bonnétable,72
72041,72390,Bouër,72
72042,72440,Bouloire,72
72043,72610,Bourg-le-Roi,72
72045,72550,Brains-sur-Gée,72
72046,72370,Le Breil-sur-Mérize,72
72047,72250,Brette-les-Pins,72
72048,72110,Briosne-lès-Sables,72
72049,72500,La Bruère-sur-Loir,72
72050,72350,Brûlon,72
72051,72330,Cérans-Foulletourte,72
72052,72340,Chahaignes,72
72053,72250,Challes,72
72054,72470,Champagné,72
72056,72610,Champfleur,72
72057,72320,Champrond,72
72059,72430,Chantenay-Villedieu,72
72060,72800,La Chapelle-aux-Choux,72
72061,72300,La Chapelle-d'Aligné,72
72062,72400,La Chapelle-du-Bois,72
72063,72310,La Chapelle-Gaugain,72
72064,72310,La Chapelle-Huon,72
72065,72650,La Chapelle-Saint-Aubin,72
72066,72240,La Chapelle-Saint-Fray,72
72067,72160,La Chapelle-Saint-Rémy,72
72068,72340,La Chartre-sur-le-Loir,72
72070,72540,Chassillé,72
72071,72500,Montval-sur-Loir,72
72072,72510,Château-l'Hermitage,72
72073,72550,Chaufour-Notre-Dame,72
72074,72540,Chemiré-en-Charnie,72
72075,72210,Chemiré-le-Gaudin,72
72077,72500,Chenu,72
72079,72610,Chérisay,72
72081,72400,Cherreau,72
72082,72610,Le Chevain,72
72083,72350,Chevillé,72
72084,72200,Clermont-Créans,72
72085,72310,Cogners,72
72086,72600,Commerveil,72
72087,72120,Conflans-sur-Anille,72
72088,72290,Congé-sur-Orne,72
72089,72240,Conlie,72
72090,72160,Connerré,72
72091,72600,Contilly,72
72093,72400,Cormes,72
72094,72440,Coudrecieux,72
72095,72190,Coulaines,72
72096,72550,Coulans-sur-Gée,72
72097,72130,Coulombiers,72
72098,72800,Coulongé,72
72099,72290,Courcebœufs,72
72100,72270,Courcelles-la-Forêt,72
72101,72110,Courcemont,72
72102,72110,Courcival,72
72104,72260,Courgains,72
72105,72320,Courgenard,72
72106,72300,Courtillers,72
72107,72540,Crannes-en-Champagne,72
72108,72200,Cré-sur-Loir,72
72109,72140,Crissé,72
72110,72200,Crosmières,72
72111,72240,Cures,72
72112,72260,Dangeul,72
72113,72550,Degré,72
72114,72400,Dehault,72
72115,72500,Dissay-sous-Courcillon,72
72116,72260,Dissé-sous-Ballon,72
72117,72800,Dissé-sous-le-Lude,72
72118,72390,Dollon,72
72119,72240,Domfront-en-Champagne,72
72120,72170,Doucelles,72
72121,72130,Douillet,72
72122,72160,Duneau,72
72123,72270,Dureil,72
72124,72220,Écommoy,72
72125,72120,Écorpain,72
72126,72540,Épineu-le-Chevreuil,72
72127,72700,Étival-lès-le-Mans,72
72128,72120,Évaillé,72
72129,72470,Fatines,72
72131,72430,Fercé-sur-Sarthe,72
72132,72400,La Ferté-Bernard,72
72133,72210,Fillé,72
72135,72330,La Fontaine-Saint-Martin,72
72136,72350,Fontenay-sur-Vègre,72
72137,72600,Villeneuve-en-Perseigne,72
72138,72130,Fresnay-sur-Sarthe,72
72139,72610,Fyé,72
72141,72130,Gesnes-le-Gandelin,72
72143,72150,Le Grand-Lucé,72
72144,72320,Gréez-sur-Roc,72
72145,72140,Le Grez,72
72146,72230,Guécélard,72
72147,72380,La Guierche,72
72148,72110,Jauzé,72
72149,72540,Joué-en-Charnie,72
72150,72380,Joué-l'Abbé,72
72151,72300,Juigné-sur-Sarthe,72
72153,72500,Jupilles,72
72154,72200,La Flèche,72
72155,72220,Laigné-en-Belin,72
72156,72320,Lamnay,72
72158,72390,Lavaré,72
72159,72310,Lavenay,72
72160,72500,Lavernat,72
72161,72340,Lhomme,72
72163,72270,Ligron,72
72164,72610,Livet-en-Saosnois,72
72165,72450,Lombron,72
72166,72540,Longnes,72
72167,72300,Louailles,72
72168,72540,Loué,72
72169,72210,Louplande,72
72171,72600,Louzes,72
72172,72390,Le Luart,72
72173,72500,Luceau,72
72174,72290,Lucé-sous-Ballon,72
72175,72800,Luché-Pringé,72
72176,72800,Le Lude,72
72177,72210,Maigné,72
72179,72270,Malicorne-sur-Sarthe,72
72180,72600,Mamers,72
72181,72000,Le Mans,72
72182,72510,Mansigné,72
72183,72340,Marçon,72
72184,72540,Mareil-en-Champagne,72
72185,72200,Mareil-sur-Loir,72
72186,72170,Maresché,72
72187,72220,Marigné-Laillé,72
72188,72600,Marollette,72
72189,72260,Marolles-les-Braults,72
72190,72120,Marolles-lès-Saint-Calais,72
72191,72360,Mayet,72
72193,72320,Melleray,72
72194,72170,Meurcé,72
72195,72270,Mézeray,72
72196,72290,Mézières-sur-Ponthouin,72
72197,72240,Mézières-sous-Lavardin,72
72198,72650,La Milesse,72
72199,72170,Moitron-sur-Sarthe,72
72200,72230,Moncé-en-Belin,72
72201,72260,Moncé-en-Saosnois,72
72202,72260,Monhoudou,72
72203,72500,Montabon,72
72204,72120,Montaillé,72
72205,72380,Montbizot,72
72209,72130,Montreuil-le-Chétif,72
72210,72150,Montreuil-le-Henri,72
72212,72130,Moulins-le-Carbonnel,72
72213,72230,Mulsanne,72
72214,72260,Nauvay,72
72215,72600,Neufchâtel-en-Saosnois,72
72216,72240,Neuvillalais,72
72217,72190,Neuville-sur-Sarthe,72
72218,72140,Neuvillette-en-Charnie,72
72219,72240,Neuvy-en-Champagne,72
72220,72110,Nogent-le-Bernard,72
72221,72500,Nogent-sur-Loir,72
72222,72260,Nouans,72
72223,72430,Noyen-sur-Sarthe,72
72224,72370,Nuillé-le-Jalais,72
72225,72610,Oisseau-le-Petit,72
72226,72330,Oizé,72
72227,72600,Panon,72
72228,72300,Parcé-sur-Sarthe,72
72229,72140,Parennes,72
72230,72330,Parigné-le-Pôlin,72
72231,72250,Parigné-l'Évêque,72
72232,72300,Notre-Dame-du-Pé,72
72233,72260,Peray,72
72234,72140,Pezé-le-Robert,72
72235,72170,Piacé,72
72236,72300,Pincé,72
72237,72430,Pirmil,72
72238,72600,Pizieux,72
72239,72350,Poillé-sur-Vègre,72
72240,72340,Poncé-sur-le-Loir,72
72241,72450,Montfort-le-Gesnois,72
72243,72510,Pontvallain,72
72244,72300,Précigné,72
72245,72400,Préval,72
72246,72110,Prévelles,72
72247,72700,Pruillé-le-Chétif,72
72248,72150,Pruillé-l'Éguillé,72
72249,72550,La Quinte,72
72250,72120,Rahay,72
72251,72260,René,72
72252,72510,Requeil,72
72253,72210,Roézé-sur-Sarthe,72
72254,72610,Rouessé-Fontaine,72
72255,72140,Rouessé-Vassé,72
72256,72140,Rouez,72
72257,72700,Rouillon,72
72259,72110,Rouperroux-le-Coquet,72
72260,72230,Ruaudin,72
72261,72240,Ruillé-en-Champagne,72
72262,72340,Loir en Vallée,72
72264,72300,Sablé-sur-Sarthe,72
72266,72130,Saint-Aubin-de-Locquenay,72
72267,72400,Saint-Aubin-des-Coudrais,72
72268,72220,Saint-Biez-en-Belin,72
72269,72120,Saint-Calais,72
72270,72600,Saint-Calez-en-Saosnois,72
72271,72110,Saint-Célerin,72
72272,72120,Sainte-Cérotte,72
72273,72170,Saint-Christophe-du-Jambet,72
72274,72540,Saint-Christophe-en-Champagne,72
72275,72460,Saint-Corneille,72
72276,72110,Saint-Cosme-en-Vairais,72
72277,72110,Saint-Denis-des-Coudrais,72
72278,72350,Saint-Denis-d'Orques,72
72279,72150,Saint-Georges-de-la-Couée,72
72281,72110,Saint-Georges-du-Rosay,72
72282,72130,Saint-Georges-le-Gaultier,72
72283,72800,Saint-Germain-d'Arcé,72
72284,72130,Saint-Germain-sur-Sarthe,72
72286,72120,Saint-Gervais-de-Vic,72
72287,72220,Saint-Gervais-en-Belin,72
72289,72380,Sainte-Jamme-sur-Sarthe,72
72290,72380,Saint-Jean-d'Assé,72
72291,72510,Saint-Jean-de-la-Motte,72
72292,72320,Saint-Jean-des-Échelles,72
72293,72430,Saint-Jean-du-Bois,72
72294,72130,Saint-Léonard-des-Bois,72
72295,72600,Saint-Longis,72
72296,72320,Saint-Maixent,72
72298,72440,Saint-Mars-de-Locquenay,72
72299,72220,Saint-Mars-d'Outillé,72
72300,72470,Saint-Mars-la-Brière,72
72302,72400,Saint-Martin-des-Monts,72
72303,72440,Saint-Michel-de-Chavaignes,72
72304,72120,Sainte-Osmane,72
72305,72130,Saint-Ouen-de-Mimbré,72
72306,72220,Saint-Ouen-en-Belin,72
72307,72350,Saint-Ouen-en-Champagne,72
72308,72610,Saint-Paterne - Le Chevain,72
72309,72130,Saint-Paul-le-Gaultier,72
72310,72190,Saint-Pavace,72
72311,72500,Saint-Pierre-de-Chevillé,72
72312,72430,Saint-Pierre-des-Bois,72
72313,72600,Saint-Pierre-des-Ormes,72
72314,72150,Saint-Pierre-du-Lorouër,72
72315,72140,Saint-Rémy-de-Sillé,72
72316,72600,Saint-Rémy-des-Monts,72
72317,72600,Saint-Rémy-du-Val,72
72319,72380,Sainte-Sabine-sur-Longève,72
72322,72320,Saint-Ulphace,72
72323,72130,Saint-Victeur,72
72325,72150,Saint-Vincent-du-Lorouër,72
72326,72600,Saosnes,72
72327,72360,Sarcé,72
72328,72190,Sargé-lès-le-Mans,72
72329,72460,Savigné-l'Évêque,72
72330,72800,Savigné-sous-le-Lude,72
72331,72160,Sceaux-sur-Huisne,72
72332,72170,Ségrie,72
72333,72390,Semur-en-Vallon,72
72334,72140,Sillé-le-Guillaume,72
72335,72460,Sillé-le-Philippe,72
72337,72130,Sougé-le-Ganelon,72
72338,72380,Souillé,72
72339,72210,Souligné-Flacé,72
72340,72290,Souligné-sous-Ballon,72
72341,72370,Soulitré,72
72342,72400,Souvigné-sur-Même,72
72343,72300,Souvigné-sur-Sarthe,72
72344,72700,Spay,72
72345,72370,Surfonds,72
72346,72210,La Suze-sur-Sarthe,72
72347,72430,Tassé,72
72348,72540,Tassillé,72
72350,72220,Teloché,72
72351,72240,Tennie,72
72352,72110,Terrehault,72
72353,72320,Théligny,72
72354,72260,Thoigné,72
72355,72610,Thoiré-sous-Contensor,72
72356,72500,Thoiré-sur-Dinan,72
72357,72800,Thorée-les-Pins,72
72358,72160,Thorigné-sur-Dué,72
72359,72110,Torcé-en-Vallée,72
72360,72650,Trangé,72
72361,72440,Tresson,72
72363,72160,Tuffé Val de la Chéronne,72
72364,72500,Vaas,72
72366,72320,Valennes,72
72367,72540,Vallon-sur-Gée,72
72368,72310,Vancé,72
72369,72360,Verneil-le-Chétif,72
72370,72170,Vernie,72
72372,72600,Vezot,72
72373,72320,Vibraye,72
72374,72600,Villaines-la-Carelle,72
72375,72400,Villaines-la-Gonais,72
72376,72150,Villaines-sous-Lucé,72
72377,72270,Villaines-sous-Malicorne,72
72379,72350,Viré-en-Champagne,72
72380,72170,Vivoin,72
72381,72210,Voivres-lès-le-Mans,72
72383,72160,Vouvray-sur-Huisne,72
72384,72500,Vouvray-sur-Loir,72
72385,72330,Yvré-le-Pôlin,72
72386,72530,Yvré-l'Évêque,72
73001,73610,Aiguebelette-le-Lac,73
73002,73220,Aiguebelle,73
73003,73260,Aigueblanche,73
73004,73340,Aillon-le-Jeune,73
73005,73340,Aillon-le-Vieux,73
73006,73210,Aime-la-Plagne,73
73007,73220,Aiton,73
73008,73100,Aix-les-Bains,73
73010,73410,Entrelacs,73
73011,73200,Albertville,73
73012,73300,Albiez-le-Jeune,73
73013,73300,Albiez-Montrond,73
73014,73200,Allondaz,73
73015,73550,Les Allues,73
73018,73800,Arbin,73
73019,73220,Argentine,73
73020,73340,Arith,73
73021,73110,Arvillard,73
73022,73610,Attignat-Oncin,73
73023,73500,Aussois,73
73024,73260,Les Avanchers-Valmorel,73
73025,73240,Avressieux,73
73026,73500,Avrieux,73
73027,73470,Ayn,73
73028,73170,La Balme,73
73029,73000,Barberaz,73
73032,73540,La Bâthie,73
73033,73360,La Bauche,73
73036,73340,Bellecombe-en-Bauges,73
73039,73330,Belmont-Tramonet,73
73040,73480,Bessans,73
73041,73390,Betton-Bettonet,73
73042,73170,Billième,73
73043,73410,La Biolle,73
73045,73260,Le Bois,73
73047,73480,Bonneval-sur-Arc,73
73048,73460,Bonvillard,73
73049,73220,Bonvillaret,73
73050,73370,Bourdeau,73
73051,73370,Le Bourget-du-Lac,73
73052,73110,Bourget-en-Huile,73
73054,73700,Bourg-Saint-Maurice,73
73055,73350,Bozel,73
73056,73500,Bramans,73
73057,73570,Brides-les-Bains,73
73058,73520,La Bridoire,73
73059,73100,Brison-Saint-Innocent,73
73061,73200,Césarches,73
73063,73730,Cevins,73
73064,73190,Challes-les-Eaux,73
73065,73000,Chambéry,73
73067,73130,La Chambre,73
73068,73390,Chamousset,73
73069,73390,Chamoux-sur-Gelon,73
73070,73240,Champagneux,73
73071,73350,Champagny-en-Vanoise,73
73072,73390,Champ-Laurent,73
73073,73310,Chanaz,73
73076,73370,La Chapelle-du-Mont-du-Chat,73
73077,73700,Les Chapelles,73
73078,73170,La Chapelle-Saint-Martin,73
73080,73300,Le Châtel,73
73081,73630,Le Châtelard,73
73082,73800,La Chavanne,73
73083,73660,Les Chavannes-en-Maurienne,73
73084,73800,Chignin,73
73085,73310,Chindrieux,73
73087,73160,Cognin,73
73088,73400,Cohennoz,73
73089,73800,Coise-Saint-Jean-Pied-Gauthier,73
73090,73630,La Compôte,73
73091,73310,Conjux,73
73092,73160,Corbel,73
73094,73590,Crest-Voland,73
73095,73110,La Croix-de-la-Rochette,73
73096,73800,Cruet,73
73097,73190,Curienne,73
73098,73230,Les Déserts,73
73099,73110,Détrier,73
73100,73330,Domessin,73
73101,73630,Doucy-en-Bauges,73
73103,73420,Drumettaz-Clarafond,73
73104,73610,Dullin,73
73105,73360,Les Échelles,73
73106,73630,École,73
73107,73670,Entremont-le-Vieux,73
73109,73220,Épierre,73
73110,73540,Esserts-Blay,73
73111,73110,Étable,73
73112,73260,Feissons-sur-Isère,73
73113,73350,Feissons-sur-Salins,73
73114,73590,Flumet,73
73116,73300,Fontcouverte-la-Toussuire,73
73118,73800,Francin,73
73119,73500,Freney,73
73120,73250,Fréterive,73
73121,73460,Frontenex,73
73122,73470,Gerbaix,73
73123,73590,La Giettaz,73
73124,73200,Gilly-sur-Isère,73
73127,73240,Gresin,73
73128,73100,Grésy-sur-Aix,73
73129,73460,Grésy-sur-Isère,73
73132,73620,Hauteluce,73
73135,73300,Hermillon,73
73137,73000,Jacob-Bellecombette,73
73138,73300,Jarrier,73
73139,73630,Jarsy,73
73140,73170,Jongieux,73
73141,73800,Laissaud,73
73142,73210,Landry,73
73143,73480,Lanslebourg-Mont-Cenis,73
73144,73480,Lanslevillard,73
73145,73610,Lépin-le-Lac,73
73146,73340,Lescheraines,73
73147,73170,Loisieux,73
73150,73210,La Plagne Tarentaise,73
73151,73800,Les Marches,73
73152,73470,Marcieux,73
73153,73400,Marthod,73
73154,73200,Mercury,73
73155,73420,Méry,73
73156,73170,Meyrieux-Trouet,73
73157,73500,Modane,73
73159,73800,Les Mollettes,73
73160,73000,Montagnole,73
73162,73460,Montailleur,73
73163,73130,Montaimont,73
73166,73390,Montendry,73
73167,73130,Montgellafrey,73
73168,73220,Montgilbert,73
73170,73200,Monthion,73
73171,73800,Montmélian,73
73173,73870,Montricher-Albanne,73
73175,73220,Montsapey,73
73176,73700,Montvalezan,73
73177,73300,Montvernier,73
73178,73340,La Motte-en-Bauges,73
73179,73290,La Motte-Servolex,73
73180,73310,Motz,73
73181,73600,Moûtiers,73
73182,73100,Mouxy,73
73183,73800,Myans,73
73184,73470,Nances,73
73186,73590,Notre-Dame-de-Bellecombe,73
73187,73260,La Léchère,73
73188,73460,Notre-Dame-des-Millières,73
73189,73130,Notre-Dame-du-Cruet,73
73190,73600,Notre-Dame-du-Pré,73
73191,73470,Novalaise,73
73193,73310,Ontex,73
73194,73140,Orelle,73
73196,73200,Pallud,73
73197,73210,Peisey-Nancroix,73
73200,73800,Planaise,73
73202,73200,Plancherine,73
73203,73300,Pontamafrey-Montpascal,73
73205,73110,Le Pontet,73
73206,73710,Pralognan-la-Vanoise,73
73207,73110,Presle,73
73208,73100,Pugny-Chatenod,73
73210,73190,Puygros,73
73211,73720,Queige,73
73212,73220,Randens,73
73213,73490,La Ravoire,73
73216,73730,Rognaix,73
73217,73110,Rotherens,73
73218,73310,Ruffieux,73
73219,73610,Saint-Alban-de-Montbel,73
73220,73220,Saint-Alban-d'Hurtières,73
73221,73130,Saint-Alban-des-Villards,73
73222,73230,Saint-Alban-Leysse,73
73224,73130,Saint-Avre,73
73225,73190,Saint-Baldoph,73
73226,73520,Saint-Béron,73
73227,73120,Courchevel,73
73228,73160,Saint-Cassin,73
73230,73130,Saint-Colomban-des-Villards,73
73231,73130,Saint-Étienne-de-Cuines,73
73232,73640,Sainte-Foy-Tarentaise,73
73233,73360,Saint-Franc,73
73234,73340,Saint-François-de-Sales,73
73235,73130,Saint François Longchamp,73
73236,73240,Saint-Genix-sur-Guiers,73
73237,73220,Saint-Georges-d'Hurtières,73
73240,73800,Sainte-Hélène-du-Lac,73
73241,73460,Sainte-Hélène-sur-Isère,73
73242,73530,Saint-Jean-d'Arves,73
73243,73230,Saint-Jean-d'Arvey,73
73244,73440,Saint-Jean-de-Belleville,73
73245,73170,Saint-Jean-de-Chevelu,73
73246,73160,Saint-Jean-de-Couz,73
73247,73250,Saint-Jean-de-la-Porte,73
73248,73300,Saint-Jean-de-Maurienne,73
73249,73190,Saint-Jeoire-Prieuré,73
73250,73870,Saint-Julien-Mont-Denis,73
73254,73240,Sainte-Marie-d'Alvey,73
73255,73130,Sainte-Marie-de-Cuines,73
73256,73140,Saint-Martin-d'Arc,73
73257,73440,Les Belleville,73
73258,73140,Saint-Martin-de-la-Porte,73
73259,73130,Saint-Martin-sur-la-Chambre,73
73260,73240,Saint-Maurice-de-Rotherens,73
73261,73140,Saint-Michel-de-Maurienne,73
73263,73100,Saint-Offenge,73
73266,73260,Saint-Oyen,73
73268,73730,Saint-Paul-sur-Isère,73
73270,73250,Saint-Pierre-d'Albigny,73
73271,73170,Saint-Pierre-d'Alvey,73
73272,73220,Saint-Pierre-de-Belleville,73
73273,73310,Saint-Pierre-de-Curtille,73
73275,73360,Saint-Pierre-de-Genebroz,73
73276,73800,Saint-Pierre-de-Soucy,73
73278,73660,Saint-Rémy-de-Maurienne,73
73280,73530,Saint-Sorlin-d'Arves,73
73282,73160,Saint-Thibaud-de-Couz,73
73283,73460,Saint-Vital,73
73284,73600,Salins-Fontaine,73
73285,73700,Séez,73
73286,73310,Serrières-en-Chautagne,73
73287,73500,Sollières-Sardières,73
73288,73000,Sonnaz,73
73289,73110,La Table,73
73290,73500,Val-Cenis,73
73292,73200,Thénésol,73
73294,73190,La Thuile,73
73296,73320,Tignes,73
73297,73460,Tournon,73
73298,73790,Tours-en-Savoie,73
73299,73170,Traize,73
73300,73100,Tresserve,73
73301,73100,Trévignin,73
73303,73400,Ugine,73
73304,73150,Val-d'Isère,73
73306,73450,Valloire,73
73307,73450,Valmeinier,73
73308,73200,Venthon,73
73309,73330,Verel-de-Montbel,73
73310,73230,Verel-Pragondran,73
73311,73110,Le Verneil,73
73312,73460,Verrens-Arvey,73
73313,73170,Verthemex,73
73314,73800,Villard-d'Héry,73
73315,73390,Villard-Léger,73
73316,73110,Villard-Sallet,73
73317,73270,Villard-sur-Doron,73
73318,73300,Villarembert,73
73320,73300,Villargondran,73
73322,73500,Villarodin-Bourget,73
73323,73640,Villaroger,73
73324,73110,Villaroux,73
73326,73160,Vimines,73
73327,73310,Vions,73
73328,73420,Viviers-du-Lac,73
73329,73420,Voglans,73
73330,73170,Yenne,73
74001,74360,Abondance,74
74002,74540,Alby-sur-Chéran,74
74003,74290,Alex,74
74004,74540,Allèves,74
74005,74200,Allinges,74
74006,74350,Allonzier-la-Caille,74
74007,74800,Amancy,74
74008,74100,Ambilly,74
74010,74000,Annecy,74
74011,74940,Annecy-le-Vieux,74
74012,74100,Annemasse,74
74013,74200,Anthy-sur-Léman,74
74014,74300,Arâches-la-Frasse,74
74015,74930,Arbusigny,74
74016,74160,Archamps,74
74018,74800,Arenthon,74
74019,74370,Argonay,74
74020,74200,Armoy,74
74021,74380,Arthaz-Pont-Notre-Dame,74
74022,74570,Aviernoz,74
74024,74130,Ayse,74
74025,74140,Ballaison,74
74026,74330,La Balme-de-Sillingy,74
74027,74230,La Balme-de-Thuy,74
74029,74910,Bassy,74
74030,74430,La Baume,74
74032,74470,Bellevaux,74
74033,74500,Bernex,74
74034,74430,Le Biot,74
74035,74150,Bloye,74
74036,74290,Bluffy,74
74037,74420,Boëge,74
74038,74250,Bogève,74
74040,74380,Bonne,74
74043,74890,Bons-en-Chablais,74
74044,74160,Bossey,74
74045,74230,Le Bouchet-Mont-Charvin,74
74046,74150,Boussy,74
74048,74890,Brenthonne,74
74049,74130,Brizon,74
74050,74420,Burdignin,74
74051,74350,Cercier,74
74052,74350,Cernex,74
74053,74550,Cervens,74
74054,74540,Chainaz-les-Frasses,74
74055,74910,Challonges,74
74056,74400,Chamonix-Mont-Blanc,74
74057,74500,Champanges,74
74058,74360,La Chapelle-d'Abondance,74
74059,74800,La Chapelle-Rambaud,74
74060,74410,La Chapelle-Saint-Maurice,74
74061,74540,Chapeiry,74
74062,74370,Charvonnex,74
74063,74390,Châtel,74
74064,74300,Châtillon-sur-Cluses,74
74066,74270,Chavannaz,74
74067,74650,Chavanod,74
74068,74270,Chêne-en-Semine,74
74069,74520,Chênex,74
74070,74140,Chens-sur-Léman,74
74071,74270,Chessenaz,74
74072,74210,Chevaline,74
74073,74500,Chevenoz,74
74074,74520,Chevrier,74
74076,74330,Choisy,74
74077,74270,Clarafond-Arcine,74
74079,74230,Les Clefs,74
74080,74220,La Clusaz,74
74081,74300,Cluses,74
74082,74160,Collonges-sous-Salève,74
74083,74920,Combloux,74
74085,74170,Les Contamines-Montjoie,74
74086,74270,Contamine-Sarzin,74
74087,74130,Contamine-sur-Arve,74
74088,74350,Copponex,74
74089,74700,Cordon,74
74090,74800,Cornier,74
74091,74110,La Côte-d'Arbroz,74
74093,74960,Cran-Gevrier,74
74094,74380,Cranves-Sales,74
74095,74150,Crempigny-Bonneguête,74
74096,74350,Cruseilles,74
74097,74540,Cusy,74
74098,74350,Cuvat,74
74099,74120,Demi-Quartier,74
74100,74270,Desingy,74
74101,74520,Dingy-en-Vuache,74
74102,74230,Dingy-Saint-Clair,74
74103,74700,Domancy,74
74104,74210,Doussard,74
74105,74140,Douvaine,74
74106,74550,Draillant,74
74108,74410,Duingt,74
74109,1200,Éloise,74
74110,74130,Entremont,74
74111,74410,Entrevernes,74
74112,74330,Epagny Metz-Tessy,74
74114,74110,Essert-Romand,74
74116,74800,Etaux,74
74117,74150,Étercy,74
74118,74100,Étrembières,74
74119,74500,Évian-les-Bains,74
74120,74570,Évires,74
74121,74140,Excenevex,74
74122,74130,Faucigny,74
74123,74210,Faverges-Seythenex,74
74124,74160,Feigères,74
74126,74890,Fessy,74
74127,74500,Féternes,74
74128,74250,Fillinges,74
74129,74200,La Forclaz,74
74130,74910,Franclens,74
74131,74270,Frangy,74
74133,74240,Gaillard,74
74134,74260,Les Gets,74
74135,74210,Giez,74
74136,74450,Le Grand-Bornand,74
74137,74570,Groisy,74
74138,74540,Gruffy,74
74139,74420,Habère-Lullin,74
74140,74420,Habère-Poche,74
74141,74150,Hauteville-sur-Fier,74
74142,74540,Héry-sur-Alby,74
74143,74310,Les Houches,74
74144,74520,Jonzier-Épagny,74
74146,74500,Larringes,74
74147,74210,Lathuile,74
74148,74320,Leschaux,74
74150,74140,Loisin,74
74151,74150,Lornay,74
74152,74330,Lovagny,74
74153,74380,Lucinges,74
74154,74500,Lugrin,74
74155,74470,Lullin,74
74156,74890,Lully,74
74157,74200,Lyaud,74
74158,74140,Machilly,74
74159,74300,Magland,74
74160,74230,Manigod,74
74161,74150,Marcellaz-Albanais,74
74162,74250,Marcellaz,74
74163,74200,Margencel,74
74164,74970,Marignier,74
74165,74150,Marigny-Saint-Marcel,74
74166,74200,Marin,74
74167,74210,Val de Chaise,74
74168,74270,Marlioz,74
74169,74460,Marnaz,74
74171,74140,Massongy,74
74172,74500,Maxilly-sur-Léman,74
74173,74120,Megève,74
74174,74490,Mégevette,74
74175,74500,Meillerie,74
74176,74290,Menthon-Saint-Bernard,74
74177,74350,Menthonnex-en-Bornes,74
74178,74270,Menthonnex-sous-Clermont,74
74179,74330,Mésigny,74
74180,74140,Messery,74
74182,74960,Meythet,74
74183,74440,Mieussy,74
74184,74270,Minzier,74
74185,74560,Monnetier-Mornex,74
74186,74600,Montagny-les-Lanches,74
74188,74110,Montriond,74
74189,74130,Mont-Saxonnex,74
74190,74440,Morillon,74
74191,74110,Morzine,74
74192,74150,Moye,74
74193,74560,La Muraz,74
74194,74540,Mûres,74
74195,74270,Musièges,74
74196,74300,Nancy-sur-Cluses,74
74197,74380,Nangy,74
74198,74370,Nâves-Parmelan,74
74199,74140,Nernier,74
74200,74500,Neuvecelle,74
74201,74160,Neydens,74
74202,74330,Nonglard,74
74203,74500,Novel,74
74204,74370,Les Ollières,74
74205,74490,Onnion,74
74206,74550,Orcier,74
74209,74250,Peillonnex,74
74210,74550,Perrignier,74
74211,74930,Pers-Jussy,74
74212,74130,Le Petit-Bornand-les-Glières,74
74213,74330,Poisy,74
74215,74120,Praz-sur-Arly,74
74218,74500,Publier,74
74219,74600,Quintal,74
74220,74930,Reignier-Ésery,74
74221,74950,Le Reposoir,74
74222,74200,Reyvroz,74
74223,74440,La Rivière-Enverse,74
74224,74800,La Roche-sur-Foron,74
74226,74420,Saint-André-de-Boëge,74
74229,74140,Saint-Cergues,74
74232,74410,Saint-Eustache,74
74234,74210,Saint-Ferréol,74
74235,74910,Saint-Germain-sur-Rhône,74
74236,74170,Saint-Gervais-les-Bains,74
74237,74500,Saint-Gingolph,74
74238,74430,Saint-Jean-d'Aulps,74
74239,74450,Saint-Jean-de-Sixt,74
74240,74250,Saint-Jean-de-Tholome,74
74241,74490,Saint-Jeoire,74
74242,74410,Saint-Jorioz,74
74243,74160,Saint-Julien-en-Genevois,74
74245,74370,Saint-Martin-Bellevue,74
74249,74500,Saint-Paul-en-Chablais,74
74250,74800,Saint-Pierre-en-Faucigny,74
74253,74800,Saint-Sixt,74
74255,74150,Sales,74
74256,74700,Sallanches,74
74257,74270,Sallenôves,74
74258,74340,Samoëns,74
74259,74350,Le Sappey,74
74261,74420,Saxel,74
74262,74930,Scientrier,74
74263,74140,Sciez,74
74264,74950,Scionzier,74
74265,74230,Serraval,74
74266,74310,Servoz,74
74267,74320,Sevrier,74
74268,74600,Seynod,74
74271,74430,Seytroux,74
74272,74330,Sillingy,74
74273,74740,Sixt-Fer-à-Cheval,74
74274,74150,Val-de-Fier,74
74275,74210,Talloires-Montmin,74
74276,74440,Taninges,74
74278,74300,Thyez,74
74279,74500,Thollon-les-Mémises,74
74280,74230,Thônes,74
74281,74200,Thonon-les-Bains,74
74282,74570,Fillière,74
74283,74150,Thusy,74
74285,74910,Usinens,74
74286,74360,Vacheresse,74
74288,74520,Valleiry,74
74290,74660,Vallorcine,74
74291,74270,Vanzy,74
74293,74140,Veigy-Foncenex,74
74294,74440,Verchaix,74
74295,74200,La Vernaz,74
74298,74100,Vétraz-Monthoux,74
74299,74290,Veyrier-du-Lac,74
74302,74230,Les Villards-sur-Thônes,74
74303,74370,Villaz,74
74304,74250,Ville-en-Sallaz,74
74305,74100,Ville-la-Grand,74
74306,74350,Villy-le-Bouveret,74
74307,74350,Villy-le-Pelloux,74
74308,74500,Vinzier,74
74310,74540,Viuz-la-Chiésaz,74
74311,74250,Viuz-en-Sallaz,74
74313,74350,Vovray-en-Bornes,74
74314,74520,Vulbens,74
74315,74140,Yvoire,74
75101,75001,Paris 01,75
75102,75002,Paris 02,75
75103,75003,Paris 03,75
75104,75004,Paris 04,75
75105,75005,Paris 05,75
75106,75006,Paris 06,75
75107,75007,Paris 07,75
75108,75008,Paris 08,75
75109,75009,Paris 09,75
75110,75010,Paris 10,75
75111,75011,Paris 11,75
75112,75012,Paris 12,75
75113,75013,Paris 13,75
75114,75014,Paris 14,75
75115,75015,Paris 15,75
75116,75016,Paris 16,75
75117,75017,Paris 17,75
75118,75018,Paris 18,75
75119,75019,Paris 19,75
75120,75020,Paris 20,75
76001,76190,Allouville-Bellefosse,76
76002,76640,Alvimare,76
76004,76550,Ambrumesnil,76
76005,76920,Amfreville-la-Mi-Voie,76
76007,76710,Anceaumeville,76
76008,76370,Ancourt,76
76009,76560,Ancourteville-sur-Héricourt,76
76010,76760,Ancretiéville-Saint-Victor,76
76011,76540,Ancretteville-sur-Mer,76
76012,76110,Angerville-Bailleul,76
76013,76540,Angerville-la-Martel,76
76014,76280,Angerville-l'Orcher,76
76015,76740,Angiens,76
76016,76740,Anglesqueville-la-Bras-Long,76
76017,76280,Anglesqueville-l'Esneval,76
76018,76890,Val-de-Saâne,76
76019,76590,Anneville-sur-Scie,76
76020,76480,Anneville-Ambourville,76
76021,76110,Annouville-Vilmesnil,76
76022,76490,Anquetierville,76
76023,76560,Anvéville,76
76024,76680,Ardouval,76
76025,76780,Argueil,76
76026,76880,Arques-la-Bataille,76
76028,76390,Aubéguimont,76
76029,76340,Aubermesnil-aux-Érables,76
76030,76550,Aubermesnil-Beaumais,76
76032,76450,Auberville-la-Manuel,76
76033,76110,Auberville-la-Renault,76
76034,76720,Auffay,76
76035,76390,Aumale,76
76036,76730,Auppegard,76
76038,76690,Authieux-Ratiéville,76
76039,76520,Les Authieux-sur-le-Port-Saint-Ouen,76
76040,76740,Autigny,76
76041,76190,Autretot,76
76042,76270,Auvilliers,76
76043,76190,Auzebosc,76
76044,76640,Auzouville-Auberbosc,76
76045,76760,Auzouville-l'Esneval,76
76046,76116,Auzouville-sur-Ry,76
76047,76730,Auzouville-sur-Saâne,76
76048,76220,Avesnes-en-Bray,76
76049,76630,Avesnes-en-Val,76
76050,76730,Avremesnil,76
76051,76730,Bacqueville-en-Caux,76
76052,76660,Bailleul-Neuville,76
76053,76660,Baillolet,76
76054,76630,Bailly-en-Rivière,76
76055,76190,Baons-le-Comte,76
76056,76480,Bardouville,76
76057,76360,Barentin,76
76058,76260,Baromesnil,76
76059,76340,Bazinval,76
76060,76440,Beaubec-la-Rosière,76
76062,76850,Beaumont-le-Hareng,76
76063,76890,Beauval-en-Caux,76
76065,76870,Beaussault,76
76066,76890,Beautot,76
76067,76220,Beauvoir-en-Lyons,76
76068,76110,Bec-de-Mortagne,76
76069,76240,Belbeuf,76
76070,76680,Bellencombre,76
76072,76890,Belleville-en-Caux,76
76075,76590,Belmesnil,76
76076,76110,Bénarville,76
76077,76560,Bénesville,76
76078,76640,Bennetot,76
76080,76640,Bermonville,76
76082,76210,Bernières,76
76083,76450,Bertheauville,76
76084,76450,Bertreville,76
76085,76590,Bertreville-Saint-Ouen,76
76086,76890,Bertrimont,76
76087,76560,Berville-en-Caux,76
76088,76480,Berville-sur-Seine,76
76090,76210,Beuzeville-la-Grenier,76
76091,76450,Beuzeville-la-Guérard,76
76092,76210,Beuzevillette,76
76093,76220,Bézancourt,76
76094,76750,Bierville,76
76095,76420,Bihorel,76
76096,76890,Biville-la-Baignarde,76
76097,76730,Biville-la-Rivière,76
76099,76190,Blacqueville,76
76100,76116,Blainville-Crevon,76
76101,76340,Blangy-sur-Bresle,76
76103,76240,Bonsecours,76
76104,76460,Blosseville,76
76105,76690,Le Bocasse,76
76106,76160,Bois-d'Ennebourg,76
76107,76750,Bois-Guilbert,76
76108,76230,Bois-Guillaume,76
76109,76750,Bois-Héroult,76
76110,76190,Bois-Himont,76
76111,76160,Bois-l'Évêque,76
76112,76590,Le Bois-Robert,76
76113,76750,Boissay,76
76114,76210,Bolbec,76
76115,76210,Bolleville,76
76117,76790,Bordeaux-Saint-Clair,76
76118,76110,Bornambusc,76
76119,76680,Bosc-Bérenger,76
76120,76750,Bosc-Bordel,76
76121,76750,Bosc-Édeline,76
76122,76270,Callengeville,76
76123,76710,Bosc-Guérard-Saint-Adrien,76
76124,76220,Bosc-Hyons,76
76125,76850,Bosc-le-Hard,76
76126,76680,Bosc-Mesnil,76
76127,76750,Bosc-Roger-sur-Buchy,76
76128,76450,Bosville,76
76129,76560,Boudeville,76
76130,76270,Bouelles,76
76131,76530,La Bouille,76
76132,76760,Bourdainville,76
76133,76740,Le Bourg-Dun,76
76134,76740,Bourville,76
76136,76730,Brachy,76
76138,76850,Bracquetuit,76
76139,76680,Bradiancourt,76
76140,76740,Brametot,76
76141,76110,Bréauté,76
76142,76220,Brémontier-Merval,76
76143,76110,Bretteville-du-Grand-Caux,76
76144,76560,Bretteville-Saint-Laurent,76
76148,76660,Bures-en-Bray,76
76149,76890,Butot,76
76151,76460,Cailleville,76
76152,76690,Cailly,76
76153,76890,Calleville-les-Deux-Églises,76
76154,76340,Campneuseville,76
76155,76260,Canehan,76
76156,76450,Canouville,76
76157,76380,Canteleu,76
76158,76560,Canville-les-Deux-Églises,76
76159,76450,Cany-Barville,76
76160,76190,Carville-la-Folletière,76
76161,76560,Carville-Pot-de-Fer,76
76162,76590,Le Catelier,76
76163,76116,Catenay,76
76164,76490,Rives-en-Seine,76
76165,76320,Caudebec-lès-Elbeuf,76
76166,76390,Le Caule-Sainte-Beuve,76
76167,76930,Cauville-sur-Mer,76
76168,76590,Les Cent-Acres,76
76169,76430,La Cerlangue,76
76170,76590,La Chapelle-du-Bourgay,76
76171,76780,La Chapelle-Saint-Ouen,76
76172,76740,La Chapelle-sur-Dun,76
76173,76590,La Chaussée,76
76174,76570,Cideville,76
76175,76660,Clais,76
76176,76450,Clasville,76
76177,76690,Claville-Motteville,76
76178,76410,Cléon,76
76179,76690,Clères,76
76180,76450,Cleuville,76
76182,76640,Cliponville,76
76183,76400,Colleville,76
76184,76550,Colmesnil-Manneville,76
76185,76440,Compainville,76
76187,76400,Contremoulins,76
76188,76850,Cottévrard,76
76189,76450,Crasville-la-Mallet,76
76190,76740,Crasville-la-Rocquefort,76
76191,76720,Cressy,76
76192,76910,Criel-sur-Mer,76
76193,76850,La Crique,76
76194,76111,Criquebeuf-en-Caux,76
76195,76540,Criquetot-le-Mauconduit,76
76196,76280,Criquetot-l'Esneval,76
76197,76590,Criquetot-sur-Longueville,76
76198,76760,Criquetot-sur-Ouville,76
76199,76390,Criquiers,76
76200,76680,Critot,76
76201,76780,Croisy-sur-Andelle,76
76202,76660,Croixdalle,76
76203,76190,Croix-Mare,76
76204,76720,Cropus,76
76205,76590,Crosville-sur-Scie,76
76207,76260,Cuverville-sur-Yères,76
76208,76220,Cuy-Saint-Fiacre,76
76209,76220,Dampierre-en-Bray,76
76210,76510,Dampierre-Saint-Nicolas,76
76211,76340,Dancourt,76
76212,76160,Darnétal,76
76213,76110,Daubeuf-Serville,76
76214,76590,Dénestanville,76
76216,76250,Déville-lès-Rouen,76
76217,76200,Dieppe,76
76219,76560,Doudeville,76
76220,76630,Douvrend,76
76221,76460,Drosay,76
76222,76480,Duclair,76
76223,76190,Écalles-Alix,76
76224,76110,Écrainville,76
76225,76190,Écretteville-lès-Baons,76
76226,76540,Écretteville-sur-Mer,76
76227,76760,Ectot-l'Auber,76
76228,76970,Ectot-lès-Baons,76
76229,76220,Elbeuf-en-Bray,76
76230,76780,Elbeuf-sur-Andelle,76
76231,76500,Elbeuf,76
76232,76540,Életot,76
76233,76390,Ellecourt,76
76235,76630,Envermeu,76
76236,76640,Envronville,76
76237,76480,Épinay-sur-Duclair,76
76238,76133,Épouville,76
76239,76430,Épretot,76
76240,76400,Épreville,76
76241,76740,Ermenouville,76
76242,76220,Ernemont-la-Villette,76
76243,76750,Ernemont-sur-Buchy,76
76244,76270,Esclavelles,76
76245,76710,Eslettes,76
76247,76690,Esteville,76
76248,76750,Estouteville-Écalles,76
76249,76850,Étaimpuis,76
76250,76430,Étainhus,76
76251,76560,Étalleville,76
76252,76260,Étalondes,76
76253,76190,Étoutteville,76
76254,76790,Étretat,76
76255,76260,Eu,76
76257,76340,Fallencourt,76
76258,76640,Terres-de-Caux,76
76259,76400,Fécamp,76
76260,76220,Ferrières-en-Bray,76
76261,76440,La Ferté-Saint-Samson,76
76262,76270,Fesques,76
76265,76270,Flamets-Frétils,76
76266,76260,Flocques,76
76268,76280,Fongueusemare,76
76269,76440,Fontaine-en-Bray,76
76270,76290,Fontaine-la-Mallet,76
76271,76690,Fontaine-le-Bourg,76
76272,76740,Fontaine-le-Dun,76
76273,76160,Fontaine-sous-Préaux,76
76274,76890,La Fontelaye,76
76276,76440,Forges-les-Eaux,76
76278,76340,Foucarmont,76
76279,76640,Foucart,76
76280,76660,Fréauville,76
76281,76170,La Frénaye,76
76282,76410,Freneuse,76
76283,76270,Fresles,76
76284,76850,Fresnay-le-Long,76
76285,76520,Fresne-le-Plan,76
76286,76660,Fresnoy-Folny,76
76287,76570,Fresquiennes,76
76288,76510,Freulleville,76
76289,76190,Saint Martin de l'If,76
76290,76690,Frichemesnil,76
76291,76400,Froberville,76
76292,76780,Fry,76
76293,76560,Fultot,76
76294,76740,La Gaillarde,76
76295,76870,Gaillefontaine,76
76296,76700,Gainneville,76
76297,76220,Gancourt-Saint-Étienne,76
76298,76400,Ganzeville,76
76299,76540,Gerponville,76
76300,76790,Gerville,76
76302,76110,Goderville,76
76304,76110,Gonfreville-Caillot,76
76305,76700,Gonfreville-l'Orcher,76
76306,76730,Gonnetot,76
76307,76280,Gonneville-la-Mallet,76
76308,76590,Gonneville-sur-Scie,76
76309,76560,Gonzeville,76
76312,76220,Gournay-en-Bray,76
76314,76430,Graimbouville,76
76315,76450,Grainville-la-Teinturière,76
76316,76116,Grainville-sur-Ry,76
76317,76110,Grainville-Ymauville,76
76319,76530,Grand-Couronne,76
76320,76660,Grandcourt,76
76321,76950,Les Grandes-Ventes,76
76322,76120,Le Grand-Quevilly,76
76323,76270,Graval,76
76324,76370,Grèges,76
76325,76970,Grémonville,76
76327,76810,Greuville,76
76328,76850,Grigneuseville,76
76329,76210,Gruchet-le-Valasse,76
76330,76810,Gruchet-Saint-Siméon,76
76331,76690,Grugny,76
76332,76440,Grumesnil,76
76333,76340,Guerville,76
76334,76730,Gueures,76
76335,76890,Gueutteville,76
76336,76460,Gueutteville-les-Grès,76
76338,76780,La Hallotière,76
76339,76450,Le Hanouard,76
76340,76560,Harcanville,76
76341,76700,Harfleur,76
76342,76640,Hattenville,76
76344,76390,Haudricourt,76
76345,76440,Haussez,76
76346,76450,Hautot-l'Auvray,76
76347,76190,Hautot-le-Vatois,76
76348,76190,Hautot-Saint-Sulpice,76
76349,76550,Hautot-sur-Mer,76
76350,76113,Hautot-sur-Seine,76
76351,76600,Le Havre,76
76353,76740,Héberville,76
76354,76840,Hénouville,76
76355,76560,Héricourt-en-Caux,76
76356,76730,Hermanville,76
76357,76280,Hermeville,76
76358,76780,Le Héron,76
76359,76750,Héronchelles,76
76360,76720,Heugleville-sur-Scie,76
76362,76940,Heurteauville,76
76363,76340,Hodeng-au-Bosc,76
76364,76780,Hodeng-Hodenger,76
76365,76740,Houdetot,76
76366,76770,Le Houlme,76
76367,76770,Houppeville,76
76368,76110,Houquetot,76
76369,76690,La Houssaye-Béranger,76
76370,76570,Hugleville-en-Caux,76
76371,76630,Les Ifs,76
76372,76390,Illois,76
76373,76890,Imbleville,76
76374,76117,Incheville,76
76375,76460,Ingouville,76
76377,76230,Isneauville,76
76378,76480,Jumièges,76
76380,76730,Lammerville,76
76381,76390,Landes-Vieilles-et-Neuves,76
76382,76210,Lanquetot,76
76383,76730,Lestanville,76
76384,76170,Lillebonne,76
76385,76570,Limésy,76
76386,76540,Limpiville,76
76387,76760,Lindebeuf,76
76388,76210,Lintot,76
76389,76590,Lintot-les-Bois,76
76391,76500,La Londe,76
76392,76660,Londinières,76
76393,76440,Longmesnil,76
76394,76260,Longroy,76
76395,76860,Longueil,76
76396,76750,Longuerue,76
76397,76590,Longueville-sur-Scie,76
76398,76490,Louvetot,76
76400,76810,Luneray,76
76401,76940,Arelaune-en-Seine,76
76402,76770,Malaunay,76
76403,76450,Malleville-les-Grès,76
76404,76133,Manéglise,76
76405,76590,Manéhouville,76
76406,76400,Maniquerville,76
76407,76460,Manneville-ès-Plains,76
76408,76110,Manneville-la-Goupil,76
76409,76290,Mannevillette,76
76410,76150,Maromme,76
76411,76390,Marques,76
76412,76116,Martainville-Épreville,76
76414,76370,Martin-Église,76
76416,76680,Mathonville,76
76417,76680,Maucomble,76
76418,76490,Maulévrier-Sainte-Gertrude,76
76419,76530,Mauny,76
76420,76440,Mauquenchy,76
76421,76170,Mélamare,76
76422,76260,Melleville,76
76423,76220,Ménerval,76
76424,76270,Ménonval,76
76425,76110,Mentheville,76
76426,76780,Mésangueville,76
76427,76270,Mesnières-en-Bray,76
76428,76460,Le Mesnil-Durdent,76
76429,76240,Le Mesnil-Esnard,76
76430,76660,Mesnil-Follemprise,76
76431,76780,Le Mesnil-Lieubray,76
76432,76440,Mesnil-Mauger,76
76433,76570,Mesnil-Panneville,76
76434,76520,Mesnil-Raoul,76
76435,76260,Le Mesnil-Réaume,76
76436,76480,Le Mesnil-sous-Jumièges,76
76437,76510,Meulers,76
76438,76260,Millebosc,76
76439,76210,Mirville,76
76440,76220,Molagnies,76
76441,76340,Monchaux-Soreng,76
76442,76260,Monchy-sur-Eu,76
76443,76690,Mont-Cauvaire,76
76445,76680,Montérolier,76
76447,76290,Montivilliers,76
76449,76850,Montreuil-en-Caux,76
76450,76220,Montroty,76
76451,76130,Mont-Saint-Aignan,76
76452,76710,Montville,76
76453,76750,Morgny-la-Pommeraye,76
76455,76780,Morville-sur-Andelle,76
76456,76970,Motteville,76
76457,76530,Moulineaux,76
76458,76590,Muchedent,76
76459,76270,Nesle-Hodeng,76
76460,76340,Nesle-Normandeuse,76
76461,76680,Neufbosc,76
76462,76270,Neufchâtel-en-Bray,76
76463,76220,Neuf-Marché,76
76464,76520,La Neuville-Chant-d'Oisel,76
76465,76270,Neuville-Ferrières,76
76467,76460,Néville,76
76468,76210,Nointot,76
76469,76780,Nolléval,76
76471,76330,Norville,76
76472,76510,Notre-Dame-d'Aliermont,76
76473,76940,Notre-Dame-de-Bliquetuit,76
76474,76960,Notre-Dame-de-Bondeville,76
76475,76520,Franqueville-Saint-Pierre,76
76476,76170,Port-Jérôme-sur-Seine,76
76477,76133,Notre-Dame-du-Bec,76
76478,76590,Notre-Dame-du-Parc,76
76479,76390,Nullemont,76
76480,76450,Ocqueville,76
76481,76930,Octeville-sur-Mer,76
76482,76550,Offranville,76
76483,76560,Oherville,76
76484,76350,Oissel,76
76485,76730,Omonville,76
76487,76660,Osmoy-Saint-Valery,76
76488,76450,Ouainville,76
76489,76430,Oudalle,76
76490,76450,Ourville-en-Caux,76
76491,76760,Ouville-l'Abbaye,76
76492,76860,Ouville-la-Rivière,76
76493,76450,Paluel,76
76494,76210,Parc-d'Anxtot,76
76495,76570,Pavilly,76
76497,76650,Petit-Couronne,76
76498,76140,Le Petit-Quevilly,76
76501,76280,Pierrefiques,76
76502,76750,Pierreval,76
76503,76360,Pissy-Pôville,76
76504,76460,Pleine-Sève,76
76505,76440,Pommereux,76
76506,76680,Pommeréval,76
76507,76260,Ponts-et-Marais,76
76508,76280,La Poterie-Cap-d'Antifer,76
76510,76560,Prétot-Vicquemare,76
76511,76660,Preuseville,76
76512,76660,Puisenval,76
76513,76840,Quevillon,76
76514,76520,Quévreville-la-Poterie,76
76515,76860,Quiberville,76
76516,76270,Quièvrecourt,76
76517,76230,Quincampoix,76
76518,76210,Raffetot,76
76519,76730,Rainfreville,76
76520,76340,Réalcamp,76
76521,76750,Rebets,76
76522,76430,La Remuée,76
76523,76340,Rétonval,76
76524,76560,Reuville,76
76525,76640,Ricarville,76
76526,76510,Ricarville-du-Val,76
76529,76540,Riville,76
76530,76560,Robertot,76
76531,76640,Rocquefort,76
76533,76700,Rogerville,76
76534,76133,Rolleville,76
76535,76440,Roncherolles-en-Bray,76
76536,76160,Roncherolles-sur-le-Vivier,76
76537,76390,Ronchois,76
76540,76000,Rouen,76
76541,76480,Roumare,76
76542,76560,Routes,76
76544,76440,Rouvray-Catillon,76
76545,76370,Rouxmesnil-Bouteilles,76
76546,76730,Royville,76
76548,76116,Ry,76
76549,76730,Saâne-Saint-Just,76
76550,76113,Sahurs,76
76551,76430,Sainneville,76
76552,76310,Sainte-Adresse,76
76553,76660,Sainte-Agathe-d'Aliermont,76
76554,76116,Saint-Aignan-sur-Ry,76
76555,76690,Saint-André-sur-Cailly,76
76556,76170,Saint-Antoine-la-Forêt,76
76558,76520,Saint-Aubin-Celloville,76
76559,76190,Saint-Aubin-de-Crétot,76
76560,76160,Saint-Aubin-Épinay,76
76561,76410,Saint-Aubin-lès-Elbeuf,76
76562,76510,Saint-Aubin-le-Cauf,76
76563,76430,Saint-Aubin-Routot,76
76565,76550,Saint-Aubin-sur-Scie,76
76567,76270,Sainte-Beuve-en-Rivière,76
76568,76190,Saint-Clair-sur-les-Monts,76
76570,76590,Saint-Crespin,76
76571,76750,Sainte-Croix-sur-Buchy,76
76572,76860,Saint-Denis-d'Aclon,76
76573,76116,Saint-Denis-le-Thiboult,76
76574,76890,Saint-Denis-sur-Scie,76
76575,76800,Saint-Étienne-du-Rouvray,76
76576,76210,Saint-Eustache-la-Forêt,76
76580,76690,Saint-Georges-sur-Fontaine,76
76581,76750,Saint-Germain-des-Essourts,76
76582,76590,Saint-Germain-d'Étables,76
76583,76690,Saint-Germain-sous-Cailly,76
76584,76270,Saint-Germain-sur-Eaulne,76
76585,76490,Saint-Gilles-de-Crétot,76
76586,76430,Saint-Gilles-de-la-Neuville,76
76587,76400,Sainte-Hélène-Bondeville,76
76588,76680,Saint-Hellier,76
76590,76510,Saint-Jacques-d'Aliermont,76
76591,76160,Saint-Jacques-sur-Darnétal,76
76592,76170,Saint-Jean-de-Folleville,76
76593,76210,Saint-Jean-de-la-Neuville,76
76594,76150,Saint-Jean-du-Cardonnay,76
76595,76280,Saint-Jouin-Bruneval,76
76596,76700,Saint-Laurent-de-Brèvedent,76
76597,76560,Saint-Laurent-en-Caux,76
76599,76160,Saint-Léger-du-Bourg-Denis,76
76602,76890,Saint-Maclou-de-Folleville,76
76603,76110,Saint-Maclou-la-Brière,76
76604,76730,Saint-Mards,76
76605,76119,Sainte-Marguerite-sur-Mer,76
76606,76390,Morienne,76
76607,76640,Sainte-Marguerite-sur-Fauville,76
76608,76480,Sainte-Marguerite-sur-Duclair,76
76609,76280,Sainte-Marie-au-Bosc,76
76610,76190,Sainte-Marie-des-Champs,76
76611,76760,Saint-Martin-aux-Arbres,76
76612,76340,Saint-Martin-au-Bosc,76
76613,76450,Saint-Martin-aux-Buneaux,76
76614,76840,Saint-Martin-de-Boscherville,76
76615,76133,Saint-Martin-du-Bec,76
76616,76290,Saint-Martin-du-Manoir,76
76617,76160,Saint-Martin-du-Vivier,76
76618,76370,Petit-Caux,76
76619,76260,Saint-Martin-le-Gaillard,76
76620,76270,Saint-Martin-l'Hortier,76
76621,76680,Saint-Martin-Osmonville,76
76622,76330,Saint-Maurice-d'Ételan,76
76623,76440,Saint-Michel-d'Halescourt,76
76624,76510,Saint-Nicolas-d'Aliermont,76
76626,76490,Saint-Nicolas-de-la-Haie,76
76627,76170,Saint-Nicolas-de-la-Taille,76
76628,76890,Saint-Ouen-du-Breuil,76
76629,76730,Saint-Ouen-le-Mauger,76
76630,76630,Saint-Ouen-sous-Bailly,76
76631,76480,Saint-Paër,76
76632,76890,Saint-Pierre-Bénouville,76
76634,76113,Saint-Pierre-de-Manneville,76
76635,76660,Saint-Pierre-des-Jonquières,76
76636,76480,Saint-Pierre-de-Varengeville,76
76637,76540,Saint-Pierre-en-Port,76
76638,76260,Saint-Pierre-en-Val,76
76639,76640,Saint-Pierre-Lavis,76
76640,76320,Saint-Pierre-lès-Elbeuf,76
76642,76740,Saint-Pierre-le-Viger,76
76644,76260,Saint-Rémy-Boscrocourt,76
76645,76340,Saint-Riquier-en-Rivière,76
76646,76460,Saint-Riquier-ès-Plains,76
76647,76430,Saint-Romain-de-Colbosc,76
76648,76680,Saint-Saëns,76
76649,76270,Saint-Saire,76
76650,76110,Saint-Sauveur-d'Émalleville,76
76652,76510,Saint-Vaast-d'Équiqueville,76
76653,76450,Saint-Vaast-Dieppedalle,76
76654,76890,Saint-Vaast-du-Val,76
76655,76460,Saint-Valery-en-Caux,76
76656,76890,Saint-Victor-l'Abbaye,76
76657,76430,Saint-Vigor-d'Ymonville,76
76658,76430,Saint-Vincent-Cramesnil,76
76660,76430,Sandouville,76
76662,76730,Sassetot-le-Malgardé,76
76663,76540,Sassetot-le-Mauconduit,76
76664,76450,Sasseville,76
76665,76630,Sauchay,76
76666,76440,Saumont-la-Poterie,76
76667,76550,Sauqueville,76
76669,76110,Sausseuzemare-en-Caux,76
76670,76400,Senneville-sur-Fécamp,76
76671,76260,Sept-Meules,76
76673,76116,Servaville-Salmonville,76
76674,76850,Sévis,76
76675,76690,Sierville,76
76676,76780,Sigy-en-Bray,76
76677,76660,Smermesnil,76
76678,76440,Sommery,76
76679,76560,Sommesnil,76
76680,76540,Sorquainville,76
76681,76300,Sotteville-lès-Rouen,76
76682,76410,Sotteville-sous-le-Val,76
76683,76740,Sotteville-sur-Mer,76
76684,76430,Tancarville,76
76685,76540,Thérouldeville,76
76686,76540,Theuville-aux-Maillots,76
76688,76540,Thiergeville,76
76689,76540,Thiétreville,76
76690,76730,Thil-Manneville,76
76691,76440,Le Thil-Riberpré,76
76692,76450,Thiouville,76
76693,76790,Le Tilleul,76
76694,76730,Tocqueville-en-Caux,76
76695,76110,Tocqueville-les-Murs,76
76699,76560,Le Torp-Mesnil,76
76702,76190,Touffreville-la-Corbeline,76
76703,76910,Touffreville-sur-Eu,76
76705,76410,Tourville-la-Rivière,76
76706,76400,Tourville-les-Ifs,76
76707,76550,Tourville-sur-Arques,76
76708,76400,Toussaint,76
76709,76580,Le Trait,76
76710,76640,Trémauville,76
76711,76470,Le Tréport,76
76712,76170,La Trinité-du-Mont,76
76714,76430,Les Trois-Pierres,76
76715,76210,Trouville,76
76716,76280,Turretot,76
76717,76380,Val-de-la-Haye,76
76718,76190,Valliquerville,76
76720,76119,Varengeville-sur-Mer,76
76721,76890,Varneville-Bretteville,76
76723,76890,Vassonville,76
76724,76270,Vatierville,76
76725,76110,Vattetot-sous-Beaumont,76
76726,76111,Vattetot-sur-Mer,76
76727,76940,Vatteville-la-Rue,76
76728,76150,La Vaupalière,76
76729,76190,Veauville-lès-Baons,76
76730,76560,Veauville-lès-Quelles,76
76731,76730,Vénestanville,76
76732,76450,Butot-Vénesville,76
76733,76680,Ventes-Saint-Rémy,76
76734,76280,Vergetot,76
76735,76980,Veules-les-Roses,76
76736,76450,Veulettes-sur-Mer,76
76737,76760,Vibeuf,76
76738,76750,Vieux-Manoir,76
76739,76390,Vieux-Rouen-sur-Bresle,76
76740,76160,La Vieux-Rue,76
76741,76280,Villainville,76
76743,76360,Villers-Écalles,76
76744,76340,Villers-sous-Foucarmont,76
76745,76260,Villy-sur-Yères,76
76746,76540,Vinnemerville,76
76747,76110,Virville,76
76748,76450,Vittefleur,76
76749,76660,Wanchy-Capval,76
76750,76480,Yainville,76
76751,76640,Yébleron,76
76752,76760,Yerville,76
76753,76520,Ymare,76
76754,76111,Yport,76
76755,76540,Ypreville-Biville,76
76756,76690,Yquebeuf,76
76757,76560,Yvecrique,76
76758,76190,Yvetot,76
76759,76530,Yville-sur-Seine,76
77001,77760,Achères-la-Forêt,77
77002,77120,Amillis,77
77003,77760,Amponville,77
77004,77390,Andrezel,77
77005,77410,Annet-sur-Marne,77
77006,77630,Arbonne-la-Forêt,77
77007,77390,Argentières,77
77008,77440,Armentières-en-Brie,77
77010,77720,Aubepierre-Ozouer-le-Repos,77
77011,77570,Aufferville,77
77012,77560,Augers-en-Brie,77
77013,77120,Aulnoy,77
77014,77210,Avon,77
77015,77480,Baby,77
77016,77167,Bagneaux-sur-Loing,77
77018,77700,Bailly-Romainvilliers,77
77019,77118,Balloy,77
77020,77970,Bannost-Villegagnon,77
77021,77130,Barbey,77
77022,77630,Barbizon,77
77023,77910,Barcy,77
77024,77750,Bassevelle,77
77025,77118,Bazoches-lès-Bray,77
77026,77560,Beauchery-Saint-Martin,77
77027,77890,Beaumont-du-Gâtinais,77
77028,77120,Beautheil,77
77030,77510,Bellot,77
77031,77540,Bernay-Vilbert,77
77032,77320,Beton-Bazoches,77
77033,77970,Bezalles,77
77034,77115,Blandy,77
77035,77940,Blennes,77
77036,77970,Boisdon,77
77038,77350,Boissettes,77
77039,77350,Boissise-la-Bertrand,77
77040,77310,Boissise-le-Roi,77
77041,77760,Boissy-aux-Cailles,77
77042,77169,Boissy-le-Châtel,77
77044,77720,Bombon,77
77045,77570,Bougligny,77
77046,77760,Boulancourt,77
77047,77580,Bouleurs,77
77048,77780,Bourron-Marlotte,77
77049,77470,Boutigny,77
77050,77620,Bransles,77
77051,77480,Bray-sur-Seine,77
77052,77720,Bréau,77
77053,77170,Brie-Comte-Robert,77
77054,77940,La Brosse-Montceaux,77
77055,77177,Brou-sur-Chantereine,77
77056,77760,Burcy,77
77058,77600,Bussy-Saint-Georges,77
77059,77600,Bussy-Saint-Martin,77
77061,77130,Cannes-Écluse,77
77062,77400,Carnetin,77
77063,77515,La Celle-sur-Morin,77
77065,77930,Cély,77
77066,77320,Cerneux,77
77067,77240,Cesson,77
77068,77520,Cessoy-en-Montois,77
77069,77930,Chailly-en-Bière,77
77070,77120,Chailly-en-Brie,77
77071,77460,Chaintreaux,77
77072,77171,Chalautre-la-Grande,77
77073,77160,Chalautre-la-Petite,77
77075,77144,Chalifert,77
77076,77650,Chalmaison,77
77078,77260,Chamigny,77
77079,77430,Champagne-sur-Seine,77
77080,77560,Champcenest,77
77081,77390,Champdeuil,77
77083,77420,Champs-sur-Marne,77
77084,77660,Changis-sur-Marne,77
77085,77600,Chanteloup-en-Brie,77
77087,77540,La Chapelle-Iger,77
77088,77760,La Chapelle-la-Reine,77
77089,77370,La Chapelle-Rablais,77
77090,77160,La Chapelle-Saint-Sulpice,77
77091,77610,Les Chapelles-Bourbon,77
77093,77320,La Chapelle-Moutils,77
77094,77410,Charmentray,77
77096,77590,Chartrettes,77
77097,77320,Chartronges,77
77098,77370,Châteaubleau,77
77099,77570,Château-Landon,77
77100,77820,Le Châtelet-en-Brie,77
77101,77126,Châtenay-sur-Seine,77
77103,77820,Châtillon-la-Borde,77
77106,77169,Chauffry,77
77107,77390,Chaumes-en-Brie,77
77109,77160,Chenoise,77
77110,77570,Chenou,77
77112,77760,Chevrainvilliers,77
77113,77320,Chevru,77
77114,77173,Chevry-Cossigny,77
77115,77710,Chevry-en-Sereine,77
77116,77320,Choisy-en-Brie,77
77117,77730,Citry,77
77118,77410,Claye-Souilly,77
77119,77370,Clos-Fontaine,77
77120,77440,Cocherel,77
77121,77090,Collégien,77
77122,77380,Combs-la-Ville,77
77123,77290,Compans,77
77124,77600,Conches-sur-Gondoire,77
77125,77450,Condé-Sainte-Libiaire,77
77126,77440,Congis-sur-Thérouanne,77
77127,77170,Coubert,77
77128,77860,Couilly-Pont-aux-Dames,77
77129,77840,Coulombs-en-Valois,77
77130,77580,Coulommes,77
77131,77120,Coulommiers,77
77132,77700,Coupvray,77
77133,77126,Courcelles-en-Bassée,77
77134,77560,Courchamp,77
77135,77540,Courpalay,77
77136,77390,Courquetaine,77
77137,77560,Courtacon,77
77139,77181,Courtry,77
77140,77154,Coutençon,77
77141,77580,Coutevroult,77
77142,77580,Crécy-la-Chapelle,77
77143,77124,Crégy-lès-Meaux,77
77144,77610,Crèvecœur-en-Brie,77
77145,77390,Crisenoy,77
77146,77183,Croissy-Beaubourg,77
77147,77370,La Croix-en-Brie,77
77148,77840,Crouy-sur-Ourcq,77
77149,77160,Cucharmoy,77
77151,77320,Dagny,77
77152,77190,Dammarie-les-Lys,77
77153,77230,Dammartin-en-Goële,77
77154,77163,Dammartin-sur-Tigeaux,77
77155,77400,Dampmart,77
77156,77140,Darvault,77
77157,77440,Dhuisy,77
77158,77940,Diant,77
77159,77520,Donnemarie-Dontilly,77
77161,77130,Dormelles,77
77162,77510,Doue,77
77163,77139,Douy-la-Ramée,77
77164,77830,Échouboulains,77
77165,77820,Les Écrennes,77
77167,77126,Égligny,77
77168,77620,Égreville,77
77169,77184,Émerainville,77
77171,77450,Esbly,77
77172,77940,Esmans,77
77174,77157,Everly,77
77175,77166,Évry-Grégy-sur-Yerre,77
77176,77515,Faremoutiers,77
77178,77167,Faÿ-lès-Nemours,77
77179,77133,Féricy,77
77180,77150,Férolles-Attilly,77
77181,77164,Ferrières-en-Brie,77
77182,77320,La Ferté-Gaucher,77
77183,77260,La Ferté-sous-Jouarre,77
77185,77930,Fleury-en-Bière,77
77186,77300,Fontainebleau,77
77187,77480,Fontaine-Fourches,77
77188,77590,Fontaine-le-Port,77
77190,77370,Fontains,77
77191,77370,Fontenailles,77
77192,77610,Fontenay-Trésigny,77
77193,77165,Forfry,77
77195,77390,Fouju,77
77196,77410,Fresnes-sur-Marne,77
77197,77320,Frétoy,77
77198,77760,Fromont,77
77199,77470,Fublaines,77
77200,77890,Garentreville,77
77201,77370,Gastins,77
77202,77690,La Genevraye,77
77203,77910,Germigny-l'Évêque,77
77204,77840,Germigny-sous-Coulombs,77
77205,77165,Gesvres-le-Chapitre,77
77206,77120,Giremoutiers,77
77207,77890,Gironville,77
77208,77114,Gouaix,77
77209,77400,Gouvernes,77
77210,77130,La Grande-Paroisse,77
77211,77720,Grandpuits-Bailly-Carrois,77
77212,77118,Gravon,77
77214,77410,Gressy,77
77215,77220,Gretz-Armainvilliers,77
77216,77880,Grez-sur-Loing,77
77217,77166,Grisy-Suisnes,77
77218,77480,Grisy-sur-Seine,77
77219,77580,Guérard,77
77220,77760,Guercheville,77
77221,77600,Guermantes,77
77222,77390,Guignes,77
77223,77520,Gurcy-le-Châtel,77
77224,77515,Hautefeuille,77
77225,77580,La Haute-Maison,77
77226,77850,Héricy,77
77227,77114,Hermé,77
77228,77510,Hondevilliers,77
77229,77610,La Houssaye-en-Brie,77
77230,77890,Ichy,77
77231,77440,Isles-les-Meldeuses,77
77232,77450,Isles-lès-Villenoy,77
77233,77165,Iverny,77
77234,77450,Jablines,77
77235,77440,Jaignes,77
77236,77480,Jaulnes,77
77237,77600,Jossigny,77
77238,77640,Jouarre,77
77239,77970,Jouy-le-Châtel,77
77240,77320,Jouy-sur-Morin,77
77242,77650,Jutigny,77
77243,77400,Lagny-sur-Marne,77
77244,77760,Larchant,77
77245,77148,Laval-en-Brie,77
77247,77320,Lescherolles,77
77248,77450,Lesches,77
77249,77150,Lésigny,77
77250,77320,Leudon-en-Brie,77
77252,77550,Limoges-Fourches,77
77253,77550,Lissy,77
77254,77220,Liverdy-en-Brie,77
77255,77000,Livry-sur-Seine,77
77256,77650,Lizines,77
77257,77440,Lizy-sur-Ourcq,77
77258,77185,Lognes,77
77259,77230,Longperrier,77
77261,77710,Lorrez-le-Bocage-Préaux,77
77262,77560,Louan-Villegruis-Fontaine,77
77263,77520,Luisetaines,77
77264,77540,Lumigny-Nesles-Ormeaux,77
77265,77138,Luzancy,77
77267,77570,La Madeleine-sur-Loing,77
77268,77700,Magny-le-Hongre,77
77269,77950,Maincy,77
77270,77580,Maisoncelles-en-Brie,77
77271,77570,Maisoncelles-en-Gâtinais,77
77272,77370,Maison-Rouge,77
77273,77230,Marchémoret,77
77275,77560,Les Marêts,77
77276,77100,Mareuil-lès-Meaux,77
77277,77610,Marles-en-Brie,77
77278,77120,Marolles-en-Brie,77
77279,77130,Marolles-sur-Seine,77
77280,77440,Mary-sur-Marne,77
77281,77120,Mauperthuis,77
77282,77990,Mauregard,77
77283,77145,May-en-Multien,77
77284,77100,Meaux,77
77285,77350,Le Mée-sur-Seine,77
77286,77520,Meigneux,77
77287,77320,Meilleray,77
77288,77000,Melun,77
77289,77171,Melz-sur-Seine,77
77290,77730,Méry-sur-Marne,77
77291,77990,Le Mesnil-Amelot,77
77292,77410,Messy,77
77293,77130,Misy-sur-Yonne,77
77294,77290,Mitry-Mory,77
77295,77950,Moisenay,77
77296,77550,Moissy-Cramayel,77
77297,77570,Mondreville,77
77298,77520,Mons-en-Montois,77
77300,77470,Montceaux-lès-Meaux,77
77301,77151,Montceaux-lès-Provins,77
77302,77140,Montcourt-Fromonville,77
77303,77320,Montdauphin,77
77304,77320,Montenils,77
77305,77130,Montereau-Fault-Yonne,77
77306,77950,Montereau-sur-le-Jard,77
77307,77144,Montévrain,77
77308,77230,Montgé-en-Goële,77
77309,77122,Monthyon,77
77310,77480,Montigny-le-Guesdier,77
77311,77520,Montigny-Lencoup,77
77312,77690,Montigny-sur-Loing,77
77313,77940,Montmachoux,77
77314,77320,Montolivet,77
77315,77450,Montry,77
77316,77250,Moret-Loing-et-Orvanne,77
77317,77720,Mormant,77
77318,77163,Mortcerf,77
77319,77160,Mortery,77
77320,77120,Mouroux,77
77321,77480,Mousseaux-lès-Bray,77
77322,77230,Moussy-le-Neuf,77
77323,77230,Moussy-le-Vieux,77
77325,77480,Mouy-sur-Seine,77
77326,77176,Nandy,77
77327,77370,Nangis,77
77328,77760,Nanteau-sur-Essonne,77
77329,77710,Nanteau-sur-Lunain,77
77330,77100,Nanteuil-lès-Meaux,77
77331,77730,Nanteuil-sur-Marne,77
77332,77230,Nantouillet,77
77333,77140,Nemours,77
77335,77124,Chauconin-Neufmontiers,77
77336,77610,Neufmoutiers-en-Brie,77
77337,77186,Noisiel,77
77338,77940,Noisy-Rudignon,77
77339,77123,Noisy-sur-École,77
77340,77140,Nonville,77
77341,77114,Noyen-sur-Seine,77
77342,77890,Obsonville,77
77343,77440,Ocquerre,77
77344,77178,Oissery,77
77345,77750,Orly-sur-Morin,77
77347,77134,Les Ormes-sur-Voulzie,77
77348,77167,Ormesson,77
77349,77280,Othis,77
77350,77330,Ozoir-la-Ferrière,77
77352,77390,Ozouer-le-Voulgis,77
77353,77710,Paley,77
77354,77830,Pamfou,77
77356,77480,Passy-sur-Seine,77
77357,77970,Pécy,77
77358,77124,Penchard,77
77360,77131,Pézarches,77
77361,77580,Pierre-Levée,77
77364,77165,Le Plessis-aux-Bois,77
77365,77540,Le Plessis-Feu-Aussoux,77
77366,77165,Le Plessis-l'Évêque,77
77367,77440,Le Plessis-Placy,77
77368,77160,Poigny,77
77369,77470,Poincy,77
77371,77515,Pommeuse,77
77372,77400,Pomponne,77
77373,77340,Pontault-Combault,77
77374,77135,Pontcarré,77
77376,77410,Précy-sur-Marne,77
77377,77220,Presles-en-Brie,77
77379,77160,Provins,77
77381,77720,Quiers,77
77382,77860,Quincy-Voisins,77
77383,77370,Rampillon,77
77384,77550,Réau,77
77385,77510,Rebais,77
77386,77760,Recloses,77
77387,77710,Remauville,77
77388,77260,Reuil-en-Brie,77
77390,77680,Roissy-en-Brie,77
77391,77160,Rouilly,77
77393,77540,Rozay-en-Brie,77
77394,77950,Rubelles,77
77396,77560,Rupéreux,77
77397,77730,Saâcy-sur-Marne,77
77398,77510,Sablonnières,77
77399,77710,Saint-Ange-le-Viel,77
77401,77260,Sainte-Aulde,77
77405,77750,Saint-Cyr-sur-Morin,77
77406,77510,Saint-Denis-lès-Rebais,77
77407,77310,Saint-Fargeau-Ponthierry,77
77410,77950,Saint-Germain-Laxis,77
77411,77169,Saint-Germain-sous-Doue,77
77412,77930,Saint-Germain-sur-École,77
77413,77860,Saint-Germain-sur-Morin,77
77414,77160,Saint-Hilliers,77
77415,77660,Saint-Jean-les-Deux-Jumeaux,77
77416,77370,Saint-Just-en-Brie,77
77418,77650,Saint-Loup-de-Naud,77
77419,77670,Saint-Mammès,77
77421,77320,Saint-Mars-Vieux-Maisons,77
77424,77320,Saint-Martin-du-Boschet,77
77425,77630,Saint-Martin-en-Bière,77
77426,77720,Saint-Méry,77
77427,77410,Saint-Mesmes,77
77428,77720,Saint-Ouen-en-Brie,77
77429,77750,Saint-Ouen-sur-Morin,77
77430,77178,Saint-Pathus,77
77431,77140,Saint-Pierre-lès-Nemours,77
77432,77320,Saint-Rémy-la-Vanne,77
77433,77120,Saints,77
77434,77480,Saint-Sauveur-lès-Bray,77
77435,77930,Saint-Sauveur-sur-École,77
77437,77165,Saint-Soupplets,77
77438,77400,Saint-Thibault-des-Vignes,77
77440,77260,Sammeron,77
77441,77920,Samois-sur-Seine,77
77442,77210,Samoreau,77
77444,77320,Sancy-lès-Provins,77
77445,77176,Savigny-le-Temple,77
77446,77650,Savins,77
77447,77240,Seine-Port,77
77448,77260,Sept-Sorts,77
77449,77700,Serris,77
77451,77640,Signy-Signets,77
77452,77520,Sigy,77
77453,77115,Sivry-Courtry,77
77454,77520,Sognolles-en-Montois,77
77455,77111,Soignolles-en-Brie,77
77456,77650,Soisy-Bouy,77
77457,77111,Solers,77
77458,77460,Souppes-sur-Loing,77
77459,77171,Sourdun,77
77460,77440,Tancrou,77
77461,77520,Thénisy,77
77463,77810,Thomery,77
77464,77400,Thorigny-sur-Marne,77
77465,77940,Thoury-Férottes,77
77466,77163,Tigeaux,77
77467,77130,La Tombe,77
77469,77131,Touquin,77
77470,77220,Tournan-en-Brie,77
77471,77123,Tousson,77
77472,77510,La Trétoire,77
77473,77710,Treuzy-Levelay,77
77474,77450,Trilbardou,77
77475,77470,Trilport,77
77476,77440,Trocy-en-Multien,77
77477,77760,Ury,77
77478,77260,Ussy-sur-Marne,77
77479,77360,Vaires-sur-Marne,77
77480,77830,Valence-en-Brie,77
77481,77370,Vanvillé,77
77482,77130,Varennes-sur-Seine,77
77483,77910,Varreddes,77
77484,77580,Vaucourtois,77
77485,77123,Le Vaudoué,77
77486,77141,Vaudoy-en-Brie,77
77487,77000,Vaux-le-Pénil,77
77489,77710,Vaux-sur-Lunain,77
77490,77440,Vendrest,77
77491,77250,Veneux-les-Sablons,77
77492,77510,Verdelot,77
77493,77390,Verneuil-l'Étang,77
77494,77670,Vernou-la-Celle-sur-Seine,77
77495,77240,Vert-Saint-Denis,77
77496,77370,Vieux-Champagne,77
77498,77450,Vignely,77
77500,77710,Villebéon,77
77501,77250,Villecerf,77
77504,77710,Villemaréchal,77
77505,77470,Villemareuil,77
77506,77250,Villemer,77
77507,77480,Villenauxe-la-Petite,77
77508,77174,Villeneuve-le-Comte,77
77509,77154,Villeneuve-les-Bordes,77
77510,77174,Villeneuve-Saint-Denis,77
77511,77230,Villeneuve-sous-Dammartin,77
77512,77510,Villeneuve-sur-Bellot,77
77513,77124,Villenoy,77
77514,77270,Villeparisis,77
77515,77410,Villeroy,77
77516,77130,Ville-Saint-Jacques,77
77517,77410,Villevaudé,77
77518,77190,Villiers-en-Bière,77
77519,77560,Villiers-Saint-Georges,77
77520,77760,Villiers-sous-Grez,77
77521,77580,Villiers-sur-Morin,77
77522,77114,Villiers-sur-Seine,77
77523,77480,Villuis,77
77524,77520,Vimpelles,77
77525,77230,Vinantes,77
77526,77139,Vincy-Manœuvre,77
77527,77540,Voinsles,77
77528,77950,Voisenon,77
77529,77580,Voulangis,77
77530,77560,Voulton,77
77531,77940,Voulx,77
77532,77160,Vulaines-lès-Provins,77
77533,77870,Vulaines-sur-Seine,77
77534,77390,Yèbles,77
78003,78660,Ablis,78
78006,78113,Adainville,78
78010,78580,Les Alluets-le-Roi,78
78013,78770,Andelu,78
78015,78570,Andrésy,78
78020,78790,Arnouville-lès-Mantes,78
78029,78410,Aubergenville,78
78030,78610,Auffargis,78
78031,78930,Auffreville-Brasseuil,78
78033,78126,Aulnay-sur-Mauldre,78
78036,78770,Autouillet,78
78048,78550,Bazainville,78
78049,78580,Bazemont,78
78050,78490,Bazoches-sur-Guyonne,78
78053,78910,Béhoust,78
78057,78270,Bennecourt,78
78068,78270,Blaru,78
78070,78930,Boinville-en-Mantois,78
78071,78660,Boinville-le-Gaillard,78
78072,78200,Boinvilliers,78
78073,78390,Bois-d'Arcy,78
78076,78910,Boissets,78
78077,78125,La Boissière-École,78
78082,78200,Boissy-Mauvoisin,78
78084,78490,Boissy-sans-Avoir,78
78087,78830,Bonnelles,78
78089,78270,Bonnières-sur-Seine,78
78090,78410,Bouafle,78
78092,78380,Bougival,78
78096,78113,Bourdonné,78
78104,78930,Breuil-Bois-Robert,78
78107,78980,Bréval,78
78108,78610,Les Bréviaires,78
78113,78440,Brueil-en-Vexin,78
78117,78530,Buc,78
78118,78200,Buchelay,78
78120,78830,Bullion,78
78123,78955,Carrières-sous-Poissy,78
78124,78420,Carrières-sur-Seine,78
78125,78720,La Celle-les-Bordes,78
78126,78170,La Celle-Saint-Cloud,78
78128,78720,Cernay-la-Ville,78
78133,78240,Chambourcy,78
78138,78570,Chanteloup-les-Vignes,78
78140,78130,Chapet,78
78146,78400,Chatou,78
78147,78270,Chaufour-lès-Bonnières,78
78152,78450,Chavenay,78
78158,78150,Le Chesnay,78
78160,78460,Chevreuse,78
78162,78460,Choisel,78
78163,78910,Civry-la-Forêt,78
78164,78120,Clairefontaine-en-Yvelines,78
78165,78340,Les Clayes-sous-Bois,78
78168,78310,Coignières,78
78171,78113,Condé-sur-Vesgre,78
78172,78700,Conflans-Sainte-Honorine,78
78185,78790,Courgent,78
78188,78270,Cravent,78
78189,78121,Crespières,78
78190,78290,Croissy-sur-Seine,78
78192,78111,Dammartin-en-Serve,78
78193,78720,Dampierre-en-Yvelines,78
78196,78810,Davron,78
78206,78920,Ecquevilly,78
78208,78990,Élancourt,78
78209,78125,Émancé,78
78217,78680,Épône,78
78220,78690,Les Essarts-le-Roi,78
78224,78620,L'Étang-la-Ville,78
78227,78740,Évecquemont,78
78230,78410,La Falaise,78
78231,78200,Favrieux,78
78233,78810,Feucherolles,78
78234,78200,Flacourt,78
78236,78910,Flexanville,78
78237,78790,Flins-Neuve-Église,78
78238,78410,Flins-sur-Seine,78
78239,78520,Follainville-Dennemont,78
78242,78330,Fontenay-le-Fleury,78
78245,78200,Fontenay-Mauvoisin,78
78246,78440,Fontenay-Saint-Père,78
78251,78112,Fourqueux,78
78261,78250,Gaillon-sur-Montcient,78
78262,78490,Galluis,78
78263,78950,Gambais,78
78264,78490,Gambaiseuil,78
78265,78890,Garancières,78
78267,78440,Gargenville,78
78269,78125,Gazeran,78
78281,78930,Goussonville,78
78285,78550,Gressey,78
78289,78490,Grosrouvre,78
78290,78520,Guernes,78
78296,78440,Guitrancourt,78
78297,78280,Guyancourt,78
78299,78250,Hardricourt,78
78300,78790,Hargeville,78
78302,78113,La Hauteville,78
78305,78580,Herbeville,78
78307,78125,Hermeray,78
78310,78550,Houdan,78
78311,78800,Houilles,78
78314,78440,Issou,78
78317,78440,Jambville,78
78320,78270,Jeufosse,78
78321,78760,Jouars-Pontchartrain,78
78322,78350,Jouy-en-Josas,78
78324,78200,Jouy-Mauvoisin,78
78325,78580,Jumeauville,78
78327,78820,Juziers,78
78329,78440,Lainville-en-Vexin,78
78334,78320,Lévis-Saint-Nom,78
78335,78520,Limay,78
78337,78270,Limetz-Villez,78
78343,78350,Les Loges-en-Josas,78
78344,78270,Lommoye,78
78350,78430,Louveciennes,78
78354,78200,Magnanville,78
78356,78114,Magny-les-Hameaux,78
78358,78600,Maisons-Laffitte,78
78361,78200,Mantes-la-Jolie,78
78362,78711,Mantes-la-Ville,78
78366,78490,Mareil-le-Guyon,78
78367,78750,Mareil-Marly,78
78368,78124,Mareil-sur-Mauldre,78
78372,78160,Marly-le-Roi,78
78380,78580,Maule,78
78381,78550,Maulette,78
78382,78780,Maurecourt,78
78383,78310,Maurepas,78
78384,78670,Médan,78
78385,78200,Ménerville,78
78389,78490,Méré,78
78396,78600,Le Mesnil-le-Roi,78
78397,78320,Le Mesnil-Saint-Denis,78
78398,78490,Les Mesnuls,78
78401,78250,Meulan-en-Yvelines,78
78402,78970,Mézières-sur-Seine,78
78403,78250,Mézy-sur-Seine,78
78404,78940,Millemont,78
78406,78470,Milon-la-Chapelle,78
78407,78125,Mittainville,78
78410,78840,Moisson,78
78415,78124,Montainville,78
78416,78440,Montalet-le-Bois,78
78417,78790,Montchauvet,78
78418,78360,Montesson,78
78420,78490,Montfort-l'Amaury,78
78423,78180,Montigny-le-Bretonneux,78
78431,78630,Morainvilliers,78
78437,78270,Mousseaux-sur-Seine,78
78439,78790,Mulcent,78
78440,78130,Les Mureaux,78
78442,78640,Neauphle-le-Château,78
78443,78640,Neauphle-le-Vieux,78
78444,78980,Neauphlette,78
78451,78410,Nézel,78
78455,78590,Noisy-le-Roi,78
78460,78250,Oinville-sur-Montcient,78
78464,78125,Orcemont,78
78465,78910,Orgerus,78
78470,78125,Orphin,78
78472,78660,Orsonville,78
78474,78910,Orvilliers,78
78478,78660,Paray-Douaville,78
78481,78230,Le Pecq,78
78484,78200,Perdreauville,78
78486,78610,Le Perray-en-Yvelines,78
78490,78370,Plaisir,78
78497,78125,Poigny-la-Forêt,78
78498,78300,Poissy,78
78499,78730,Ponthévrard,78
78501,78440,Porcheville,78
78502,78560,Le Port-Marly,78
78503,78270,Port-Villez,78
78505,78910,Prunay-le-Temple,78
78506,78660,Prunay-en-Yvelines,78
78513,78940,La Queue-les-Yvelines,78
78516,78125,Raizeux,78
78517,78120,Rambouillet,78
78518,78590,Rennemoulin,78
78522,78730,Rochefort-en-Yvelines,78
78528,78270,Rolleboise,78
78531,78710,Rosny-sur-Seine,78
78537,78730,Saint-Arnoult-en-Yvelines,78
78545,78210,Saint-Cyr-l'École,78
78548,78720,Saint-Forget,78
78550,78640,Saint-Germain-de-la-Grange,78
78551,78100,Saint-Germain-en-Laye,78
78557,78125,Saint-Hilarion,78
78558,78980,Saint-Illiers-la-Ville,78
78559,78980,Saint-Illiers-le-Bois,78
78562,78610,Saint-Léger-en-Yvelines,78
78564,78660,Saint-Martin-de-Bréthencourt,78
78567,78520,Saint-Martin-la-Garenne,78
78569,78730,Sainte-Mesme,78
78571,78860,Saint-Nom-la-Bretèche,78
78575,78470,Saint-Rémy-lès-Chevreuse,78
78576,78690,Saint-Rémy-l'Honoré,78
78586,78500,Sartrouville,78
78588,78650,Saulx-Marchais,78
78590,78720,Senlisse,78
78591,78790,Septeuil,78
78597,78200,Soindres,78
78601,78120,Sonchamp,78
78605,78910,Tacoignières,78
78606,78113,Le Tartre-Gaudran,78
78608,78980,Le Tertre-Saint-Denis,78
78609,78250,Tessancourt-sur-Aubette,78
78615,78850,Thiverval-Grignon,78
78620,78117,Toussus-le-Noble,78
78621,78190,Trappes,78
78623,78490,Le Tremblay-sur-Mauldre,78
78624,78510,Triel-sur-Seine,78
78638,78740,Vaux-sur-Seine,78
78640,78140,Vélizy-Villacoublay,78
78642,78480,Verneuil-sur-Seine,78
78644,78320,La Verrière,78
78646,78000,Versailles,78
78650,78110,Le Vésinet,78
78655,78125,Vieille-Église-en-Yvelines,78
78668,78270,La Villeneuve-en-Chevrie,78
78672,78670,Villennes-sur-Seine,78
78674,78450,Villepreux,78
78681,78770,Villiers-le-Mahieu,78
78683,78640,Villiers-Saint-Frédéric,78
78686,78220,Viroflay,78
78688,78960,Voisins-le-Bretonneux,78
79001,79240,L'Absie,79
79002,79200,Adilly,79
79003,79230,Aiffres,79
79004,79370,Aigonnay,79
79005,79600,Airvault,79
79008,79350,Amailloux,79
79009,79210,Amuré,79
79010,79210,Arçais,79
79011,79110,Ardilleux,79
79012,79160,Ardin,79
79013,79150,Argentonnay,79
79014,79290,Argenton-l'Église,79
79015,79170,Asnières-en-Poitou,79
79016,79600,Assais-les-Jumeaux,79
79020,79400,Augé,79
79022,79600,Availles-Thouarsais,79
79024,79400,Azay-le-Brûlé,79
79025,79130,Azay-sur-Thouet,79
79027,79110,La Bataille,79
79029,79420,Beaulieu-sous-Parthenay,79
79030,79370,Beaussais-Vitré,79
79031,79360,Beauvoir-sur-Niort,79
79032,79160,Béceleuf,79
79034,79000,Bessines,79
79035,79130,Le Beugnon,79
79038,79300,Boismé,79
79039,79360,Boisserolles,79
79040,79310,La Boissière-en-Gâtine,79
79042,79800,Bougon,79
79043,79290,Bouillé-Loretz,79
79044,79290,Bouillé-Saint-Paul,79
79045,79110,Bouin,79
79046,79210,Le Bourdet,79
79047,79600,Boussais,79
79048,79260,La Crèche,79
79049,79300,Bressuire,79
79050,79140,Bretignolles,79
79051,79320,Le Breuil-Bernard,79
79055,79170,Brieuil-sur-Chizé,79
79056,79290,Brion-près-Thouet,79
79057,79170,Brioux-sur-Boutonne,79
79058,79230,Brûlain,79
79059,79240,Le Busseau,79
79060,79190,Caunay,79
79061,79370,Celles-sur-Belle,79
79062,79140,Cerizay,79
79063,79290,Val en Vignes,79
79064,79500,Chail,79
79066,79220,Champdeniers-Saint-Denis,79
79068,79340,Chantecorps,79
79070,79220,La Chapelle-Bâton,79
79071,79200,La Chapelle-Bertrand,79
79074,79190,La Chapelle-Pouilloux,79
79075,79240,La Chapelle-Saint-Étienne,79
79076,79430,La Chapelle-Saint-Laurent,79
79077,79160,La Chapelle-Thireuil,79
79078,79360,Plaine-d'Argenson,79
79079,79700,Mauléon,79
79080,79200,Châtillon-sur-Thouet,79
79081,79180,Chauray,79
79083,79110,Chef-Boutonne,79
79085,79170,Chérigné,79
79086,79410,Cherveux,79
79087,79120,Chey,79
79088,79350,Chiché,79
79089,79600,Le Chillou,79
79090,79170,Chizé,79
79091,79140,Cirières,79
79092,79420,Clavé,79
79095,79190,Clussais-la-Pommeraie,79
79096,79140,Combrand,79
79098,79800,La Couarde,79
79100,79510,Coulon,79
79101,79160,Coulonges-sur-l'Autize,79
79102,79330,Coulonges-Thouarsais,79
79103,79440,Courlay,79
79105,79340,Coutières,79
79106,79110,Couture-d'Argenson,79
79107,79110,Crézières,79
79109,79410,Échiré,79
79111,79170,Ensigné,79
79112,79270,Épannes,79
79114,79400,Exireuil,79
79115,79800,Exoudun,79
79116,79350,Faye-l'Abbesse,79
79117,79160,Faye-sur-Ardin,79
79118,79450,Fénery,79
79120,79390,La Ferrière-en-Parthenay,79
79121,79340,Fomperron,79
79122,79110,Fontenille-Saint-Martin-d'Entraigues,79
79123,79380,La Forêt-sur-Sèvre,79
79125,79230,Fors,79
79126,79360,Les Fosses,79
79127,79360,La Foye-Monjault,79
79128,79260,François,79
79129,79370,Fressines,79
79130,79270,Frontenay-Rohan-Rohan,79
79132,79150,Genneton,79
79133,79220,Germond-Rouvre,79
79134,79330,Glénay,79
79135,79200,Gourgé,79
79136,79110,Alloinay,79
79137,79360,Granzay-Gript,79
79139,79220,Les Groseillers,79
79140,79110,Hanc,79
79141,79600,Irais,79
79144,79230,Juscorps,79
79145,79200,Lageon,79
79147,79240,Largeasse,79
79148,79120,Lezay,79
79149,79390,Lhoumois,79
79150,79190,Limalonges,79
79152,79190,Lorigné,79
79153,79110,Loubigné,79
79154,79110,Loubillé,79
79156,79600,Louin,79
79157,79100,Louzy,79
79158,79170,Luché-sur-Brioux,79
79159,79330,Luché-Thouarsais,79
79160,79170,Lusseray,79
79161,79100,Luzay,79
79162,79460,Magné,79
79163,79190,Mairé-Levescault,79
79164,79500,Maisonnay,79
79165,79600,Maisontiers,79
79167,79600,Marnes,79
79168,79150,Massais,79
79170,79210,Mauzé-sur-le-Mignon,79
79171,79100,Mauzé-Thouarsais,79
79172,79310,Mazières-en-Gâtine,79
79173,79500,Mazières-sur-Béronne,79
79174,79500,Melle,79
79175,79190,Melleran,79
79176,79340,Ménigoute,79
79177,79120,Messé,79
79178,79100,Missé,79
79179,79320,Moncoutant,79
79180,79190,Montalembert,79
79183,79140,Montravers,79
79184,79800,La Mothe-Saint-Héray,79
79185,79370,Mougon-Thorigné,79
79188,79320,Moutiers-sous-Chantemerle,79
79189,79400,Nanteuil,79
79190,79130,Neuvy-Bouin,79
79191,79000,Niort,79
79195,79250,Nueil-les-Aubiers,79
79196,79100,Oiron,79
79197,79390,Oroux,79
79198,79170,Paizay-le-Chapt,79
79199,79500,Paizay-le-Tort,79
79200,79220,Pamplie,79
79201,79800,Pamproux,79
79202,79200,Parthenay,79
79203,79100,Pas-de-Jeu,79
79204,79170,Périgné,79
79205,79190,Pers,79
79207,79700,La Petite-Boissière,79
79208,79200,La Peyratte,79
79211,79110,Pioussay,79
79212,79190,Pliboux,79
79213,79200,Pompaire,79
79214,79500,Pouffonds,79
79215,79130,Pougne-Hérisson,79
79216,79230,Prahecq,79
79217,79370,Prailles,79
79219,79210,Priaires,79
79220,79210,Prin-Deyrançon,79
79222,79320,Pugny,79
79223,79160,Puihardy,79
79225,79420,Reffannes,79
79226,79130,Le Retail,79
79229,79270,La Rochénard,79
79230,79120,Rom,79
79235,79700,Saint-Amand-sur-Sèvre,79
79236,79380,Saint-André-sur-Sèvre,79
79238,79300,Saint-Aubin-du-Plain,79
79239,79450,Saint-Aubin-le-Cloud,79
79241,79220,Saint-Christophe-sur-Roc,79
79242,79150,Voulmentin,79
79244,79100,Saint-Cyr-la-Lande,79
79246,79800,Sainte-Eanne,79
79247,79360,Saint-Étienne-la-Cigogne,79
79249,79410,Saint-Gelais,79
79251,79500,Saint-Génard,79
79252,79600,Saint-Généroux,79
79253,79400,Saint-Georges-de-Noisné,79
79254,79210,Saint-Georges-de-Rex,79
79255,79200,Saint-Germain-de-Longue-Chaume,79
79257,79210,Saint-Hilaire-la-Palud,79
79258,79100,Saint-Jacques-de-Thouars,79
79259,79100,Saint-Jean-de-Thouars,79
79260,79600,Saint-Jouin-de-Marnes,79
79261,79380,Saint-Jouin-de-Milly,79
79263,79160,Saint-Laurs,79
79264,79500,Saint-Léger-de-la-Martinière,79
79265,79100,Saint-Léger-de-Montbrun,79
79267,79420,Saint-Lin,79
79268,79600,Saint-Loup-Lamairé,79
79269,79160,Saint-Maixent-de-Beugné,79
79270,79400,Saint-Maixent-l'École,79
79271,79310,Saint-Marc-la-Lande,79
79273,79230,Saint-Martin-de-Bernegoue,79
79274,79100,Saint-Martin-de-Mâcon,79
79276,79400,Saint-Martin-de-Saint-Maixent,79
79277,79290,Saint-Martin-de-Sanzay,79
79279,79500,Saint-Martin-lès-Melle,79
79280,79150,Saint Maurice Étusson,79
79281,79410,Saint-Maxire,79
79283,79260,Sainte-Néomaye,79
79284,79220,Sainte-Ouenne,79
79286,79240,Saint-Paul-en-Gâtine,79
79289,79700,Saint-Pierre-des-Échaubrognes,79
79290,79160,Saint-Pompain,79
79294,79230,Saint-Romans-des-Champs,79
79295,79500,Saint-Romans-lès-Melle,79
79297,79120,Sainte-Soline,79
79299,79330,Saint-Varent,79
79300,79100,Sainte-Verge,79
79301,79500,Saint-Vincent-la-Châtre,79
79302,79400,Saivres,79
79304,79270,Sansais,79
79306,79200,Saurais,79
79307,79190,Sauzé-Vaussais,79
79308,79000,Sciecq,79
79309,79240,Scillé,79
79310,79170,Secondigné-sur-Belle,79
79311,79130,Secondigny,79
79312,79170,Séligné,79
79313,79120,Sepvret,79
79314,79110,Sompt,79
79318,79310,Soutiers,79
79320,79220,Surin,79
79321,79100,Taizé-Maulais,79
79322,79200,Le Tallud,79
79325,79600,Tessonnière,79
79326,79390,Thénezay,79
79327,79370,Thorigné,79
79328,79360,Thorigny-sur-le-Mignon,79
79329,79100,Thouars,79
79330,79110,Tillou,79
79331,79100,Tourtenay,79
79332,79240,Trayes,79
79334,79210,Usseau,79
79335,79270,Vallans,79
79336,79120,Vançais,79
79337,79270,Le Vanneau-Irleau,79
79338,79120,Vanzay,79
79339,79340,Vasles,79
79340,79420,Vausseroux,79
79341,79420,Vautebis,79
79342,79240,Vernoux-en-Gâtine,79
79343,79170,Vernoux-sur-Boutonne,79
79345,79310,Verruyes,79
79346,79170,Le Vert,79
79347,79200,Viennay,79
79348,79170,Villefollet,79
79349,79110,Villemain,79
79350,79360,Villiers-en-Bois,79
79351,79160,Villiers-en-Plaine,79
79352,79170,Villiers-sur-Chizé,79
79355,79230,Vouillé,79
79357,79220,Xaintray,79
80001,80100,Abbeville,80
80002,80320,Ablaincourt-Pressoir,80
80003,80560,Acheux-en-Amiénois,80
80004,80210,Acheux-en-Vimeu,80
80005,80370,Agenville,80
80006,80150,Agenvillers,80
80008,80210,Aigneville,80
80009,80690,Ailly-le-Haut-Clocher,80
80010,80250,Ailly-sur-Noye,80
80011,80470,Ailly-sur-Somme,80
80013,80270,Airaines,80
80014,80240,Aizecourt-le-Bas,80
80015,80200,Aizecourt-le-Haut,80
80016,80300,Albert,80
80017,80200,Allaines,80
80018,80130,Allenay,80
80019,80270,Allery,80
80020,80260,Allonville,80
80021,80000,Amiens,80
80022,80140,Andainville,80
80023,80700,Andechy,80
80024,80470,Argœuves,80
80025,80120,Argoules,80
80028,80560,Arquèves,80
80029,80820,Arrest,80
80031,80910,Arvillers,80
80032,80500,Assainvillers,80
80033,80200,Assevillers,80
80035,80110,Aubercourt,80
80037,80110,Aubvillers,80
80038,80560,Auchonvillers,80
80039,80460,Ault,80
80040,80140,Aumâtre,80
80042,80600,Autheux,80
80044,80600,Authieule,80
80045,80300,Authuille,80
80046,80270,Avelesges,80
80047,80300,Aveluy,80
80048,80140,Avesnes-Chaussoy,80
80049,80500,Ayencourt,80
80050,80480,Bacouel-sur-Selle,80
80052,80300,Baizieux,80
80053,80700,Balâtre,80
80054,80200,Barleux,80
80056,80260,Bavelincourt,80
80057,80560,Bayencourt,80
80058,80170,Bayonvillers,80
80059,80300,Bazentin,80
80060,80370,Béalcourt,80
80061,80430,Beaucamps-le-Jeune,80
80062,80430,Beaucamps-le-Vieux,80
80064,80110,Beaucourt-en-Santerre,80
80065,80300,Beaucourt-sur-l'Ancre,80
80066,80260,Beaucourt-sur-l'Hallue,80
80067,80170,Beaufort-en-Santerre,80
80068,80370,Beaumetz,80
80069,80300,Beaumont-Hamel,80
80070,80600,Beauquesne,80
80071,80630,Beauval,80
80073,80300,Bécordel-Bécourt,80
80076,80870,Béhen,80
80077,80260,Béhencourt,80
80078,80132,Bellancourt,80
80079,80160,Belleuse,80
80080,80200,Belloy-en-Santerre,80
80081,80270,Belloy-Saint-Léonard,80
80082,80310,Belloy-sur-Somme,80
80083,80290,Bergicourt,80
80084,80140,Bermesnil,80
80085,80370,Bernâtre,80
80086,80370,Bernaville,80
80087,80120,Bernay-en-Ponthieu,80
80088,80240,Bernes,80
80090,80200,Berny-en-Santerre,80
80092,80260,Bertangles,80
80093,80850,Berteaucourt-les-Dames,80
80094,80110,Berteaucourt-lès-Thennes,80
80095,80560,Bertrancourt,80
80096,80130,Béthencourt-sur-Mer,80
80097,80190,Béthencourt-sur-Somme,80
80098,80290,Bettembos,80
80099,80270,Bettencourt-Rivière,80
80100,80610,Bettencourt-Saint-Ouen,80
80101,80700,Beuvraignes,80
80102,80200,Biaches,80
80103,80190,Biarre,80
80104,80140,Biencourt,80
80105,80190,Billancourt,80
80106,80290,Blangy-sous-Poix,80
80107,80440,Blangy-Tronville,80
80108,80600,Boisbergues,80
80109,80150,Le Boisle,80
80114,80160,Bosquel,80
80115,80200,Bouchavesnes-Bergen,80
80116,80910,Bouchoir,80
80117,80830,Bouchon,80
80118,80150,Boufflers,80
80119,80540,Bougainville,80
80120,80220,Bouillancourt-en-Séry,80
80121,80500,Bouillancourt-la-Bataille,80
80122,80600,Bouquemaison,80
80123,80310,Bourdon,80
80124,80130,Bourseville,80
80125,80500,Boussicourt,80
80126,80220,Bouttencourt,80
80127,80220,Bouvaincourt-sur-Bresle,80
80128,80200,Bouvincourt-en-Vermandois,80
80129,80300,Bouzincourt,80
80130,80540,Bovelles,80
80131,80440,Boves,80
80132,80110,Braches,80
80133,80150,Brailly-Cornehotte,80
80135,80580,Bray-lès-Mareuil,80
80136,80340,Bray-sur-Somme,80
80137,80470,Breilly,80
80138,80300,Bresle,80
80142,80540,Briquemesnil-Floxicourt,80
80143,80430,Brocourt,80
80144,80400,Brouchy,80
80145,80690,Brucamps,80
80146,80230,Brutelles,80
80147,80132,Buigny-l'Abbé,80
80148,80220,Buigny-lès-Gamaches,80
80149,80132,Buigny-Saint-Maclou,80
80150,80200,Buire-Courcelles,80
80151,80300,Buire-sur-l'Ancre,80
80152,80700,Bus-la-Mésière,80
80153,80560,Bus-lès-Artois,80
80154,80200,Bussu,80
80155,80135,Bussus-Bussuel,80
80156,80800,Bussy-lès-Daours,80
80157,80290,Bussy-lès-Poix,80
80158,80400,Buverchy,80
80159,80800,Cachy,80
80161,80132,Cahon,80
80162,80170,Caix,80
80163,80132,Cambron,80
80165,80540,Camps-en-Amiénois,80
80166,80670,Canaples,80
80168,80750,Candas,80
80169,80140,Cannessières,80
80170,80500,Cantigny,80
80171,80132,Caours,80
80172,80340,Cappy,80
80173,80260,Cardonnette,80
80174,80500,Le Cardonnois,80
80175,80300,Carnoy,80
80176,80700,Carrépuis,80
80177,80200,Cartigny,80
80179,80290,Caulières,80
80180,80310,Cavillon,80
80181,80800,Cayeux-en-Santerre,80
80182,80410,Cayeux-sur-Mer,80
80183,80140,Cerisy-Buleux,80
80184,80800,Cerisy,80
80185,80700,Champien,80
80186,80320,Chaulnes,80
80187,80310,La Chaussée-Tirancourt,80
80188,80250,Chaussoy-Epagny,80
80189,80700,La Chavatte,80
80190,80210,Chépy,80
80192,80800,Chipilly,80
80193,80250,Chirmont,80
80194,80340,Chuignes,80
80195,80340,Chuignolles,80
80196,80490,Citerne,80
80197,80200,Cizancourt,80
80198,80540,Clairy-Saulchoix,80
80199,80200,Cléry-sur-Somme,80
80200,80510,Cocquerel,80
80201,80560,Coigneux,80
80202,80260,Coisy,80
80203,80560,Colincamps,80
80204,80360,Combles,80
80205,80890,Condé-Folie,80
80206,80300,Contalmaison,80
80207,80560,Contay,80
80209,80500,Contoire,80
80210,80160,Contre,80
80211,80160,Conty,80
80212,80800,Corbie,80
80213,80440,Cottenchy,80
80214,80250,Coullemelle,80
80215,80135,Coulonvillers,80
80216,80300,Courcelette,80
80217,80560,Courcelles-au-Bois,80
80218,80290,Courcelles-sous-Moyencourt,80
80219,80160,Courcelles-sous-Thoix,80
80220,80500,Courtemanche,80
80221,80370,Cramont,80
80222,80150,Crécy-en-Ponthieu,80
80223,80700,Crémery,80
80224,80190,Cressy-Omencourt,80
80225,80480,Creuse,80
80226,80400,Croix-Moligneaux,80
80227,80290,Croixrault,80
80228,80550,Le Crotoy,80
80229,80310,Crouy-Saint-Pierre,80
80230,80190,Curchy,80
80231,80360,Curlu,80
80233,80700,Dancourt-Popincourt,80
80234,80800,Daours,80
80235,80570,Dargnies,80
80236,80500,Davenescourt,80
80237,80110,Démuin,80
80238,80300,Dernancourt,80
80239,80200,Devise,80
80240,80200,Doingt,80
80241,80620,Domart-en-Ponthieu,80
80242,80110,Domart-sur-la-Luce,80
80243,80370,Domesmont,80
80244,80120,Dominois,80
80245,80370,Domléger-Longvillers,80
80247,80980,Dompierre-Becquincourt,80
80248,80150,Dompierre-sur-Authie,80
80249,80620,Domqueur,80
80250,80150,Domvast,80
80251,80140,Doudelainville,80
80252,80400,Douilly,80
80253,80600,Doullens,80
80256,80470,Dreuil-lès-Amiens,80
80258,80240,Driencourt,80
80259,80640,Dromesnil,80
80260,80132,Drucat,80
80262,80580,Eaucourt-sur-Somme,80
80263,80700,L'Échelle-Saint-Aurin,80
80264,80340,Éclusier-Vaux,80
80265,80570,Embreville,80
80266,80300,Englebelmer,80
80267,80200,Ennemain,80
80268,80580,Épagne-Épagnette,80
80269,80140,Épaumesnil,80
80270,80370,Épécamps,80
80271,80740,Épehy,80
80272,80190,Épénancourt,80
80273,80290,Éplessier,80
80274,80400,Eppeville,80
80275,80360,Équancourt,80
80276,80290,Équennes-Éramecourt,80
80278,80500,Erches,80
80279,80400,Ercheu,80
80280,80210,Ercourt,80
80281,80690,Ergnies,80
80282,80580,Érondelle,80
80283,80250,Esclainvillers,80
80284,80400,Esmery-Hallon,80
80285,80160,Essertaux,80
80287,80230,Estrébœuf,80
80288,80200,Estrées-Deniécourt,80
80290,80150,Estrées-lès-Crécy,80
80291,80250,Estrées-sur-Noye,80
80292,80190,Étalon,80
80293,80500,Ételfay,80
80295,80340,Étinehem-Méricourt,80
80297,80140,Étréjust,80
80298,80360,Étricourt-Manancourt,80
80299,80250,La Faloise,80
80300,80190,Falvy,80
80306,80500,Fescamps,80
80307,80200,Feuillères,80
80308,80210,Feuquières-en-Vimeu,80
80310,80750,Fienvillers,80
80311,80500,Fignières,80
80312,80360,Fins,80
80313,80200,Flaucourt,80
80315,80160,Flers-sur-Noye,80
80316,80260,Flesselles,80
80318,80420,Flixecourt,80
80319,80540,Fluy,80
80320,80170,Folies,80
80322,80700,Fonches-Fonchette,80
80324,80140,Fontaine-le-Sec,80
80325,80340,Fontaine-lès-Cappy,80
80326,80500,Fontaine-sous-Montdidier,80
80327,80150,Fontaine-sur-Maye,80
80328,80510,Fontaine-sur-Somme,80
80329,80560,Forceville,80
80330,80140,Forceville-en-Vimeu,80
80331,80150,Forest-l'Abbaye,80
80332,80120,Forest-Montiers,80
80333,80120,Fort-Mahon-Plage,80
80334,80160,Fossemanant,80
80335,80340,Foucaucourt-en-Santerre,80
80336,80140,Foucaucourt-Hors-Nesle,80
80337,80440,Fouencamps,80
80339,80170,Fouquescourt,80
80340,80290,Fourcigny,80
80341,80310,Fourdrinoy,80
80342,80131,Framerville-Rainecourt,80
80343,80140,Framicourt,80
80345,80210,Franleu,80
80347,80700,Fransart,80
80348,80620,Fransu,80
80349,80160,Fransures,80
80350,80800,Franvillers,80
80351,80260,Fréchencourt,80
80352,80160,Frémontiers,80
80353,80320,Fresnes-Mazancourt,80
80354,80140,Fresnes-Tilloloy,80
80355,80140,Fresneville,80
80356,80140,Fresnoy-Andainville,80
80357,80290,Fresnoy-au-Val,80
80358,80110,Fresnoy-en-Chaussée,80
80359,80700,Fresnoy-lès-Roye,80
80360,80390,Fressenneville,80
80361,80140,Frettecuisse,80
80362,80220,Frettemeule,80
80364,80460,Friaucourt,80
80365,80290,Fricamps,80
80366,80300,Fricourt,80
80367,80340,Frise,80
80368,80130,Friville-Escarbotin,80
80369,80370,Frohen-sur-Authie,80
80371,80150,Froyelles,80
80372,80490,Frucourt,80
80373,80220,Gamaches,80
80374,80150,Gapennes,80
80375,80290,Gauville,80
80376,80800,Gentelles,80
80377,80600,Gézaincourt,80
80378,80360,Ginchy,80
80379,80440,Glisy,80
80380,80690,Gorenflos,80
80383,80700,Goyencourt,80
80385,80132,Grand-Laviers,80
80386,80500,Gratibus,80
80387,80680,Grattepanche,80
80388,80140,Grébault-Mesnil,80
80389,80400,Grécourt,80
80390,80250,Grivesnes,80
80391,80700,Grivillers,80
80392,80600,Grouches-Luchuel,80
80393,80700,Gruny,80
80395,80500,Guerbigny,80
80396,80150,Gueschart,80
80397,80360,Gueudecourt,80
80399,80540,Guignemicourt,80
80400,80170,Guillaucourt,80
80401,80360,Guillemont,80
80402,80290,Guizancourt,80
80403,80250,Guyencourt-sur-Noye,80
80404,80240,Guyencourt-Saulcourt,80
80405,80440,Hailles,80
80406,80490,Hallencourt,80
80407,80250,Hallivillers,80
80408,80670,Halloy-lès-Pernois,80
80409,80320,Hallu,80
80410,80400,Ham,80
80412,80800,Hamelet,80
80413,80240,Hancourt,80
80414,80110,Hangard,80
80415,80134,Hangest-en-Santerre,80
80416,80310,Hangest-sur-Somme,80
80417,80131,Harbonnières,80
80418,80360,Hardecourt-aux-Bois,80
80420,80560,Harponville,80
80421,80700,Hattencourt,80
80422,80132,Hautvillers-Ouville,80
80423,80670,Havernas,80
80425,80560,Hédauville,80
80426,80800,Heilly,80
80427,80600,Hem-Hardinval,80
80428,80360,Hem-Monacu,80
80429,80300,Hénencourt,80
80430,80200,Herbécourt,80
80431,80260,Hérissart,80
80432,80340,Herleville,80
80434,80240,Hervilly,80
80435,80240,Hesbécourt,80
80436,80290,Hescamps,80
80437,80270,Heucourt-Croquoison,80
80439,80370,Heuzecourt,80
80440,80370,Hiermont,80
80442,80400,Hombleux,80
80443,80640,Hornoy-le-Bourg,80
80444,80132,Huchenneville,80
80445,80600,Humbercourt,80
80446,80140,Huppy,80
80447,80320,Hyencourt-le-Grand,80
80449,80800,Ignaucourt,80
80450,80430,Inval-Boiron,80
80451,80300,Irles,80
80452,80250,Jumel,80
80453,80500,Laboissière-en-Santerre,80
80456,80430,Lafresguimont-Saint-Martin,80
80458,80800,Lahoussoye,80
80460,80290,Lamaronde,80
80461,80450,Lamotte-Brebière,80
80462,80150,Lamotte-Buleux,80
80463,80800,Lamotte-Warfusée,80
80464,80230,Lanchères,80
80465,80190,Languevoisin-Quiquery,80
80466,80620,Lanches-Saint-Hilaire,80
80467,80700,Laucourt,80
80468,80300,Laviéville,80
80469,80250,Lawarde-Mauger-l'Hortoy,80
80470,80560,Léalvillers,80
80472,80360,Lesbœufs,80
80473,80700,Liancourt-Fosse,80
80474,80320,Licourt,80
80475,80240,Liéramont,80
80476,80580,Liercourt,80
80477,80150,Ligescourt,80
80479,80290,Lignières-Châtelain,80
80480,80140,Lignières-en-Vimeu,80
80481,80320,Lihons,80
80484,80430,Liomer,80
80485,80160,Lœuilly,80
80486,80510,Long,80
80487,80240,Longavesnes,80
80488,80510,Longpré-les-Corps-Saints,80
80489,80330,Longueau,80
80490,80360,Longueval,80
80491,80600,Longuevillette,80
80493,80560,Louvencourt,80
80494,80250,Louvrechy,80
80495,80600,Lucheux,80
80496,80150,Machiel,80
80498,80560,Mailly-Maillet,80
80499,80110,Mailly-Raineval,80
80500,80220,Maisnières,80
80501,80150,Maison-Ponthieu,80
80502,80135,Maison-Roland,80
80503,80370,Maizicourt,80
80504,80250,Malpart,80
80507,80800,Marcelcave,80
80508,80700,Marché-Allouarde,80
80509,80200,Marchélepot,80
80511,80500,Marestmontiers,80
80512,80132,Mareuil-Caubert,80
80513,80360,Maricourt,80
80514,80560,Marieux,80
80515,80290,Marlers,80
80516,80240,Marquaix,80
80517,80700,Marquivillers,80
80518,80140,Martainneville,80
80519,80400,Matigny,80
80522,80430,Le Mazis,80
80523,80300,Méaulte,80
80524,80170,Méharicourt,80
80526,80370,Le Meillard,80
80527,80520,Méneslies,80
80528,80290,Méréaucourt,80
80529,80490,Mérélessart,80
80530,80800,Méricourt-l'Abbé,80
80531,80640,Méricourt-en-Vimeu,80
80532,80340,Méricourt-sur-Somme,80
80533,80350,Mers-les-Bains,80
80535,80310,Le Mesge,80
80536,80200,Mesnil-Bruntel,80
80537,80620,Mesnil-Domqueur,80
80538,80360,Mesnil-en-Arrouaise,80
80540,80300,Mesnil-Martinsart,80
80541,80500,Mesnil-Saint-Georges,80
80542,80190,Mesnil-Saint-Nicaise,80
80543,80270,Métigny,80
80544,80600,Mézerolles,80
80545,80110,Mézières-en-Santerre,80
80546,80132,Miannay,80
80547,80300,Millencourt,80
80548,80135,Millencourt-en-Ponthieu,80
80549,80300,Miraumont,80
80550,80260,Mirvaux,80
80551,80320,Misery,80
80552,80200,Moislains,80
80553,80260,Molliens-au-Bois,80
80554,80540,Molliens-Dreuil,80
80555,80200,Monchy-Lagache,80
80556,80210,Mons-Boubert,80
80557,80200,Estrées-Mons,80
80558,80160,Monsures,80
80559,80540,Montagne-Fayel,80
80560,80300,Montauban-de-Picardie,80
80562,80260,Montigny-sur-l'Hallue,80
80563,80370,Montigny-les-Jongleurs,80
80565,80260,Montonvillers,80
80566,80670,Fieffes-Montrelet,80
80568,80190,Morchain,80
80570,80110,Moreuil,80
80571,80110,Morisel,80
80572,80300,Morlancourt,80
80573,80290,Morvillers-Saint-Saturnin,80
80574,80690,Mouflers,80
80575,80140,Mouflières,80
80576,80400,Moyencourt,80
80577,80290,Moyencourt-lès-Poix,80
80579,80400,Muille-Villette,80
80580,80120,Nampont,80
80582,80290,Namps-Maisnil,80
80583,80160,Nampty,80
80584,80260,Naours,80
80585,80190,Nesle,80
80586,80140,Nesle-l'Hôpital,80
80587,80140,Neslette,80
80588,80132,Neufmoulin,80
80589,80150,Neuilly-le-Dien,80
80590,80132,Neuilly-l'Hôpital,80
80591,80140,Neuville-au-Bois,80
80592,80430,Neuville-Coppegueule,80
80593,80340,La Neuville-lès-Bray,80
80594,80160,Neuville-lès-Lœuilly,80
80595,80110,La Neuville-Sire-Bernard,80
80597,80390,Nibas,80
80598,80860,Nouvion,80
80599,80150,Noyelles-en-Chaussée,80
80600,80860,Noyelles-sur-Mer,80
80601,80240,Nurlu,80
80602,80600,Occoches,80
80603,80210,Ochancourt,80
80604,80290,Offignies,80
80606,80140,Oisemont,80
80607,80540,Oissy,80
80608,80320,Omiécourt,80
80609,80135,Oneux,80
80611,80160,Oresmaux,80
80613,80460,Oust-Marest,80
80614,80600,Outrebois,80
80615,80300,Ovillers-la-Boisselle,80
80616,80190,Pargny,80
80617,80700,Parvillers-le-Quesnoy,80
80618,80230,Pendé,80
80619,80670,Pernois,80
80621,80320,Hypercourt,80
80622,80310,Picquigny,80
80623,80500,Piennes-Onvillers,80
80624,80260,Pierregot,80
80625,80500,Pierrepont-sur-Avre,80
80626,80540,Pissy,80
80627,80160,Plachy-Buyon,80
80628,80110,Le Plessier-Rozainvillers,80
80629,80240,Pœuilly,80
80630,80290,Poix-de-Picardie,80
80631,80150,Ponches-Estruval,80
80632,80480,Pont-de-Metz,80
80633,80860,Ponthoile,80
80634,80115,Pont-Noyelles,80
80635,80580,Pont-Remy,80
80637,80132,Port-le-Grand,80
80638,80190,Potte,80
80639,80260,Poulainville,80
80640,80300,Pozières,80
80642,80370,Prouville,80
80643,80160,Prouzel,80
80644,80340,Proyart,80
80645,80560,Puchevillers,80
80646,80320,Punchy,80
80647,80320,Puzeaux,80
80648,80300,Pys,80
80649,80120,Quend,80
80650,80115,Querrieu,80
80651,80430,Le Quesne,80
80652,80118,Le Quesnel,80
80654,80132,Quesnoy-le-Montant,80
80655,80270,Quesnoy-sur-Airaines,80
80656,80710,Quevauvillers,80
80657,80250,Quiry-le-Sec,80
80658,80400,Quivières,80
80659,80600,Raincheval,80
80661,80260,Rainneville,80
80662,80140,Ramburelles,80
80663,80140,Rambures,80
80664,80360,Rancourt,80
80665,80120,Regnière-Écluse,80
80666,80600,Remaisnil,80
80667,80500,Remaugies,80
80668,80250,Remiencourt,80
80669,80700,Rethonvillers,80
80670,80540,Revelles,80
80672,80800,Ribemont-sur-Ancre,80
80673,80310,Riencourt,80
80674,80136,Rivery,80
80675,80160,Rogy,80
80676,80700,Roiglise,80
80677,80240,Roisel,80
80678,80500,Rollot,80
80679,80740,Ronssoy,80
80680,80170,Rosières-en-Santerre,80
80681,80250,Rouvrel,80
80682,80170,Rouvroy-en-Santerre,80
80683,80190,Rouy-le-Grand,80
80684,80190,Rouy-le-Petit,80
80686,80260,Rubempré,80
80687,80500,Rubescourt,80
80688,80120,Rue,80
80691,80230,Saigneville,80
80692,80970,Sailly-Flibeaucourt,80
80693,80800,Sailly-Laurette,80
80694,80800,Sailly-le-Sec,80
80695,80360,Sailly-Saillisel,80
80696,80680,Sains-en-Amiénois,80
80697,80370,Saint-Acheul,80
80698,80540,Saint-Aubin-Montenoy,80
80699,80430,Saint-Aubin-Rivière,80
80700,80960,Saint-Blimont,80
80701,80200,Saint-Christ-Briost,80
80702,80680,Saint-Fuscien,80
80703,80430,Saint-Germain-sur-Bresle,80
80704,80260,Saint-Gratien,80
80705,80560,Saint-Léger-lès-Authie,80
80706,80780,Saint-Léger-lès-Domart,80
80707,80140,Saint-Léger-sur-Bresle,80
80709,80140,Saint-Maulvis,80
80710,80140,Saint-Maxent,80
80713,80120,Saint-Quentin-en-Tourmont,80
80714,80880,Saint-Quentin-la-Motte-Croix-au-Bailly,80
80716,80135,Saint-Riquier,80
80717,80160,Saint-Sauflieu,80
80719,80290,Sainte-Segrée,80
80721,80230,Saint-Valery-sur-Somme,80
80722,80310,Saint-Vaast-en-Chaussée,80
80723,80540,Saisseval,80
80724,80480,Saleux,80
80725,80480,Salouël,80
80728,80290,Saulchoy-sous-Poix,80
80729,80110,Sauvillers-Mongival,80
80730,80470,Saveuse,80
80732,80140,Senarpont,80
80733,80300,Senlis-le-Sec,80
80734,80160,Sentelie,80
80735,80540,Seux,80
80736,80490,Sorel-en-Vimeu,80
80737,80240,Sorel,80
80740,80250,Sourdon,80
80741,80200,Soyécourt,80
80742,80620,Surcamps,80
80746,80260,Talmas,80
80747,80240,Templeux-la-Fosse,80
80748,80240,Templeux-le-Guérard,80
80749,80600,Terramesnil,80
80750,80200,Tertry,80
80751,80110,Thennes,80
80752,80440,Thézy-Glimont,80
80753,80300,Thiepval,80
80754,80640,Thieulloy-l'Abbaye,80
80755,80290,Thieulloy-la-Ville,80
80757,80160,Thoix,80
80758,80250,Thory,80
80759,80700,Tilloloy,80
80760,80220,Tilloy-Floriville,80
80761,80160,Tilloy-lès-Conty,80
80762,80240,Tincourt-Boucly,80
80763,80132,Le Titre,80
80764,80870,Tœufles,80
80765,80210,Tours-en-Vimeu,80
80766,80560,Toutencourt,80
80767,80140,Le Translay,80
80769,80300,Treux,80
80770,80130,Tully,80
80771,80400,Ugny-l'Équipée,80
80774,80800,Vaire-sous-Corbie,80
80775,80210,Valines,80
80777,80560,Vauchelles-lès-Authie,80
80778,80620,Vauchelles-lès-Domart,80
80779,80132,Vauchelles-les-Quesnoy,80
80782,80260,Vaux-en-Amiénois,80
80783,80140,Vaux-Marquenneville,80
80784,80800,Vaux-sur-Somme,80
80785,80800,Vecquemont,80
80787,80120,Vercourt,80
80788,80270,Vergies,80
80789,80320,Vermandovillers,80
80790,80700,Verpillières,80
80791,80480,Vers-sur-Selle,80
80792,80260,La Vicogne,80
80793,80650,Vignacourt,80
80794,80190,Villecourt,80
80795,80420,Ville-le-Marclet,80
80797,80110,Villers-aux-Érables,80
80799,80800,Villers-Bretonneux,80
80800,80140,Villers-Campsart,80
80801,80200,Villers-Carbonnel,80
80802,80240,Villers-Faucon,80
80803,80700,Villers-lès-Roye,80
80804,80690,Villers-sous-Ailly,80
80805,80500,Villers-Tournelle,80
80806,80120,Villers-sur-Authie,80
80807,80300,Ville-sur-Ancre,80
80808,80150,Vironchaux,80
80809,80140,Vismes,80
80810,80150,Vitz-sur-Authie,80
80811,80400,Voyennes,80
80812,80240,Vraignes-en-Vermandois,80
80813,80640,Vraignes-lès-Hornoy,80
80814,80170,Vrély,80
80815,80120,Vron,80
80819,80670,Wargnies,80
80820,80300,Warloy-Baillon,80
80822,80500,Warsy,80
80823,80170,Warvillers,80
80824,80170,Wiencourt-l'Équipée,80
80825,80270,Wiry-au-Mont,80
80826,80460,Woignarue,80
80827,80520,Woincourt,80
80828,80140,Woirel,80
80829,80190,Y,80
80830,80135,Yaucourt-Bussus,80
80832,80150,Yvrench,80
80833,80150,Yvrencheux,80
80834,80520,Yzengremer,80
80835,80310,Yzeux,80
80836,80132,Yonval,80
81001,81470,Aguts,81
81002,81200,Aiguefonde,81
81003,81250,Alban,81
81004,81000,Albi,81
81005,81240,Albine,81
81006,81470,Algans,81
81008,81190,Almayrac,81
81009,81170,Amarens,81
81010,81430,Ambialet,81
81011,81500,Ambres,81
81012,81140,Andillac,81
81013,81350,Andouque,81
81014,81260,Anglès,81
81015,81700,Appelle,81
81016,81110,Arfons,81
81017,81360,Arifat,81
81018,81160,Arthès,81
81019,81340,Assac,81
81020,81600,Aussac,81
81021,81200,Aussillon,81
81022,81500,Bannières,81
81023,81320,Barre,81
81024,81630,Beauvais-sur-Tescou,81
81026,81430,Bellegarde-Marsal,81
81027,81540,Belleserre,81
81028,81260,Berlats,81
81030,81700,Bertre,81
81031,81260,Le Bez,81
81032,81700,Blan,81
81033,81400,Blaye-les-Mines,81
81034,81490,Boissezon,81
81036,81660,Bout-du-Pont-de-Larn,81
81039,81390,Briatexte,81
81041,81600,Broze,81
81042,81100,Burlats,81
81043,81300,Busque,81
81046,81600,Cadalen,81
81047,81340,Cadix,81
81048,81130,Cagnac-les-Mines,81
81050,81470,Cambon-lès-Lavaur,81
81051,81140,Cahuzac-sur-Vère,81
81052,81990,Cambon,81
81053,81260,Cambounès,81
81054,81580,Cambounet-sur-le-Sor,81
81055,81540,Les Cammazes,81
81058,81570,Carbes,81
81059,81990,Carlus,81
81060,81400,Carmaux,81
81062,81260,Fontrieu,81
81063,81150,Castelnau-de-Lévis,81
81064,81140,Castelnau-de-Montmiral,81
81066,81200,Caucalières,81
81067,81150,Cestayrols,81
81068,81640,Combefa,81
81069,81170,Cordes-sur-Ciel,81
81070,81800,Coufouleux,81
81071,81340,Courris,81
81073,81350,Crespinet,81
81074,81990,Cunac,81
81076,81470,Cuq-Toulza,81
81077,81250,Curvalle,81
81078,81220,Damiatte,81
81079,81120,Dénat,81
81080,81170,Donnazac,81
81081,81110,Dourgne,81
81082,81340,Le Dourn,81
81084,81290,Escoussens,81
81085,81530,Escroux,81
81086,81260,Espérausses,81
81087,81150,Fayssac,81
81088,81120,Fauch,81
81089,81340,Faussergues,81
81090,81600,Fénols,81
81092,81500,Fiac,81
81093,81150,Florentin,81
81094,81340,Fraissines,81
81095,81170,Frausseilles,81
81096,81430,Le Fraysse,81
81097,81990,Fréjairolles,81
81098,81570,Fréjeville,81
81099,81600,Gaillac,81
81100,81700,Garrevaques,81
81101,81450,Le Garric,81
81103,81530,Gijounet,81
81104,81500,Giroussens,81
81105,81300,Graulhet,81
81108,81170,Itzac,81
81110,81190,Jouqueviel,81
81111,81170,Labarthe-Bleys,81
81112,81150,Labastide-de-Lévis,81
81113,81120,Labastide-Dénat,81
81114,81400,Labastide-Gabausse,81
81115,81270,Labastide-Rouairoux,81
81116,81500,Labastide-Saint-Georges,81
81117,81300,Labessière-Candeil,81
81118,81100,Laboulbène,81
81119,81120,Laboutarie,81
81120,81290,Labruguière,81
81121,81240,Lacabarède,81
81122,81340,Lacapelle-Pinet,81
81123,81170,Lacapelle-Ségalar,81
81124,81230,Lacaune,81
81125,81330,Lacaze,81
81126,81500,Lacougotte-Cadoul,81
81127,81470,Lacroisille,81
81128,81210,Lacrouzette,81
81129,81110,Lagardiolle,81
81131,81150,Lagrave,81
81132,81220,Guitalens-L'Albarède,81
81133,81120,Lamillarié,81
81134,81260,Lamontélarié,81
81135,81640,Laparrouquial,81
81137,81260,Lasfaillades,81
81138,81300,Lasgraisses,81
81139,81440,Lautrec,81
81141,81340,Lédas-et-Penthiès,81
81142,81700,Lempaut,81
81143,81110,Lescout,81
81144,81380,Lescure-d'Albigeois,81
81145,81310,Lisle-sur-Tarn,81
81146,81170,Livers-Cazelles,81
81147,81120,Lombers,81
81148,81170,Loubers,81
81151,81220,Magrin,81
81152,81130,Mailhoc,81
81154,81170,Marnaves,81
81156,81150,Marssac-sur-Tarn,81
81157,81500,Marzens,81
81158,81530,Le Masnau-Massuguiès,81
81159,81500,Massac-Séran,81
81160,81110,Massaguel,81
81161,81250,Massals,81
81162,81470,Maurens-Scopont,81
81163,81200,Mazamet,81
81164,81800,Mézens,81
81165,81170,Milhars,81
81166,81130,Milhavet,81
81167,81250,Miolles,81
81168,81190,Mirandol-Bourgnounac,81
81169,81300,Missècle,81
81170,81640,Monestiés,81
81171,81600,Montans,81
81174,81440,Montdragon,81
81175,81630,Montdurausse,81
81179,81470,Montgey,81
81181,81440,Montpinier,81
81182,81360,Montredon-Labessonnié,81
81183,81120,Mont-Roc,81
81184,81170,Montrosier,81
81185,81630,Montvalen,81
81186,81190,Moularès,81
81187,81300,Moulayrès,81
81188,81320,Moulin-Mage,81
81189,81470,Mouzens,81
81190,81430,Mouzieys-Teulet,81
81191,81170,Mouzieys-Panens,81
81192,81320,Murat-sur-Vèbre,81
81193,81320,Nages,81
81195,81710,Navès,81
81198,81120,Orban,81
81199,81340,Padiès,81
81200,81700,Palleville,81
81201,81190,Pampelonne,81
81202,81310,Parisot,81
81203,81250,Paulinet,81
81204,81660,Payrin-Augmontel,81
81205,81470,Péchaudier,81
81206,81140,Penne,81
81207,81440,Peyregoux,81
81208,81310,Peyrole,81
81209,81660,Pont-de-Larn,81
81210,81700,Poudis,81
81211,81120,Poulan-Pouzols,81
81213,81500,Pratviel,81
81214,81470,Puéchoursi,81
81215,81390,Puybegon,81
81216,81440,Puycalvel,81
81217,81140,Puycelsi,81
81218,81990,Puygouzon,81
81219,81700,Puylaurens,81
81220,81800,Rabastens,81
81221,81330,Rayssac,81
81222,81120,Réalmont,81
81223,81240,Le Rialet,81
81224,81170,Le Riols,81
81226,81120,Ronel,81
81227,81210,Roquecourbe,81
81229,81470,Roquevidal,81
81231,81240,Rouairoux,81
81234,81140,Roussayrolles,81
81235,81290,Saint-Affrique-les-Montagnes,81
81237,81110,Saint-Amancet,81
81238,81240,Saint-Amans-Soult,81
81239,81240,Saint-Amans-Valtoret,81
81241,81120,Saint-Antonin-de-Lacalm,81
81243,81140,Saint-Beauzile,81
81244,81400,Saint-Benoît-de-Carmaux,81
81246,81140,Sainte-Cécile-du-Cayrou,81
81247,81340,Saint-Cirgue,81
81248,81390,Saint-Gauzens,81
81250,81440,Saint-Genest-de-Contest,81
81254,81350,Saint-Jean-de-Marcel,81
81255,81500,Saint-Jean-de-Rives,81
81256,81210,Saint-Jean-de-Vals,81
81258,81440,Saint-Julien-du-Puy,81
81259,81340,Saint-Julien-Gaulène,81
81260,81120,Saint-Lieux-Lafenasse,81
81261,81500,Saint-Lieux-lès-Lavaur,81
81262,81170,Saint-Marcel-Campes,81
81263,81170,Saint-Martin-Laguépie,81
81264,81340,Saint-Michel-Labadié,81
81265,81140,Saint-Michel-de-Vax,81
81266,81220,Saint-Paul-Cap-de-Joux,81
81267,81330,Saint-Pierre-de-Trivisy,81
81268,81530,Saint-Salvi-de-Carcavès,81
81269,81490,Saint-Salvy-de-la-Balme,81
81270,81700,Saint-Sernin-lès-Lavaur,81
81271,81370,Saint-Sulpice-la-Pointe,81
81273,81710,Saïx,81
81274,81990,Saliès,81
81276,81630,Salvagnac,81
81277,81350,Saussenac,81
81279,81630,La Sauzière-Saint-Jean,81
81280,81640,Le Ségur,81
81281,81570,Sémalens,81
81282,81530,Senaux,81
81283,81600,Senouillac,81
81284,81990,Le Sequestre,81
81285,81350,Sérénac,81
81286,81220,Serviès,81
81287,81120,Sieurac,81
81288,81540,Sorèze,81
81289,81580,Soual,81
81290,81170,Souel,81
81291,81130,Taïx,81
81292,81190,Tanus,81
81294,81600,Técou,81
81295,81120,Teillet,81
81296,81120,Terre-Clapier,81
81297,81150,Terssac,81
81298,81500,Teulat,81
81299,81220,Teyssode,81
81300,81170,Tonnac,81
81301,81120,Le Travet,81
81302,81190,Tréban,81
81303,81340,Trébas,81
81304,81190,Trévien,81
81305,81330,Vabre,81
81306,81350,Valderiès,81
81307,81090,Valdurenque,81
81308,81340,Valence-d'Albigeois,81
81309,81140,Vaour,81
81310,81500,Veilhes,81
81311,81440,Vénès,81
81312,81110,Verdalle,81
81313,81140,Le Verdier,81
81314,81530,Viane,81
81315,81570,Vielmur-sur-Agout,81
81317,81430,Villefranche-d'Albigeois,81
81318,81500,Villeneuve-lès-Lavaur,81
81319,81130,Villeneuve-sur-Vère,81
81320,81170,Vindrac-Alayrac,81
81321,81240,Le Vintrou,81
81322,81640,Virac,81
81323,81220,Viterbe,81
81324,81500,Viviers-lès-Lavaur,81
81325,81290,Viviers-lès-Montagnes,81
82001,82290,Albefeuille-Lagarde,82
82002,82350,Albias,82
82003,82210,Angeville,82
82007,82220,Auty,82
82008,82340,Auvillar,82
82009,82120,Balignac,82
82010,82340,Bardigues,82
82011,82290,Barry-d'Islemade,82
82012,82100,Les Barthes,82
82013,82500,Beaumont-de-Lomagne,82
82015,82500,Belbèze-en-Lomagne,82
82016,82150,Belvèze,82
82017,82170,Bessens,82
82018,82800,Bioule,82
82019,82200,Boudou,82
82021,82110,Bouloc-en-Quercy,82
82022,82190,Bourg-de-Visa,82
82023,82700,Bourret,82
82025,82710,Bressols,82
82026,82800,Bruniquel,82
82027,82370,Campsas,82
82028,82170,Canals,82
82030,82100,Castelferrus,82
82031,82210,Castelmayran,82
82032,82400,Castelsagrat,82
82033,82100,Castelsarrasin,82
82034,82120,Castéra-Bouzet,82
82036,82500,Le Causé,82
82037,82300,Caussade,82
82038,82160,Caylus,82
82039,82440,Cayrac,82
82040,82240,Cayriech,82
82042,82110,Cazes-Mondenard,82
82043,82600,Comberouger,82
82044,82370,Corbarieu,82
82045,82700,Cordes-Tolosannes,82
82047,82500,Cumont,82
82048,82170,Dieupentale,82
82050,82340,Dunes,82
82051,82390,Durfort-Lacapelette,82
82052,82700,Escatalens,82
82053,82500,Escazeaux,82
82054,82400,Espalais,82
82055,82500,Esparsac,82
82056,82160,Espinas,82
82058,82210,Fajolles,82
82059,82500,Faudoas,82
82060,82190,Fauroux,82
82061,82140,Féneyrols,82
82062,82700,Finhan,82
82063,82100,Garganvillar,82
82064,82500,Gariès,82
82065,82400,Gasques,82
82066,82230,Génébrières,82
82068,82500,Gimat,82
82069,82330,Ginals,82
82070,82500,Glatens,82
82071,82500,Goas,82
82072,82400,Golfech,82
82073,82400,Goudourville,82
82074,82120,Gramont,82
82076,82130,L'Honor-de-Cos,82
82078,82240,Labastide-de-Penne,82
82079,82370,Labastide-Saint-Pierre,82
82080,82100,Labastide-du-Temple,82
82081,82100,Labourgade,82
82082,82160,Lacapelle-Livron,82
82084,82190,Lacour,82
82085,82290,Lacourt-Saint-Pierre,82
82086,82100,Lafitte,82
82087,82130,Lafrançaise,82
82088,82250,Laguépie,82
82089,82360,Lamagistère,82
82090,82130,Lamothe-Capdeville,82
82091,82500,Lamothe-Cumont,82
82092,82240,Lapenche,82
82093,82500,Larrazet,82
82094,82110,Lauzerte,82
82095,82240,Lavaurette,82
82096,82290,La Ville-Dieu-du-Temple,82
82097,82120,Lavit,82
82098,82230,Léojac,82
82099,82200,Lizac,82
82100,82160,Loze,82
82101,82200,Malause,82
82102,82120,Mansonville,82
82105,82600,Mas-Grenier,82
82108,82290,Meauzac,82
82109,82210,Merles,82
82111,82190,Miramont-de-Quercy,82
82112,82200,Moissac,82
82114,82170,Monbéqui,82
82115,82230,Monclar-de-Quercy,82
82116,82110,Montagudet,82
82117,82150,Montaigu-de-Quercy,82
82118,82100,Montaïn,82
82119,82270,Montalzat,82
82121,82000,Montauban,82
82122,82110,Montbarla,82
82123,82700,Montbartier,82
82124,82290,Montbeton,82
82125,82700,Montech,82
82128,82270,Montfermier,82
82131,82270,Montpezat-de-Quercy,82
82132,82800,Montricoux,82
82134,82800,Nègrepelisse,82
82135,82370,Nohic,82
82136,82370,Orgueil,82
82138,82400,Perville,82
82140,82130,Piquecos,82
82141,82400,Pommevic,82
82143,82120,Poupas,82
82144,82220,Puycornet,82
82145,82800,Puygaillard-de-Quercy,82
82146,82120,Puygaillard-de-Lomagne,82
82147,82160,Puylagarde,82
82148,82240,Puylaroque,82
82149,82440,Réalville,82
82150,82370,Reyniès,82
82151,82150,Roquecor,82
82153,82150,Saint-Amans-du-Pech,82
82154,82110,Saint-Amans-de-Pellagal,82
82155,82140,Saint-Antonin-Noble-Val,82
82156,82210,Saint-Arroumex,82
82157,82150,Saint-Beauzeil,82
82158,82340,Saint-Cirice,82
82161,82410,Saint-Étienne-de-Tulmont,82
82163,82120,Saint-Jean-du-Bouzet,82
82164,82110,Sainte-Juliette,82
82167,82370,Saint-Nauphary,82
82168,82190,Saint-Nazaire-de-Valentane,82
82169,82210,Saint-Nicolas-de-la-Grave,82
82170,82400,Saint-Paul-d'Espis,82
82171,82700,Saint-Porquier,82
82174,82300,Saint-Vincent-d'Autéjac,82
82175,82400,Saint-Vincent-Lespinasse,82
82176,82230,La Salvetat-Belmontet,82
82178,82600,Savenès,82
82179,82240,Septfonds,82
82181,82340,Sistels,82
82182,82190,Touffailles,82
82183,82110,Tréjouls,82
82184,82800,Vaïssac,82
82185,82150,Valeilles,82
82187,82330,Varen,82
82189,82220,Vazerac,82
82190,82600,Verdun-sur-Garonne,82
82192,82230,Verlhac-Tescou,82
82193,82500,Vigueron,82
82194,82370,Villebrumier,82
82195,82130,Villemade,82
83001,83600,Les Adrets-de-l'Estérel,83
83002,83630,Aiguines,83
83003,83111,Ampus,83
83004,83460,Les Arcs,83
83005,83630,Artignosc-sur-Verdon,83
83007,83630,Aups,83
83008,83600,Bagnols-en-Forêt,83
83009,83150,Bandol,83
83010,83840,Bargème,83
83011,83830,Bargemon,83
83012,83670,Barjols,83
83014,83630,Baudinard-sur-Verdon,83
83015,83630,Bauduen,83
83016,83330,Le Beausset,83
83017,83210,Belgentier,83
83018,83890,Besse-sur-Issole,83
83019,83230,Bormes-les-Mimosas,83
83020,83840,Le Bourguet,83
83021,83149,Bras,83
83022,83840,Brenon,83
83023,83170,Brignoles,83
83025,83119,Brue-Auriac,83
83026,83340,Cabasse,83
83027,83740,La Cadière-d'Azur,83
83028,83830,Callas,83
83030,83170,Camps-la-Source,83
83031,83340,Le Cannet-des-Maures,83
83032,83570,Carcès,83
83033,83660,Carnoules,83
83034,83320,Carqueiranne,83
83036,83240,Cavalaire-sur-Mer,83
83039,83670,Châteauvert,83
83041,83830,Claviers,83
83042,83310,Cogolin,83
83043,83610,Collobrières,83
83044,83840,Comps-sur-Artuby,83
83045,83570,Correns,83
83046,83570,Cotignac,83
83047,83260,La Crau,83
83048,83420,La Croix-Valmer,83
83049,83390,Cuers,83
83050,83300,Draguignan,83
83051,83570,Entrecasteaux,83
83053,83330,Évenos,83
83054,83210,La Farlède,83
83055,83440,Fayence,83
83056,83830,Figanières,83
83057,83340,Flassans-sur-Issole,83
83058,83780,Flayosc,83
83059,83136,Forcalqueiret,83
83060,83670,Fox-Amphoux,83
83061,83370,Fréjus,83
83063,83680,La Garde-Freinet,83
83064,83136,Garéoult,83
83065,83580,Gassin,83
83066,83560,Ginasservis,83
83067,83590,Gonfaron,83
83068,83310,Grimaud,83
83069,83400,Hyères,83
83070,83980,Le Lavandou,83
83071,83250,La Londe-les-Maures,83
83072,83510,Lorgues,83
83073,83340,Le Luc,83
83074,83840,La Martre,83
83075,83340,Les Mayons,83
83076,83136,Mazaugues,83
83077,83136,Méounes-lès-Montrieux,83
83078,83630,Moissac-Bellevue,83
83079,83310,La Môle,83
83081,83440,Montauroux,83
83083,83570,Montfort-sur-Argens,83
83084,83670,Montmeyan,83
83086,83490,Le Muy,83
83087,83860,Nans-les-Pins,83
83088,83136,Néoules,83
83089,83470,Ollières,83
83090,83190,Ollioules,83
83091,83390,Pierrefeu-du-Var,83
83092,83790,Pignans,83
83093,83640,Plan-d'Aups-Sainte-Baume,83
83094,83120,Le Plan-de-la-Tour,83
83095,83670,Pontevès,83
83096,83470,Pourcieux,83
83097,83910,Pourrières,83
83098,83220,Le Pradet,83
83099,83480,Puget-sur-Argens,83
83100,83390,Puget-Ville,83
83101,83350,Ramatuelle,83
83102,83630,Régusse,83
83103,83200,Le Revest-les-Eaux,83
83105,13780,Riboux,83
83106,83136,Rocbaron,83
83107,83380,Roquebrune-sur-Argens,83
83108,83136,La Roquebrussanne,83
83109,83840,La Roque-Esclapon,83
83110,83170,Rougiers,83
83111,83136,Sainte-Anastasie-sur-Issole,83
83112,83270,Saint-Cyr-sur-Mer,83
83114,83560,Saint-Martin-de-Pallières,83
83115,83120,Sainte-Maxime,83
83116,83470,Saint-Maximin-la-Sainte-Baume,83
83117,83440,Saint-Paul-en-Forêt,83
83119,83990,Saint-Tropez,83
83120,83640,Saint-Zacharie,83
83121,83690,Salernes,83
83122,83630,Les Salles-sur-Verdon,83
83123,83110,Sanary-sur-Mer,83
83124,83440,Seillans,83
83125,83470,Seillons-Source-d'Argens,83
83126,83500,La Seyne-sur-Mer,83
83127,83870,Signes,83
83128,83690,Sillans-la-Cascade,83
83129,83140,Six-Fours-les-Plages,83
83130,83210,Solliès-Pont,83
83131,83210,Solliès-Toucas,83
83132,83210,Solliès-Ville,83
83133,83440,Tanneron,83
83134,83460,Taradeau,83
83135,83670,Tavernes,83
83136,83340,Le Thoronet,83
83137,83000,Toulon,83
83138,83440,Tourrettes,83
83139,83690,Tourtour,83
83140,83170,Tourves,83
83141,83720,Trans-en-Provence,83
83142,83840,Trigance,83
83144,83160,La Valette-du-Var,83
83145,83670,Varages,83
83146,83560,La Verdière,83
83147,83630,Vérignon,83
83148,83550,Vidauban,83
83149,83690,Villecroze,83
83150,83560,Vinon-sur-Verdon,83
83151,83170,Vins-sur-Caramy,83
83152,83820,Rayol-Canadel-sur-Mer,83
83153,83430,Saint-Mandrier-sur-Mer,83
83154,83510,Saint-Antonin-du-Var,83
84001,84210,Althen-des-Paluds,84
84002,84240,Ansouis,84
84003,84400,Apt,84
84004,84810,Aubignan,84
84006,84400,Auribeau,84
84007,84000,Avignon,84
84008,84330,Le Barroux,84
84009,84240,La Bastide-des-Jourdans,84
84010,84120,La Bastidonne,84
84011,84210,Le Beaucet,84
84012,84190,Beaumes-de-Venise,84
84013,84220,Beaumettes,84
84014,84120,Beaumont-de-Pertuis,84
84015,84340,Beaumont-du-Ventoux,84
84016,84370,Bédarrides,84
84017,84410,Bédoin,84
84018,84570,Blauvac,84
84019,84500,Bollène,84
84020,84480,Bonnieux,84
84021,84390,Brantes,84
84022,84110,Buisson,84
84023,84480,Buoux,84
84024,84240,Cabrières-d'Aigues,84
84025,84220,Cabrières-d'Avignon,84
84026,84160,Cadenet,84
84027,84860,Caderousse,84
84028,84290,Cairanne,84
84029,84850,Camaret-sur-Aigues,84
84030,84330,Caromb,84
84031,84200,Carpentras,84
84032,84750,Caseneuve,84
84033,84400,Castellet,84
84034,84510,Caumont-sur-Durance,84
84035,84300,Cavaillon,84
84036,84470,Châteauneuf-de-Gadagne,84
84037,84230,Châteauneuf-du-Pape,84
84038,84460,Cheval-Blanc,84
84039,84350,Courthézon,84
84040,84110,Crestet,84
84041,84410,Crillon-le-Brave,84
84042,84160,Cucuron,84
84043,84320,Entraigues-sur-la-Sorgue,84
84044,84340,Entrechaux,84
84045,84110,Faucon,84
84046,84410,Flassan,84
84049,84190,Gigondas,84
84050,84220,Gordes,84
84051,84220,Goult,84
84052,84240,Grambois,84
84053,84600,Grillon,84
84054,84800,L'Isle-sur-la-Sorgue,84
84055,84450,Jonquerettes,84
84057,84220,Joucas,84
84059,84190,Lafare,84
84060,84400,Lagarde-d'Apt,84
84061,84290,Lagarde-Paréol,84
84062,84800,Lagnes,84
84063,84840,Lamotte-du-Rhône,84
84064,84840,Lapalud,84
84065,84360,Lauris,84
84066,84220,Lioux,84
84067,84870,Loriol-du-Comtat,84
84068,84160,Lourmarin,84
84069,84340,Malaucène,84
84070,84570,Malemort-du-Comtat,84
84072,84380,Mazan,84
84073,84560,Ménerbes,84
84074,84360,Mérindol,84
84075,84570,Méthamis,84
84077,84330,Modène,84
84078,84430,Mondragon,84
84079,84390,Monieux,84
84080,84170,Monteux,84
84081,84310,Morières-lès-Avignon,84
84082,84570,Mormoiron,84
84083,84550,Mornas,84
84084,84240,La Motte-d'Aigues,84
84086,84580,Oppède,84
84087,84100,Orange,84
84088,84210,Pernes-les-Fontaines,84
84089,84120,Pertuis,84
84090,84240,Peypin-d'Aigues,84
84091,84420,Piolenc,84
84093,84360,Puget,84
84094,84110,Puyméras,84
84095,84160,Puyvert,84
84096,84110,Rasteau,84
84097,84600,Richerenches,84
84098,84110,Roaix,84
84099,84440,Robion,84
84100,84190,La Roque-Alric,84
84101,84210,La Roque-sur-Pernes,84
84103,84400,Rustrel,84
84104,84110,Sablet,84
84105,84400,Saignon,84
84106,84290,Sainte-Cécile-les-Vignes,84
84109,84330,Saint-Hippolyte-le-Graveyron,84
84110,84390,Saint-Léger-du-Ventoux,84
84111,84110,Saint-Marcellin-lès-Vaison,84
84112,84750,Saint-Martin-de-Castillon,84
84113,84760,Saint-Martin-de-la-Brasque,84
84115,84330,Saint-Pierre-de-Vassols,84
84116,84110,Saint-Romain-en-Viennois,84
84117,84290,Saint-Roman-de-Malegarde,84
84118,84490,Saint-Saturnin-lès-Apt,84
84119,84450,Saint-Saturnin-lès-Avignon,84
84120,84390,Saint-Trinit,84
84121,84240,Sannes,84
84122,84260,Sarrians,84
84123,84390,Sault,84
84124,84800,Saumane-de-Vaucluse,84
84125,84390,Savoillan,84
84126,84110,Séguret,84
84127,84830,Sérignan-du-Comtat,84
84128,84400,Sivergues,84
84129,84700,Sorgues,84
84130,84190,Suzette,84
84131,84300,Taillades,84
84132,84250,Le Thor,84
84133,84240,La Tour-d'Aigues,84
84134,84850,Travaillan,84
84135,84100,Uchaux,84
84136,84190,Vacqueyras,84
84137,84110,Vaison-la-Romaine,84
84138,84600,Valréas,84
84139,84800,Fontaine-de-Vaucluse,84
84140,84160,Vaugines,84
84141,84270,Vedène,84
84142,84740,Velleron,84
84143,84210,Venasque,84
84144,84750,Viens,84
84147,84530,Villelaure,84
84148,84570,Villes-sur-Auzon,84
84149,84150,Violès,84
84150,84820,Visan,84
84151,84240,Vitrolles-en-Lubéron,84
85001,85460,L'Aiguillon-sur-Mer,85
85002,85220,L'Aiguillon-sur-Vie,85
85003,85190,Aizenay,85
85005,85120,Antigny,85
85008,85430,Aubigny-Les Clouzeaux,85
85009,85200,Auchay-sur-Vendée,85
85011,85630,Barbâtre,85
85012,85550,La Barre-de-Monts,85
85013,85130,Bazoges-en-Paillers,85
85014,85390,Bazoges-en-Pareds,85
85015,85170,Beaufou,85
85016,85190,Beaulieu-sous-la-Roche,85
85018,85230,Beauvoir-sur-Mer,85
85019,85170,Bellevigny,85
85020,85490,Benet,85
85021,85610,La Bernardière,85
85022,85560,Le Bernard,85
85023,85320,Bessay,85
85024,85710,Bois-de-Céné,85
85025,85600,La Boissière-de-Montaigu,85
85026,85430,La Boissière-des-Landes,85
85027,85600,Boufféré,85
85028,85420,Bouillé-Courdault,85
85031,85510,Le Boupère,85
85033,85200,Bourneau,85
85034,85480,Bournezeau,85
85035,85470,Bretignolles-sur-Mer,85
85036,85320,La Bretonnière-la-Claye,85
85037,85120,Breuil-Barret,85
85038,85260,Les Brouzils,85
85039,85530,La Bruffière,85
85040,85410,La Caillère-Saint-Hilaire,85
85041,85410,Cezais,85
85042,85450,Chaillé-les-Marais,85
85044,85200,Chaix,85
85045,85220,La Chaize-Giraud,85
85046,85310,La Chaize-le-Vicomte,85
85047,85300,Challans,85
85048,85500,Chambretaud,85
85049,85450,Champagné-les-Marais,85
85050,85540,Le Champ-Saint-Père,85
85051,85110,Chantonnay,85
85052,85150,La Chapelle-Achard,85
85053,85120,La Chapelle-aux-Lys,85
85054,85220,La Chapelle-Hermier,85
85055,85670,La Chapelle-Palluau,85
85056,85210,La Chapelle-Thémer,85
85058,85400,Chasnais,85
85059,85120,La Châtaigneraie,85
85060,85180,Château-d'Olonne,85
85061,85320,Château-Guibert,85
85064,85140,Chauché,85
85065,85250,Chavagnes-en-Paillers,85
85066,85390,Chavagnes-les-Redoux,85
85067,85390,Cheffois,85
85070,85220,Coëx,85
85071,85220,Commequiers,85
85072,85260,La Copechagnière,85
85073,85320,Corpe,85
85076,85610,Cugand,85
85077,85540,Curzon,85
85078,85420,Damvix,85
85080,85200,Doix lès Fontaines,85
85081,85170,Dompierre-sur-Yon,85
85082,85590,Les Epesses,85
85084,85140,Essarts en Bocage,85
85086,85670,Falleron,85
85087,85240,Faymoreau,85
85088,85800,Le Fenouiller,85
85090,85700,Sèvremont,85
85092,85200,Fontenay-le-Comte,85
85093,85480,Fougeré,85
85094,85240,Foussais-Payré,85
85095,85300,Froidfond,85
85096,85710,La Garnache,85
85097,85130,La Gaubretière,85
85099,85150,Le Girouard,85
85100,85800,Givrand,85
85101,85540,Le Givre,85
85102,85670,Grand'Landes,85
85103,85440,Grosbreuil,85
85104,85580,Grues,85
85105,85770,Le Gué-de-Velluire,85
85106,85680,La Guérinière,85
85107,85600,La Guyonnière,85
85108,85260,L'Herbergement,85
85109,85500,Les Herbiers,85
85110,85570,L'Hermenault,85
85111,85770,L'Île-d'Elle,85
85112,85340,L'Île-d'Olonne,85
85113,85350,L'Île-d'Yeu,85
85114,85520,Jard-sur-Mer,85
85115,85110,La Jaudonnière,85
85116,85540,La Jonchère,85
85117,85400,Lairoux,85
85118,85150,Landeronde,85
85119,85130,Les Landes-Genusson,85
85120,85220,Landevieille,85
85121,85370,Le Langon,85
85125,85120,Loge-Fougereuse,85
85127,85560,Longeville-sur-Mer,85
85128,85400,Luçon,85
85129,85170,Les Lucs-sur-Boulogne,85
85130,85190,Maché,85
85131,85400,Les Magnils-Reigniers,85
85133,85420,Maillezais,85
85134,85590,Mallièvre,85
85135,85320,Mareuil-sur-Lay-Dissais,85
85136,85240,Marillet,85
85137,85570,Marsais-Sainte-Radégonde,85
85138,85150,Martinet,85
85139,85420,Le Mazeau,85
85140,85700,La Meilleraie-Tillay,85
85141,85700,Menomblet,85
85142,85140,La Merlatière,85
85143,85200,Mervent,85
85144,85500,Mesnard-la-Barotière,85
85145,85110,Monsireigne,85
85147,85700,Montournais,85
85149,85450,Moreilles,85
85151,85290,Mortagne-sur-Sèvre,85
85152,85150,Les Achards,85
85153,85640,Mouchamps,85
85154,85390,Mouilleron-Saint-Germain,85
85155,85000,Mouilleron-le-Captif,85
85156,85540,Moutiers-les-Mauxfaits,85
85157,85320,Moutiers-sur-le-Lay,85
85158,85370,Mouzeuil-Saint-Martin,85
85159,85370,Nalliers,85
85160,85310,Nesmy,85
85161,85430,Nieul-le-Dolent,85
85162,85240,Nieul-sur-l'Autise,85
85163,85330,Noirmoutier-en-l'Île,85
85164,85690,Notre-Dame-de-Monts,85
85166,85340,Olonne-sur-Mer,85
85167,85200,L'Orbrie,85
85168,85420,Oulmes,85
85169,85670,Palluau,85
85171,85320,Péault,85
85172,85300,Le Perrier,85
85174,85570,Petosse,85
85175,85320,Les Pineaux,85
85176,85200,Pissotte,85
85177,85770,Le Poiré-sur-Velluire,85
85178,85170,Le Poiré-sur-Vie,85
85179,85440,Poiroux,85
85182,85700,Pouzauges,85
85184,85240,Puy-de-Serre,85
85186,85250,La Rabatelière,85
85187,85700,Réaumur,85
85188,85210,La Réorthe,85
85189,85270,Notre-Dame-de-Riez,85
85190,85620,Rocheservière,85
85191,85000,La Roche-sur-Yon,85
85192,85510,Rochetrejoux,85
85194,85100,Les Sables-d'Olonne,85
85196,85250,Saint-André-Goule-d'Oie,85
85197,85260,Montréverd,85
85198,85130,Saint-Aubin-des-Ormeaux,85
85199,85210,Saint-Aubin-la-Plaine,85
85200,85540,Saint-Avaugourd-des-Landes,85
85201,85540,Saint-Benoist-sur-Mer,85
85204,85670,Saint-Christophe-du-Ligneron,85
85205,85410,Saint-Cyr-des-Gâts,85
85206,85540,Saint-Cyr-en-Talmondais,85
85207,85580,Saint-Denis-du-Payré,85
85208,85170,Saint-Denis-la-Chevasse,85
85209,85210,Saint-Étienne-de-Brillouet,85
85211,85150,Sainte-Flaive-des-Loups,85
85213,85310,Rives de l'Yon,85
85215,85250,Saint-Fulgent,85
85216,85400,Sainte-Gemme-la-Plaine,85
85217,85600,Saint-Georges-de-Montaigu,85
85218,85150,Saint-Georges-de-Pointindoux,85
85220,85110,Saint-Germain-de-Prinçay,85
85222,85800,Saint-Gilles-Croix-de-Vie,85
85223,85210,Sainte-Hermine,85
85224,85600,Saint-Hilaire-de-Loulay,85
85226,85270,Saint-Hilaire-de-Riez,85
85227,85240,Saint-Hilaire-des-Loges,85
85229,85120,Saint-Hilaire-de-Voust,85
85231,85440,Saint-Hilaire-la-Forêt,85
85232,85480,Saint-Hilaire-le-Vouhis,85
85233,85210,Saint-Jean-de-Beugné,85
85234,85160,Saint-Jean-de-Monts,85
85235,85210,Saint-Juire-Champgillon,85
85236,85150,Saint-Julien-des-Landes,85
85237,85410,Saint-Laurent-de-la-Salle,85
85238,85290,Saint-Laurent-sur-Sèvre,85
85239,85220,Saint-Maixent-sur-Vie,85
85240,85590,Saint-Malô-du-Bois,85
85242,85590,Saint-Mars-la-Réorthe,85
85243,85470,Brem-sur-Mer,85
85244,85200,Saint-Martin-de-Fraigneau,85
85245,85570,Saint-Martin-des-Fontaines,85
85246,85140,Saint-Martin-des-Noyers,85
85247,85130,Saint-Martin-des-Tilleuls,85
85248,85210,Saint-Martin-Lars-en-Sainte-Hermine,85
85250,85150,Saint-Mathurin,85
85251,85120,Saint-Maurice-des-Noues,85
85252,85390,Saint-Maurice-le-Girard,85
85255,85580,Saint-Michel-en-l'Herm,85
85256,85200,Saint-Michel-le-Cloucq,85
85259,85500,Saint-Paul-en-Pareds,85
85260,85670,Saint-Paul-Mont-Penit,85
85261,85320,Sainte-Pexine,85
85262,85660,Saint-Philbert-de-Bouaine,85
85264,85120,Saint-Pierre-du-Chemin,85
85266,85110,Saint-Prouant,85
85267,85450,Sainte-Radégonde-des-Noyers,85
85268,85220,Saint-Révérend,85
85271,85410,Saint-Sulpice-en-Pareds,85
85274,85570,Saint-Valérien,85
85276,85110,Saint-Vincent-Sterlanges,85
85277,85540,Saint-Vincent-sur-Graon,85
85278,85520,Saint-Vincent-sur-Jard,85
85280,85300,Sallertaine,85
85281,85200,Sérigné,85
85282,85110,Sigournais,85
85284,85300,Soullans,85
85285,85310,Le Tablier,85
85286,85450,La Taillée,85
85287,85390,Tallud-Sainte-Gemme,85
85288,85440,Talmont-Saint-Hilaire,85
85289,85120,La Tardière,85
85290,85210,Thiré,85
85291,85480,Thorigny,85
85292,85410,Thouarsais-Bouildroux,85
85293,85130,Tiffauges,85
85294,85360,La Tranche-sur-Mer,85
85295,85600,Treize-Septiers,85
85296,85590,Treize-Vents,85
85297,85580,Triaize,85
85298,85150,Vairé,85
85299,85770,Velluire,85
85300,85190,Venansault,85
85301,85250,Vendrennes,85
85302,85130,La Verrie,85
85304,85450,Vouillé-les-Marais,85
85305,85120,Vouvant,85
85306,85240,Xanton-Chassenon,85
85307,85460,La Faute-sur-Mer,85
86001,86430,Adriers,86
86002,86110,Amberre,86
86004,86260,Angles-sur-l'Anglin,86
86007,86100,Antran,86
86009,86210,Archigny,86
86010,86340,Aslonnes,86
86011,86430,Asnières-sur-Blour,86
86014,86530,Availles-en-Châtellerault,86
86015,86460,Availles-Limouzine,86
86016,86170,Avanton,86
86017,86190,Ayron,86
86018,86200,Basses,86
86019,86490,Beaumont Saint-Cyr,86
86020,86210,Bellefonds,86
86021,86470,Benassay,86
86022,86120,Berrie,86
86023,86420,Berthegon,86
86024,86190,Béruges,86
86025,86310,Béthines,86
86026,86120,Beuxes,86
86027,86580,Biard,86
86028,86800,Bignoux,86
86029,86400,Blanzay,86
86030,86170,Blaslay,86
86032,86210,Bonneuil-Matours,86
86034,86410,Bouresse,86
86035,86390,Bourg-Archambault,86
86036,86120,Bournand,86
86037,86290,Brigueil-le-Chantre,86
86039,86510,Brux,86
86043,86700,Ceaux-en-Couhé,86
86044,86200,Ceaux-en-Loudun,86
86045,86600,Celle-Lévescault,86
86046,86530,Cenon-sur-Vienne,86
86048,86380,Chabournay,86
86050,86190,Chalandray,86
86051,86510,Champagné-le-Sec,86
86052,86160,Champagné-Saint-Hilaire,86
86053,86170,Champigny en Rochereau,86
86056,86470,La Chapelle-Montreuil,86
86058,86210,La Chapelle-Moulière,86
86059,86300,Chapelle-Viviers,86
86060,86170,Charrais,86
86062,86360,Chasseneuil-du-Poitou,86
86063,86250,Chatain,86
86064,86350,Château-Garnier,86
86065,86370,Château-Larcher,86
86066,86100,Châtellerault,86
86068,86510,Chaunay,86
86070,86300,Chauvigny,86
86071,86380,Cheneché,86
86072,86450,Chenevelles,86
86073,86170,Cherves,86
86074,86190,Chiré-en-Montreuil,86
86075,86110,Chouppes,86
86076,86170,Cissé,86
86077,86320,Civaux,86
86079,86200,La Roche-Rigault,86
86080,86600,Cloué,86
86082,86700,Couhé,86
86085,86110,Coussay,86
86086,86270,Coussay-les-Bois,86
86088,86240,Croutelle,86
86089,86110,Cuhon,86
86090,86120,Curçay-sur-Dive,86
86091,86600,Curzay-sur-Vonne,86
86092,86220,Dangé-Saint-Romain,86
86093,86420,Dercé,86
86094,86410,Dienné,86
86095,86130,Dissay,86
86096,86140,Doussay,86
86097,86160,La Ferrière-Airoux,86
86098,86300,Fleix,86
86100,86240,Fontaine-le-Comte,86
86102,86190,Frozes,86
86103,86160,Gençay,86
86105,86340,Gizay,86
86106,86200,Glénouze,86
86107,86320,Gouex,86
86108,86110,La Grimaudière,86
86109,86420,Guesnes,86
86110,86310,Haims,86
86113,86240,Iteuil,86
86114,86800,Jardres,86
86115,86130,Jaunay-Marigny,86
86116,86600,Jazeneuil,86
86117,86500,Jouhet,86
86118,86290,Journet,86
86119,86350,Joussé,86
86120,86390,Lathus-Saint-Rémy,86
86121,86190,Latillé,86
86122,86300,Lauthiers,86
86123,86470,Lavausseau,86
86124,86800,Lavoux,86
86125,86450,Leigné-les-Bois,86
86126,86300,Leignes-sur-Fontaine,86
86127,86230,Leigné-sur-Usseau,86
86128,86140,Lencloître,86
86130,86220,Leugny,86
86131,86410,Lhommaizé,86
86132,86290,Liglet,86
86133,86240,Ligugé,86
86134,86400,Linazay,86
86135,86800,Liniers,86
86136,86400,Lizant,86
86137,86200,Loudun,86
86138,86430,Luchapt,86
86139,86600,Lusignan,86
86140,86320,Lussac-les-Châteaux,86
86143,86270,Mairé,86
86144,86170,Maisonneuve,86
86146,86380,Marigny-Brizay,86
86147,86370,Marigny-Chemereau,86
86149,86330,Martaizé,86
86150,86170,Massognes,86
86151,86200,Maulay,86
86152,86460,Mauprévoir,86
86154,86110,Mazeuil,86
86156,86200,Messemé,86
86157,86550,Mignaloux-Beauvoir,86
86158,86440,Migné-Auxances,86
86159,86150,Millac,86
86160,86110,Mirebeau,86
86162,86230,Mondion,86
86163,86360,Montamisé,86
86164,86210,Monthoiron,86
86165,86500,Montmorillon,86
86166,86470,Montreuil-Bonnin,86
86167,86420,Monts-sur-Guesnes,86
86169,86120,Morton,86
86170,86500,Moulismes,86
86172,86430,Mouterre-sur-Blourde,86
86173,86200,Mouterre-Silly,86
86174,86530,Naintré,86
86176,86150,Nérignac,86
86177,86170,Neuville-de-Poitou,86
86178,86340,Nieuil-l'Espoir,86
86180,86340,Nouaillé-Maupertuis,86
86181,86200,Nueil-sous-Faye,86
86182,86230,Orches,86
86183,86220,Les Ormes,86
86184,86380,Ouzilly,86
86186,86220,Oyré,86
86187,86300,Paizay-le-Sec,86
86188,86700,Payré,86
86189,86350,Payroux,86
86190,86320,Persac,86
86191,86500,Pindray,86
86193,86450,Pleumartin,86
86194,86000,Poitiers,86
86195,86220,Port-de-Piles,86
86196,86120,Pouançay,86
86197,86200,Pouant,86
86200,86460,Pressac,86
86201,86420,Prinçay,86
86202,86260,La Puye,86
86203,86150,Queaux,86
86204,86190,Quinçay,86
86205,86200,Ranton,86
86206,86120,Raslay,86
86207,86270,La Roche-Posay,86
86208,86170,Le Rochereau,86
86209,86340,Roches-Prémarie-Andillé,86
86210,86120,Roiffé,86
86213,86480,Rouillé,86
86220,86400,Saint-Gaudent,86
86221,86140,Saint-Genest-d'Ambière,86
86222,86130,Saint-Georges-lès-Baillargeaux,86
86224,86230,Saint-Gervais-les-Trois-Clochers,86
86225,86330,Saint-Jean-de-Sauves,86
86226,86800,Saint-Julien-l'Ars,86
86227,86200,Saint-Laon,86
86228,86410,Saint-Laurent-de-Jourdes,86
86229,86120,Saint-Léger-de-Montbrillais,86
86230,86290,Saint-Léomer,86
86231,86400,Saint-Macoux,86
86233,86300,Valdivienne,86
86234,86350,Saint-Martin-l'Ars,86
86235,86160,Saint-Maurice-la-Clouère,86
86236,86260,Saint-Pierre-de-Maillé,86
86237,86400,Saint-Pierre-d'Exideuil,86
86239,86300,Sainte-Radégonde,86
86241,86220,Saint-Rémy-sur-Creuse,86
86245,86100,Senillé-Saint-Sauveur,86
86247,86400,Saint-Saviol,86
86248,86350,Saint-Secondin,86
86249,86420,Saires,86
86250,86120,Saix,86
86252,86200,Sammarçolles,86
86253,86600,Sanxay,86
86254,86500,Saulgé,86
86255,86400,Savigné,86
86256,86800,Savigny-Lévescault,86
86257,86140,Savigny-sous-Faye,86
86258,86140,Scorbé-Clairvaux,86
86261,86800,Sèvres-Anxaumont,86
86262,86320,Sillars,86
86263,86240,Smarves,86
86264,86160,Sommières-du-Clain,86
86265,86230,Sossais,86
86268,86800,Tercé,86
86270,86290,Thollet,86
86271,86110,Thurageau,86
86272,86540,Thuré,86
86273,86290,La Trimouille,86
86274,86120,Les Trois-Moutiers,86
86276,86350,Usson-du-Poitou,86
86279,86220,Vaux-sur-Vienne,86
86280,86230,Vellèches,86
86281,86380,Saint Martin la Pallu,86
86286,86420,Verrue,86
86287,86120,Vézières,86
86288,86260,Vicq-sur-Gartempe,86
86289,86150,Le Vigeant,86
86290,86340,La Villedieu-du-Clain,86
86291,86310,Villemort,86
86293,86370,Vivonne,86
86295,86400,Voulême,86
86296,86700,Voulon,86
86297,86580,Vouneuil-sous-Biard,86
86298,86210,Vouneuil-sur-Vienne,86
86299,86170,Vouzailles,86
86300,86170,Yversay,86
87001,87700,Aixe-sur-Vienne,87
87002,87240,Ambazac,87
87003,87160,Arnac-la-Poste,87
87004,87120,Augne,87
87005,87220,Aureil,87
87006,87360,Azat-le-Ris,87
87007,87290,Balledent,87
87008,87210,La Bazeuge,87
87009,87120,Beaumont-du-Lac,87
87011,87300,Bellac,87
87013,87370,Bersac-sur-Rivalier,87
87014,87250,Bessines-sur-Gartempe,87
87015,87700,Beynac,87
87016,87340,Les Billanges,87
87018,87300,Blond,87
87019,87220,Boisseuil,87
87020,87270,Bonnac-la-Côte,87
87021,87110,Bosmie-l'Aiguille,87
87022,87300,Breuilaufa,87
87023,87140,Le Buis,87
87024,87460,Bujaleuf,87
87025,87800,Burgnac,87
87027,87230,Bussière-Galant,87
87028,87320,Bussière-Poitevine,87
87029,87230,Les Cars,87
87030,87200,Chaillac-sur-Vienne,87
87031,87500,Le Chalard,87
87032,87230,Châlus,87
87033,87140,Chamboret,87
87034,87150,Champagnac-la-Rivière,87
87035,87400,Champnétery,87
87036,87230,Champsac,87
87037,87440,La Chapelle-Montbrandeix,87
87038,87270,Chaptelat,87
87039,87380,Château-Chervix,87
87040,87130,Châteauneuf-la-Forêt,87
87041,87290,Châteauponsac,87
87042,87400,Le Châtenet-en-Dognon,87
87043,87460,Cheissoux,87
87044,87600,Chéronnac,87
87045,87520,Cieux,87
87046,87310,Cognac-la-Forêt,87
87047,87140,Compreignac,87
87048,87920,Condat-sur-Vienne,87
87049,87500,Coussac-Bonneval,87
87050,87270,Couzeix,87
87051,87130,La Croisille-sur-Briance,87
87052,87210,La Croix-sur-Gartempe,87
87053,87160,Cromac,87
87055,87320,Darnac,87
87056,87210,Dinsac,87
87057,87190,Dompierre-les-Églises,87
87058,87120,Domps,87
87059,87210,Le Dorat,87
87060,87230,Dournazac,87
87061,87190,Droux,87
87062,87400,Eybouleuf,87
87063,87220,Eyjeaux,87
87064,87120,Eymoutiers,87
87065,87220,Feytiat,87
87066,87230,Flavignac,87
87067,87250,Folles,87
87068,87250,Fromental,87
87069,87330,Gajoubert,87
87070,87400,La Geneytouse,87
87071,87500,Glandon,87
87072,87380,Glanges,87
87073,87310,Gorre,87
87074,87160,Les Grands-Chézeaux,87
87075,87170,Isle,87
87076,87370,Jabreilles-les-Bordes,87
87077,87800,Janailhac,87
87078,87520,Javerdat,87
87079,87340,La Jonchère-Saint-Maurice,87
87080,87890,Jouac,87
87081,87800,Jourgnac,87
87082,87500,Ladignac-le-Long,87
87083,87370,Laurière,87
87084,87230,Lavignac,87
87085,87000,Limoges,87
87086,87130,Linards,87
87087,87360,Lussac-les-Églises,87
87088,87380,Magnac-Bourg,87
87089,87190,Magnac-Laval,87
87090,87160,Mailhac-sur-Benaize,87
87091,87440,Maisonnais-sur-Tardoire,87
87092,87440,Marval,87
87093,87130,Masléon,87
87094,87800,Meilhac,87
87095,87380,Meuzac,87
87096,87800,La Meyze,87
87097,87330,Val d'Issoire,87
87099,87400,Moissannes,87
87100,87330,Montrol-Sénard,87
87101,87330,Mortemart,87
87103,87140,Nantiat,87
87104,87120,Nedde,87
87105,87130,Neuvic-Entier,87
87106,87800,Nexon,87
87107,87510,Nieul,87
87108,87330,Nouic,87
87109,87210,Oradour-Saint-Genest,87
87110,87520,Oradour-sur-Glane,87
87111,87150,Oradour-sur-Vayres,87
87112,87230,Pageas,87
87113,87410,Le Palais-sur-Vienne,87
87114,87350,Panazol,87
87115,87440,Pensol,87
87116,87300,Peyrat-de-Bellac,87
87117,87470,Peyrat-le-Château,87
87118,87510,Peyrilhac,87
87119,87260,Pierre-Buffière,87
87120,87380,La Porcherie,87
87121,87290,Rancon,87
87122,87640,Razès,87
87123,87120,Rempnat,87
87124,87800,Rilhac-Lastours,87
87125,87570,Rilhac-Rancon,87
87126,87600,Rochechouart,87
87127,87800,La Roche-l'Abeille,87
87128,87140,Roussac,87
87129,87400,Royères,87
87130,87130,Roziers-Saint-Georges,87
87131,87720,Saillat-sur-Vienne,87
87132,87120,Saint-Amand-le-Petit,87
87133,87290,Saint-Amand-Magnazeix,87
87134,87120,Sainte-Anne-Saint-Priest,87
87135,87310,Saint-Auvent,87
87136,87330,Saint-Barbant,87
87137,87150,Saint-Bazile,87
87138,87260,Saint-Bonnet-Briance,87
87139,87300,Saint-Bonnet-de-Bellac,87
87140,87200,Saint-Brice-sur-Vienne,87
87142,87400,Saint-Denis-des-Murs,87
87143,87510,Saint-Gence,87
87144,87260,Saint-Genest-sur-Roselle,87
87145,87160,Saint-Georges-les-Landes,87
87146,87380,Saint-Germain-les-Belles,87
87147,87130,Saint-Gilles-les-Forêts,87
87148,87260,Saint-Hilaire-Bonneval,87
87149,87190,Saint-Hilaire-la-Treille,87
87150,87800,Saint-Hilaire-les-Places,87
87151,87260,Saint-Jean-Ligoure,87
87152,87510,Saint-Jouvent,87
87153,87460,Saint-Julien-le-Petit,87
87154,87200,Saint-Junien,87
87155,87300,Saint-Junien-les-Combes,87
87156,87590,Saint-Just-le-Martel,87
87157,87240,Saint-Laurent-les-Églises,87
87158,87310,Saint-Laurent-sur-Gorre,87
87159,87340,Saint-Léger-la-Montagne,87
87160,87190,Saint-Léger-Magnazeix,87
87161,87400,Saint-Léonard-de-Noblat,87
87162,87420,Sainte-Marie-de-Vaux,87
87163,87330,Saint-Martial-sur-Isop,87
87164,87200,Saint-Martin-de-Jussac,87
87165,87360,Saint-Martin-le-Mault,87
87166,87700,Saint-Martin-le-Vieux,87
87167,87400,Saint-Martin-Terressus,87
87168,87440,Saint-Mathieu,87
87169,87800,Saint-Maurice-les-Brousses,87
87170,87130,Saint-Méard,87
87172,87300,Saint-Ouen-sur-Gartempe,87
87176,87800,Saint-Priest-Ligoure,87
87177,87700,Saint-Priest-sous-Aixe,87
87178,87480,Saint-Priest-Taurion,87
87179,87210,Saint-Sornin-la-Marche,87
87180,87290,Saint-Sornin-Leulac,87
87181,87370,Saint-Sulpice-Laurière,87
87182,87160,Saint-Sulpice-les-Feuilles,87
87184,87140,Saint-Symphorien-sur-Couze,87
87185,87420,Saint-Victurnien,87
87186,87380,Saint-Vitte-sur-Briance,87
87187,87500,Saint-Yrieix-la-Perche,87
87188,87700,Saint-Yrieix-sous-Aixe,87
87189,87440,Les Salles-Lavauguyon,87
87190,87400,Sauviat-sur-Vige,87
87191,87620,Séreilhac,87
87192,87110,Solignac,87
87193,87130,Surdoux,87
87194,87130,Sussac,87
87195,87360,Tersannes,87
87196,87320,Thiat,87
87197,87140,Thouron,87
87198,87140,Vaulry,87
87200,87360,Verneuil-Moustiers,87
87201,87430,Verneuil-sur-Vienne,87
87202,87520,Veyrac,87
87203,87260,Vicq-sur-Breuilh,87
87204,87600,Videix,87
87205,87110,Le Vigen,87
87206,87190,Villefavard,87
88001,88270,Les Ableuvenettes,88
88002,88500,Ahéville,88
88003,88140,Aingeville,88
88005,88110,Allarmont,88
88006,88500,Ambacourt,88
88007,88410,Ameuvelle,88
88008,88700,Anglemont,88
88009,88650,Anould,88
88010,88170,Aouze,88
88012,88380,Archettes,88
88013,88170,Aroffe,88
88014,88430,Arrentès-de-Corcieux,88
88015,88300,Attignéville,88
88017,88300,Aulnois,88
88019,88300,Autigny-la-Tour,88
88022,88140,Auzainvilliers,88
88025,88630,Avranville,88
88026,88600,Aydoilles,88
88027,88330,Badménil-aux-Bois,88
88028,88460,La Baffe,88
88029,88240,La Vôge-les-Bains,88
88030,88270,Bainville-aux-Saules,88
88031,88170,Balléville,88
88032,88520,Ban-de-Laveline,88
88033,88210,Ban-de-Sapt,88
88035,88640,Barbey-Seroux,88
88037,88120,Basse-sur-le-Rupt,88
88038,88130,Battexey,88
88039,88500,Baudricourt,88
88040,88150,Bayecourt,88
88041,88270,Bazegney,88
88042,88700,Bazien,88
88043,88500,Bazoilles-et-Ménil,88
88044,88300,Bazoilles-sur-Meuse,88
88045,88300,Beaufremont,88
88046,88600,Beauménil,88
88047,88270,Begnécourt,88
88049,88260,Belmont-lès-Darney,88
88050,88600,Belmont-sur-Buttant,88
88051,88800,Belmont-sur-Vair,88
88052,88260,Belrupt,88
88054,88520,Bertrimoutier,88
88055,88450,Bettegney-Saint-Brice,88
88056,88500,Bettoncourt,88
88057,88490,Le Beulay,88
88058,88170,Biécourt,88
88059,88430,Biffontaine,88
88061,88410,Bleurville,88
88062,88320,Blevaincourt,88
88063,88270,Bocquegney,88
88064,88600,Bois-de-Champ,88
88065,88260,Bonvillet,88
88066,88500,Boulaincourt,88
88068,88470,La Bourgonce,88
88069,88270,Bouxières-aux-Bois,88
88070,88130,Bouxurulles,88
88071,88270,Bouzemont,88
88073,88130,Brantigny,88
88074,88350,Brechainville,88
88075,88250,La Bresse,88
88076,88600,Brouvelieures,88
88077,88700,Brû,88
88078,88600,Bruyères,88
88079,88140,Bulgnéville,88
88080,88700,Bult,88
88081,88540,Bussang,88
88082,88110,Celles-sur-Plaine,88
88083,88300,Certilleux,88
88084,88130,Chamagne,88
88085,88640,Champdray,88
88086,88600,Champ-le-Duc,88
88087,88000,Chantraine,88
88088,88240,La Chapelle-aux-Bois,88
88089,88600,La Chapelle-devant-Bruyères,88
88091,88460,Charmois-devant-Bruyères,88
88092,88270,Charmois-l'Orgueilleux,88
88093,88210,Châtas,88
88094,88330,Châtel-sur-Moselle,88
88096,88410,Châtillon-sur-Saône,88
88097,88500,Chauffecourt,88
88098,88390,Chaumousey,88
88099,88150,Chavelot,88
88100,88500,Chef-Haut,88
88101,88460,Cheniménil,88
88102,88630,Chermisey,88
88103,88270,Circourt,88
88104,88300,Circourt-sur-Mouzon,88
88105,88410,Claudon,88
88106,88230,Ban-sur-Meurthe-Clefcy,88
88107,88630,Clérey-la-Côte,88
88108,88240,Le Clerjus,88
88109,88120,Cleurie,88
88110,88700,Clézentaine,88
88111,88100,Coinches,88
88113,88490,Combrimont,88
88114,88140,Contrexéville,88
88115,88430,Corcieux,88
88116,88310,Cornimont,88
88117,88170,Courcelles-sous-Châtenois,88
88118,88630,Coussey,88
88119,88140,Crainvilliers,88
88120,88520,La Croix-aux-Mines,88
88121,88330,Damas-aux-Bois,88
88122,88270,Damas-et-Bettegney,88
88123,88320,Damblain,88
88124,88260,Darney,88
88125,88170,Darney-aux-Chênes,88
88126,88390,Darnieulles,88
88127,88700,Deinvillers,88
88128,88210,Denipaire,88
88129,88270,Derbamont,88
88130,88600,Destord,88
88131,88600,Deycimont,88
88132,88000,Deyvillers,88
88133,88000,Dignonville,88
88134,88000,Dinozé,88
88135,88460,Docelles,88
88136,88000,Dogneville,88
88137,88170,Dolaincourt,88
88138,88260,Dombasle-devant-Darney,88
88139,88500,Dombasle-en-Xaintois,88
88140,88140,Dombrot-le-Sec,88
88141,88170,Dombrot-sur-Vair,88
88142,88390,Domèvre-sur-Avière,88
88143,88330,Domèvre-sur-Durbion,88
88144,88500,Domèvre-sous-Montfort,88
88145,88600,Domfaing,88
88146,88800,Domjulien,88
88147,88390,Dommartin-aux-Bois,88
88148,88200,Dommartin-lès-Remiremont,88
88149,88260,Dommartin-lès-Vallois,88
88150,88170,Dommartin-sur-Vraine,88
88151,88270,Dompaire,88
88153,88700,Domptail,88
88154,88630,Domrémy-la-Pucelle,88
88155,88500,Domvallier,88
88156,88700,Doncières,88
88157,88220,Dounoux,88
88158,88510,Éloyes,88
88159,88650,Entre-deux-Eaux,88
88160,88000,Épinal,88
88161,88260,Escles,88
88162,88260,Esley,88
88163,88130,Essegney,88
88164,88500,Estrennes,88
88165,88480,Étival-Clairefontaine,88
88166,88450,Évaux-et-Ménil,88
88167,88460,Faucompierre,88
88168,88700,Fauconcourt,88
88170,88360,Ferdrupt,88
88171,88410,Fignévelle,88
88172,88600,Fiménil,88
88173,88130,Florémont,88
88174,88390,Fomerey,88
88176,88240,Fontenoy-le-Château,88
88177,88530,La Forge,88
88180,88320,Frain,88
88181,88230,Fraize,88
88182,88490,Frapelle,88
88183,88630,Frebécourt,88
88184,88600,Fremifontaine,88
88185,88500,Frenelle-la-Grande,88
88186,88500,Frenelle-la-Petite,88
88188,88160,Fresse-sur-Moselle,88
88189,88350,Fréville,88
88190,88440,Frizon,88
88192,88270,Gelvécourt-et-Adompt,88
88193,88520,Gemaingoutte,88
88194,88170,Gemmelaincourt,88
88195,88140,Gendreville,88
88196,88400,Gérardmer,88
88197,88120,Gerbamont,88
88198,88430,Gerbépal,88
88199,88320,Gignéville,88
88200,88390,Gigney,88
88201,88390,Girancourt,88
88202,88500,Gircourt-lès-Viéville,88
88203,88600,Girecourt-sur-Durbion,88
88205,88340,Girmont-Val-d'Ajol,88
88206,88170,Gironcourt-sur-Vraine,88
88208,88410,Godoncourt,88
88209,88190,Golbey,88
88210,88270,Gorhey,88
88212,88350,Grand,88
88213,88490,La Grande-Fosse,88
88214,88240,Grandrupt-de-Bains,88
88215,88210,Grandrupt,88
88216,88600,Grandvillers,88
88218,88640,Granges-Aumontzey,88
88219,88630,Greux,88
88220,88410,Grignoncourt,88
88221,88240,Gruey-lès-Surance,88
88222,88600,Gugnécourt,88
88223,88450,Gugney-aux-Aulx,88
88224,88330,Hadigny-les-Verrières,88
88225,88220,Hadol,88
88226,88270,Hagécourt,88
88227,88300,Hagnéville-et-Roncourt,88
88228,88330,Haillainville,88
88229,88300,Harchéchamp,88
88230,88700,Hardancourt,88
88231,88800,Haréville,88
88232,88300,Harmonville,88
88233,88270,Harol,88
88234,88240,Harsault,88
88235,88240,Hautmougey,88
88237,88270,Hennecourt,88
88238,88260,Hennezel,88
88239,88130,Hergugney,88
88240,88600,Herpelmont,88
88241,88170,Houécourt,88
88242,88300,Houéville,88
88243,88700,Housseras,88
88244,88430,La Houssière,88
88245,88210,Hurbache,88
88246,88500,Hymont,88
88248,88320,Isches,88
88249,88300,Jainvillotte,88
88250,88550,Jarménil,88
88251,88700,Jeanménil,88
88252,88260,Jésonville,88
88253,88000,Jeuxey,88
88254,88500,Jorxey,88
88255,88630,Jubainville,88
88256,88640,Jussarupt,88
88257,88500,Juvaincourt,88
88258,88320,Lamarche,88
88259,88300,Landaville,88
88260,88130,Langley,88
88261,88600,Laval-sur-Vologne,88
88262,88600,Laveline-devant-Bruyères,88
88263,88640,Laveline-du-Houx,88
88264,88270,Légéville-et-Bonfays,88
88265,88300,Lemmecourt,88
88266,88600,Lépanges-sur-Vologne,88
88267,88260,Lerrain,88
88268,88490,Lesseux,88
88269,88400,Liézey,88
88270,88350,Liffol-le-Grand,88
88271,88800,Lignéville,88
88272,88410,Lironcourt,88
88274,88170,Longchamp-sous-Châtenois,88
88275,88490,Lubine,88
88276,88490,Lusse,88
88277,88110,Luvigny,88
88278,88170,Maconcourt,88
88279,88270,Madecourt,88
88280,88450,Madegney,88
88281,88270,Madonne-et-Lamerey,88
88283,88140,Malaincourt,88
88284,88650,Mandray,88
88285,88800,Mandres-sur-Vair,88
88286,88130,Marainville-sur-Madon,88
88287,88320,Marey,88
88288,88270,Maroncourt,88
88289,88320,Martigny-les-Bains,88
88290,88300,Martigny-les-Gerbonvaux,88
88291,88410,Martinvelle,88
88292,88500,Mattaincourt,88
88293,88630,Maxey-sur-Meuse,88
88294,88150,Mazeley,88
88295,88500,Mazirot,88
88296,88140,Médonville,88
88297,88600,Méménil,88
88298,88700,Ménarmont,88
88299,88500,Ménil-en-Xaintois,88
88300,88210,Ménil-de-Senones,88
88301,88700,Ménil-sur-Belvitte,88
88302,88160,Le Ménil,88
88303,88630,Midrevaux,88
88304,88500,Mirecourt,88
88305,88630,Moncel-sur-Vair,88
88306,88210,Le Mont,88
88307,88320,Mont-lès-Lamarche,88
88308,88300,Mont-lès-Neufchâteau,88
88309,88800,Monthureux-le-Sec,88
88310,88410,Monthureux-sur-Saône,88
88311,88240,Montmotier,88
88312,88170,Morelmaison,88
88313,88330,Moriville,88
88314,88320,Morizécourt,88
88315,88600,Mortagne,88
88318,88700,Moyemont,88
88319,88420,Moyenmoutier,88
88320,88100,Nayemont-les-Fosses,88
88321,88300,Neufchâteau,88
88322,88600,La Neuveville-devant-Lépanges,88
88324,88170,La Neuveville-sous-Châtenois,88
88325,88800,La Neuveville-sous-Montfort,88
88326,88100,Neuvillers-sur-Fave,88
88327,88440,Nomexy,88
88328,88470,Nompatelize,88
88331,88600,Nonzeville,88
88332,88800,Norroy,88
88333,88700,Nossoncourt,88
88334,88500,Oëlleville,88
88335,88500,Offroicourt,88
88336,88170,Ollainville,88
88338,88700,Ortoncourt,88
88340,88700,Padoux,88
88341,88100,Pair-et-Grandrupt,88
88342,88330,Pallegney,88
88343,88800,Parey-sous-Montfort,88
88344,88350,Pargny-sous-Mureau,88
88345,88490,La Petite-Fosse,88
88346,88210,La Petite-Raon,88
88348,88600,Pierrepont-sur-l'Arentèle,88
88349,88230,Plainfaing,88
88350,88170,Pleuvezain,88
88351,88370,Plombières-les-Bains,88
88352,88300,Pompierre,88
88353,88260,Pont-lès-Bonfays,88
88354,88500,Pont-sur-Madon,88
88355,88330,Portieux,88
88356,88600,Les Poulières,88
88357,88500,Poussay,88
88358,88550,Pouxeux,88
88360,88260,Provenchères-lès-Darney,88
88361,88490,Provenchères-et-Colroy,88
88362,88210,Le Puid,88
88363,88630,Punerot,88
88365,88270,Racécourt,88
88366,88170,Rainville,88
88367,88700,Rambervillers,88
88369,88160,Ramonchamp,88
88371,88220,Raon-aux-Bois,88
88372,88110,Raon-l'Étape,88
88373,88110,Raon-sur-Plaine,88
88374,88130,Rapey,88
88375,88520,Raves,88
88376,88300,Rebeuville,88
88377,88410,Regnévelle,88
88378,88450,Regney,88
88379,88330,Rehaincourt,88
88380,88640,Rehaupal,88
88381,88260,Relanges,88
88383,88200,Remiremont,88
88386,88100,Remomeix,88
88387,88170,Removille,88
88388,88390,Renauvoid,88
88389,88500,Repel,88
88390,88320,Robécourt,88
88391,88120,Rochesson,88
88392,88320,Rocourt,88
88393,88300,Rollainville,88
88394,88320,Romain-aux-Bois,88
88395,88700,Romont,88
88398,88600,Les Rouges-Eaux,88
88399,88460,Le Roulier,88
88400,88500,Rouvres-en-Xaintois,88
88401,88170,Rouvres-la-Chétive,88
88402,88700,Roville-aux-Chênes,88
88403,88500,Rozerotte,88
88404,88320,Rozières-sur-Mouzon,88
88406,88130,Rugney,88
88407,88630,Ruppes,88
88408,88360,Rupt-sur-Moselle,88
88409,88120,Saint-Amé,88
88411,88260,Saint-Baslemont,88
88412,88700,Saint-Benoît-la-Chipotte,88
88413,88100,Saint-Dié-des-Vosges,88
88415,88200,Saint-Étienne-lès-Remiremont,88
88419,88210,Saint-Jean-d'Ormont,88
88425,88700,Saint-Maurice-sur-Mortagne,88
88426,88560,Saint-Maurice-sur-Moselle,88
88427,88170,Saint-Menge,88
88428,88470,Saint-Michel-sur-Meurthe,88
88429,88200,Saint-Nabord,88
88430,88140,Saint-Ouen-lès-Parey,88
88433,88500,Saint-Prancher,88
88436,88210,Saint-Stail,88
88439,88390,Sanchey,88
88440,88170,Sandaucourt,88
88441,88260,Sans-Vallois,88
88443,88300,Sartes,88
88444,88210,Le Saulcy,88
88445,88580,Saulcy-sur-Meurthe,88
88446,88140,Saulxures-lès-Bulgnéville,88
88447,88290,Saulxures-sur-Moselotte,88
88450,88320,Senaide,88
88451,88210,Senones,88
88452,88260,Senonges,88
88453,88630,Seraumont,88
88454,88600,Sercœur,88
88455,88320,Serécourt,88
88456,88320,Serocourt,88
88457,88630,Sionne,88
88458,88130,Socourt,88
88459,88170,Soncourt,88
88460,88630,Soulosse-sous-Saint-Élophe,88
88461,88140,Suriauville,88
88462,88120,Le Syndicat,88
88463,88100,Taintrux,88
88464,88460,Tendon,88
88465,88150,Capavenir Vosges,88
88466,88800,They-sous-Montfort,88
88467,88290,Thiéfosse,88
88468,88160,Le Thillot,88
88469,88500,Thiraucourt,88
88470,88530,Le Tholy,88
88471,88410,Les Thons,88
88472,88260,Thuillières,88
88473,88320,Tignécourt,88
88474,88300,Tilleux,88
88475,88320,Tollaincourt,88
88476,88500,Totainville,88
88477,88350,Trampot,88
88478,88300,Tranqueville-Graux,88
88479,88240,Trémonzey,88
88480,88130,Ubexy,88
88481,88220,Uriménil,88
88483,88390,Uxegney,88
88484,88220,Uzemain,88
88485,88140,La Vacheresse-et-la-Rouillie,88
88486,88120,Vagney,88
88487,88340,Le Val-d'Ajol,88
88488,88270,Valfroicourt,88
88489,88270,Valleroy-aux-Saules,88
88490,88800,Valleroy-le-Sec,88
88491,88260,Les Vallois,88
88492,88230,Le Valtin,88
88493,88450,Varmonzey,88
88494,88500,Vaubexy,88
88495,88000,Vaudéville,88
88497,88330,Vaxoncourt,88
88498,88200,Vecoux,88
88499,88270,Velotte-et-Tatignécourt,88
88500,88310,Ventron,88
88501,88210,Le Vermont,88
88502,88600,Vervezelle,88
88503,88110,Vexaincourt,88
88504,88170,Vicherey,88
88505,88430,Vienville,88
88508,88270,Ville-sur-Illon,88
88509,88150,Villoncourt,88
88510,88320,Villotte,88
88511,88350,Villouxel,88
88512,88600,Viménil,88
88513,88450,Vincey,88
88514,88170,Viocourt,88
88515,88260,Vioménil,88
88516,88800,Vittel,88
88517,88260,Viviers-le-Gras,88
88518,88500,Viviers-lès-Offroicourt,88
88520,88240,Les Voivres,88
88521,88700,Vomécourt,88
88522,88500,Vomécourt-sur-Madon,88
88523,88170,Vouxey,88
88524,88140,Vrécourt,88
88525,88500,Vroville,88
88526,88520,Wisembach,88
88527,88700,Xaffévillers,88
88528,88460,Xamontarupt,88
88529,88130,Xaronval,88
88530,88220,Xertigny,88
88531,88400,Xonrupt-Longemer,88
88532,88330,Zincourt,88
89001,89460,Accolay,89
89003,89110,Montholon,89
89004,89390,Aisy-sur-Armançon,89
89005,89160,Ancy-le-Franc,89
89006,89160,Ancy-le-Libre,89
89007,89480,Andryes,89
89008,89440,Angely,89
89009,89200,Annay-la-Côte,89
89010,89310,Annay-sur-Serein,89
89011,89200,Annéot,89
89012,89440,Annoux,89
89013,89380,Appoigny,89
89014,89320,Arces-Dilo,89
89015,89270,Arcy-sur-Cure,89
89016,89160,Argentenay,89
89017,89160,Argenteuil-sur-Armançon,89
89018,89500,Armeau,89
89019,89740,Arthonnay,89
89020,89660,Asnières-sous-Bois,89
89021,89450,Asquins,89
89024,89000,Auxerre,89
89025,89200,Avallon,89
89027,89190,Bagneaux,89
89028,89430,Baon,89
89029,89400,Bassou,89
89030,89460,Bazarnes,89
89034,89800,Beine,89
89035,89210,Bellechaume,89
89036,89150,La Belliole,89
89038,89360,Bernouil,89
89039,89700,Béru,89
89040,89270,Bessy-sur-Cure,89
89041,89570,Beugnon,89
89042,89420,Bierry-les-Belles-Fontaines,89
89044,89200,Blannay,89
89045,89230,Bleigny-le-Carreau,89
89046,89220,Bléneau,89
89048,89770,Bœurs-en-Othe,89
89050,89400,Bonnard,89
89053,89113,Branches,89
89054,89150,Brannay,89
89055,89210,Brienon-sur-Armançon,89
89057,89660,Brosses,89
89059,89400,Bussy-en-Othe,89
89061,89360,Butteaux,89
89062,89360,Carisey,89
89063,89116,La Celle-Saint-Cyr,89
89064,89310,Censy,89
89066,89320,Cerisiers,89
89067,89410,Cézy,89
89068,89800,Chablis,89
89069,89770,Chailley,89
89071,89660,Chamoux,89
89072,89220,Champcevrais,89
89073,89350,Champignelles,89
89075,89300,Champlay,89
89076,89210,Champlost,89
89077,89290,Champs-sur-Yonne,89
89078,89710,Champvallon,89
89079,89300,Chamvres,89
89080,89260,La Chapelle-sur-Oreuse,89
89081,89800,La Chapelle-Vaupelteigne,89
89083,89113,Charbuy,89
89084,89580,Charentenay,89
89086,89120,Charny Orée de Puisaye,89
89087,89160,Chassignelles,89
89089,89630,Chastellux-sur-Cure,89
89091,89660,Châtel-Censoir,89
89092,89310,Châtel-Gérard,89
89095,89800,Chemilly-sur-Serein,89
89096,89250,Chemilly-sur-Yonne,89
89098,89700,Cheney,89
89099,89400,Cheny,89
89100,89690,Chéroy,89
89101,89600,Chéu,89
89104,89800,Chichée,89
89105,89400,Chichery,89
89108,89530,Chitry,89
89109,89420,Cisery,89
89111,89190,Les Clérimois,89
89112,89700,Collan,89
89113,89100,Collemiers,89
89115,89140,Compigny,89
89116,89500,Cornant,89
89117,89580,Coulangeron,89
89118,89580,Coulanges-la-Vineuse,89
89119,89480,Coulanges-sur-Yonne,89
89120,89320,Coulours,89
89122,89190,Courgenay,89
89123,89800,Courgis,89
89124,89140,Courlon-sur-Yonne,89
89125,89560,Courson-les-Carrières,89
89126,89150,Courtoin,89
89127,89100,Courtois-sur-Yonne,89
89128,89440,Coutarnoux,89
89129,89480,Crain,89
89130,89460,Deux Rivières,89
89131,89740,Cruzy-le-Châtel,89
89132,89390,Cry,89
89133,89116,Cudot,89
89134,89420,Cussy-les-Forges,89
89137,89700,Dannemoine,89
89139,89240,Diges,89
89141,89440,Dissangis,89
89142,89500,Dixmont,89
89143,89150,Dollot,89
89144,89150,Domats,89
89145,89450,Domecy-sur-Cure,89
89146,89200,Domecy-sur-le-Vault,89
89147,89130,Dracy,89
89148,89560,Druyes-les-Belles-Fontaines,89
89149,89360,Dyé,89
89150,89240,Égleny,89
89151,89500,Égriselles-le-Bocage,89
89152,89400,Épineau-les-Voves,89
89153,89700,Épineuil,89
89155,89290,Escolives-Sainte-Camille,89
89156,89210,Esnon,89
89158,89480,Étais-la-Sauvin,89
89159,89200,Étaule,89
89160,89510,Étigny,89
89161,89310,Étivey,89
89162,89140,Évry,89
89163,89110,La Ferté-Loupière,89
89165,89190,Flacy,89
89167,89113,Fleury-la-Vallée,89
89168,89800,Fleys,89
89169,89360,Flogny-la-Chapelle,89
89170,89450,Foissy-lès-Vézelay,89
89171,89190,Foissy-sur-Vanne,89
89172,89100,Fontaine-la-Gaillarde,89
89175,89800,Fontenay-près-Chablis,89
89176,89450,Fontenay-près-Vézelay,89
89177,89660,Fontenay-sous-Fouronnes,89
89181,89320,Fournaudin,89
89182,89560,Fouronnes,89
89184,89160,Fulvy,89
89189,89140,Gisy-les-Nobles,89
89194,89310,Grimault,89
89196,89110,Valravillon,89
89197,89420,Guillon,89
89198,89250,Gurgy,89
89199,89580,Gy-l'Évêque,89
89202,89290,Irancy,89
89203,89200,Island,89
89204,89440,L'Isle-sur-Serein,89
89205,89360,Jaulges,89
89206,89300,Joigny,89
89207,89310,Jouancy,89
89208,89440,Joux-la-Ville,89
89210,89160,Jully,89
89211,89700,Junay,89
89214,89190,Lailly,89
89215,89560,Lain,89
89216,89520,Lainsecq,89
89217,89130,Lalande,89
89218,89400,Laroche-Saint-Cydroine,89
89219,89570,Lasson,89
89222,89520,Levis,89
89223,89160,Lézinnes,89
89224,89800,Lichères-près-Aigremont,89
89225,89660,Lichères-sur-Yonne,89
89226,89800,Lignorelles,89
89227,89144,Ligny-le-Châtel,89
89228,89240,Lindry,89
89229,89140,Lixy,89
89230,89300,Looze,89
89232,89200,Lucy-le-Bois,89
89233,89270,Lucy-sur-Cure,89
89234,89480,Lucy-sur-Yonne,89
89236,89100,Maillot,89
89237,89270,Mailly-la-Ville,89
89238,89660,Mailly-le-Château,89
89239,89100,Malay-le-Grand,89
89240,89100,Malay-le-Petit,89
89244,89420,Marmeaux,89
89245,89500,Marsangy,89
89246,89440,Massangis,89
89248,89450,Menades,89
89251,89110,Merry-la-Vallée,89
89252,89560,Merry-Sec,89
89253,89660,Merry-sur-Yonne,89
89254,89130,Mézilles,89
89255,89140,Michery,89
89256,89580,Migé,89
89257,89400,Migennes,89
89259,89310,Môlay,89
89260,89560,Molesmes,89
89261,89190,Molinons,89
89262,89700,Molosmes,89
89263,89470,Monéteau,89
89264,89150,Montacher-Villegardin,89
89265,89230,Montigny-la-Resle,89
89266,89660,Montillot,89
89268,89250,Mont-Saint-Sulpice,89
89270,89560,Mouffy,89
89271,89310,Moulins-en-Tonnerrois,89
89272,89130,Moulins-sur-Ouanne,89
89273,89520,Moutiers-en-Puisaye,89
89274,89100,Nailly,89
89276,89570,Neuvy-Sautour,89
89277,89310,Nitry,89
89280,89390,Nuits,89
89283,89560,Ouanne,89
89284,89160,Pacy-sur-Armançon,89
89285,89140,Pailly,89
89286,89240,Parly,89
89287,89100,Paron,89
89288,89210,Paroy-en-Othe,89
89289,89300,Paroy-sur-Tholon,89
89290,89310,Pasilly,89
89292,89360,Percey,89
89296,89390,Perrigny-sur-Armançon,89
89297,89450,Pierre-Perthuis,89
89298,89330,Piffonds,89
89299,89740,Pimelles,89
89300,89420,Pisy,89
89302,89140,Plessis-Saint-Jean,89
89303,89310,Poilly-sur-Serein,89
89304,89110,Poilly-sur-Tholon,89
89306,89200,Pontaubert,89
89307,89230,Pontigny,89
89308,89190,Pont-sur-Vanne,89
89309,89140,Pont-sur-Yonne,89
89310,89260,La Postolle,89
89311,89240,Pourrain,89
89312,89440,Précy-le-Sec,89
89313,89116,Précy-sur-Vrin,89
89314,89460,Prégilbert,89
89315,89800,Préhy,89
89316,89200,Provency,89
89318,89630,Quarré-les-Tombes,89
89319,89290,Quenne,89
89321,89390,Ravières,89
89323,89700,Roffey,89
89324,89220,Rogny-les-Sept-Écluses,89
89329,89430,Rugny,89
89331,89520,Sainpuits,89
89333,89420,Saint-André-en-Terre-Plaine,89
89334,89110,Le Val d'Ocre,89
89335,89300,Saint-Aubin-sur-Yonne,89
89336,89630,Saint-Brancher,89
89337,89530,Saint-Bris-le-Vineux,89
89340,89520,Sainte-Colombe-sur-Loing,89
89341,89800,Saint-Cyr-les-Colons,89
89342,89100,Saint-Denis-lès-Sens,89
89344,89170,Saint-Fargeau,89
89346,89000,Saint-Georges-sur-Baulche,89
89347,89630,Saint-Germain-des-Champs,89
89348,89330,Saint-Julien-du-Sault,89
89349,89630,Saint-Léger-Vauban,89
89350,89330,Saint-Loup-d'Ordon,89
89351,89420,Sainte-Magnance,89
89353,89330,Saint-Martin-d'Ordon,89
89354,89100,Saint-Martin-du-Tertre,89
89355,89700,Saint-Martin-sur-Armançon,89
89359,89190,Saint-Maurice-aux-Riches-Hommes,89
89360,89110,Saint-Maurice-le-Vieil,89
89361,89110,Saint-Maurice-Thizouaille,89
89362,89270,Saint-Moré,89
89363,89460,Sainte-Pallaye,89
89367,89520,Saints-en-Puisaye,89
89368,89520,Saint-Sauveur-en-Puisaye,89
89369,89140,Saint-Sérotin,89
89371,89310,Sainte-Vertu,89
89373,89100,Saligny,89
89374,89160,Sambourg,89
89375,89420,Santigny,89
89377,89420,Sauvigny-le-Beuréal,89
89378,89200,Sauvigny-le-Bois,89
89379,89420,Savigny-en-Terre-Plaine,89
89380,89150,Savigny-sur-Clairis,89
89381,89420,Sceaux,89
89382,89250,Seignelay,89
89383,89560,Sementron,89
89384,89710,Senan,89
89385,89160,Sennevoy-le-Bas,89
89386,89160,Sennevoy-le-Haut,89
89387,89100,Sens,89
89388,89116,Sépeaux-Saint Romain,89
89390,89140,Serbonnes,89
89391,89140,Sergines,89
89392,89200,Sermizelles,89
89393,89700,Serrigny,89
89395,89190,Les Sièges,89
89397,89110,Sommecaise,89
89398,89570,Sormery,89
89400,89520,Sougères-en-Puisaye,89
89402,89570,Soumaintrain,89
89403,89160,Stigny,89
89405,89560,Les Hauts de Forterre,89
89407,89430,Tanlay,89
89408,89350,Tannerre-en-Puisaye,89
89409,89450,Tharoiseau,89
89410,89200,Tharot,89
89411,89190,Les Vallées de la Vanne,89
89412,89420,Thizy,89
89413,89430,Thorey,89
89414,89260,Thorigny-sur-Oreuse,89
89417,89700,Tissey,89
89418,89700,Tonnerre,89
89419,89130,Toucy,89
89420,89520,Treigny,89
89421,89420,Trévilly,89
89422,89430,Trichey,89
89423,89700,Tronchoy,89
89424,89460,Trucy-sur-Yonne,89
89425,89570,Turny,89
89426,89580,Val-de-Mercy,89
89427,89580,Vallan,89
89428,89150,Vallery,89
89431,89420,Vassy-sous-Pisy,89
89432,89320,Vaudeurs,89
89433,89200,Vault-de-Lugny,89
89434,89320,Vaumort,89
89436,89210,Venizy,89
89437,89230,Venouse,89
89438,89290,Venoy,89
89439,89600,Vergigny,89
89440,89330,Verlin,89
89441,89270,Vermenton,89
89442,89150,Vernoy,89
89443,89510,Véron,89
89445,89700,Vézannes,89
89446,89450,Vézelay,89
89447,89700,Vézinnes,89
89449,89340,Villeblevin,89
89450,89150,Villebougis,89
89451,89320,Villechétive,89
89452,89300,Villecien,89
89453,89240,Villefargeau,89
89456,89140,Villemanoche,89
89458,89140,Villenavotte,89
89459,89150,Villeneuve-la-Dondagre,89
89460,89340,Villeneuve-la-Guyard,89
89461,89190,Villeneuve-l'Archevêque,89
89462,89350,Villeneuve-les-Genêts,89
89463,89230,Villeneuve-Saint-Salves,89
89464,89500,Villeneuve-sur-Yonne,89
89465,89140,Villeperrot,89
89467,89140,Villethierry,89
89468,89330,Villevallier,89
89469,89260,Perceneige,89
89470,89160,Villiers-les-Hauts,89
89471,89320,Villiers-Louis,89
89472,89130,Villiers-Saint-Benoît,89
89473,89110,Villiers-sur-Tholon,89
89474,89360,Villiers-Vineux,89
89475,89740,Villon,89
89479,89290,Vincelottes,89
89480,89140,Vinneuf,89
89481,89160,Vireaux,89
89484,89710,Volgré,89
89485,89270,Voutenay-sur-Cure,89
89486,89700,Yrouerre,89
90001,90400,Andelnans,90
90002,90150,Angeot,90
90003,90170,Anjoutey,90
90004,90800,Argiésans,90
90005,90200,Auxelles-Bas,90
90006,90200,Auxelles-Haut,90
90007,90800,Banvillars,90
90008,90800,Bavilliers,90
90009,90500,Beaucourt,90
90010,90000,Belfort,90
90011,90400,Bermont,90
90012,90160,Bessoncourt,90
90013,90150,Bethonvilliers,90
90014,90100,Boron,90
90015,90400,Botans,90
90016,90110,Bourg-sous-Châtelet,90
90017,90140,Bourogne,90
90018,90140,Brebotte,90
90022,90700,Châtenois-les-Forges,90
90024,90100,Chavanatte,90
90025,90100,Chavannes-les-Grands,90
90026,90340,Chèvremont,90
90028,90100,Courtelevant,90
90029,90300,Cravanche,90
90031,90150,Cunelières,90
90032,90400,Danjoutin,90
90033,90100,Delle,90
90034,90160,Denney,90
90035,90400,Dorans,90
90036,90150,Eguenigue,90
90037,90300,Éloie,90
90039,90850,Essert,90
90041,90170,Étueffont,90
90042,90350,Évette-Salbert,90
90043,90100,Faverois,90
90044,90110,Felon,90
90045,90100,Fêche-l'Église,90
90046,90100,Florimont,90
90049,90150,Foussemagne,90
90050,90150,Frais,90
90051,90140,Froidefontaine,90
90052,90200,Giromagny,90
90053,90600,Grandvillars,90
90054,90200,Grosmagny,90
90055,90100,Grosne,90
90056,90100,Joncherey,90
90057,90300,Lachapelle-sous-Chaux,90
90058,90360,Lachapelle-sous-Rougemont,90
90059,90150,Lacollonge,90
90061,90170,Lamadeleine-Val-des-Anges,90
90062,90150,Larivière,90
90063,90100,Lebetain,90
90064,90100,Lepuix-Neuf,90
90065,90200,Lepuix,90
90067,90150,Menoncourt,90
90068,90400,Meroux,90
90069,90120,Méziré,90
90070,90500,Montbouton,90
90071,90130,Montreux-Château,90
90072,90120,Morvillars,90
90073,90400,Moval,90
90074,90340,Novillard,90
90075,90300,Offemont,90
90076,90160,Pérouse,90
90077,90130,Petit-Croix,90
90078,90360,Petitefontaine,90
90079,90170,Petitmagny,90
90080,90150,Phaffans,90
90081,90370,Réchésy,90
90082,90140,Autrechêne,90
90083,90140,Recouvrance,90
90084,90150,Reppe,90
90085,90200,Riervescemont,90
90086,90110,Romagny-sous-Rougemont,90
90087,90380,Roppe,90
90088,90200,Rougegoutte,90
90089,90110,Rougemont-le-Château,90
90090,90100,Saint-Dizier-l'Évêque,90
90091,90110,Saint-Germain-le-Châtelet,90
90093,90300,Sermamagny,90
90094,90400,Sevenans,90
90095,90100,Suarce,90
90096,90100,Thiancourt,90
90097,90400,Trévenans,90
90098,90800,Urcerey,90
90099,90300,Valdoie,90
90100,90150,Vauthiermont,90
90101,90100,Vellescot,90
90102,90200,Vescemont,90
90103,90300,Vétrigne,90
90104,90400,Vézelois,90
90105,90100,Villars-le-Sec,90
91001,91150,Abbéville-la-Rivière,91
91017,91470,Angervilliers,91
91021,91290,Arpajon,91
91022,91690,Arrancourt,91
91027,91200,Athis-Mons,91
91035,91410,Authon-la-Plaine,91
91037,91830,Auvernaux,91
91038,91580,Auvers-Saint-Georges,91
91044,91160,Ballainvilliers,91
91045,91610,Ballancourt-sur-Essonne,91
91047,91590,Baulne,91
91069,91720,Boigneville,91
91075,91150,Bois-Herpin,91
91079,91690,Boissy-la-Rivière,91
91080,91590,Boissy-le-Cutté,91
91081,91870,Boissy-le-Sec,91
91085,91790,Boissy-sous-Saint-Yon,91
91086,91070,Bondoufle,91
91093,91470,Boullay-les-Troux,91
91095,91850,Bouray-sur-Juine,91
91097,91800,Boussy-Saint-Antoine,91
91098,91150,Boutervilliers,91
91099,91820,Boutigny-sur-Essonne,91
91103,91220,Brétigny-sur-Orge,91
91106,91650,Breux-Jouy,91
91109,91150,Brières-les-Scellés,91
91111,91640,Briis-sous-Forges,91
91112,91150,Brouy,91
91114,91800,Brunoy,91
91115,91680,Bruyères-le-Châtel,91
91121,91720,Buno-Bonnevaux,91
91122,91440,Bures-sur-Yvette,91
91129,91590,Cerny,91
91130,91780,Chalo-Saint-Mars,91
91131,91740,Chalou-Moulineux,91
91132,91730,Chamarande,91
91135,91750,Champcueil,91
91136,91160,Champlan,91
91137,91150,Champmotteux,91
91145,91410,Chatignonville,91
91148,91580,Chauffour-lès-Étréchy,91
91156,91630,Cheptainville,91
91161,91380,Chilly-Mazarin,91
91174,91100,Corbeil-Essonnes,91
91175,91410,Corbreuse,91
91179,91830,Le Coudray-Montceaux,91
91180,91490,Courances,91
91182,91080,Courcouronnes,91
91184,91720,Courdimanche-sur-Essonne,91
91186,91680,Courson-Monteloup,91
91191,91560,Crosne,91
91195,91490,Dannemois,91
91198,91590,D'Huison-Longueville,91
91200,91410,Dourdan,91
91201,91210,Draveil,91
91204,91540,Écharcon,91
91207,91520,Égly,91
91215,91860,Épinay-sous-Sénart,91
91216,91360,Épinay-sur-Orge,91
91222,91660,Estouches,91
91223,91150,Étampes,91
91225,91450,Étiolles,91
91232,91590,La Ferté-Alais,91
91235,91700,Fleury-Mérogis,91
91240,91690,Fontaine-la-Rivière,91
91243,91640,Fontenay-lès-Briis,91
91244,91540,Fontenay-le-Vicomte,91
91247,91410,La Forêt-le-Roi,91
91248,91150,La Forêt-Sainte-Croix,91
91249,91470,Forges-les-Bains,91
91272,91190,Gif-sur-Yvette,91
91273,91720,Gironville-sur-Essonne,91
91274,91400,Gometz-la-Ville,91
91275,91940,Gometz-le-Châtel,91
91284,91410,Les Granges-le-Roi,91
91292,91630,Guibeville,91
91293,91590,Guigneville-sur-Essonne,91
91294,91690,Guillerval,91
91315,91760,Itteville,91
91318,91510,Janville-sur-Juine,91
91326,91260,Juvisy-sur-Orge,91
91330,91510,Lardy,91
91332,91630,Leudeville,91
91333,91310,Leuville-sur-Orge,91
91338,91470,Limours,91
91339,91310,Linas,91
91340,91090,Lisses,91
91345,91160,Longjumeau,91
91347,91310,Longpont-sur-Orge,91
91359,91720,Maisse,91
91363,91460,Marcoussis,91
91374,91150,Marolles-en-Beauce,91
91376,91630,Marolles-en-Hurepoix,91
91378,91730,Mauchamps,91
91386,91540,Mennecy,91
91393,91780,Mérobert,91
91399,91150,Mespuits,91
91405,91490,Milly-la-Forêt,91
91408,91490,Moigny-sur-École,91
91411,91470,Les Molières,91
91414,91930,Monnerville,91
91421,91230,Montgeron,91
91425,91310,Montlhéry,91
91433,91150,Morigny-Champigny,91
91434,91390,Morsang-sur-Orge,91
91435,91250,Morsang-sur-Seine,91
91441,91750,Nainville-les-Roches,91
91457,91290,La Norville,91
91463,91490,Oncy-sur-École,91
91469,91150,Ormoy-la-Rivière,91
91471,91400,Orsay,91
91473,91590,Orveau,91
91477,91120,Palaiseau,91
91479,91550,Paray-Vieille-Poste,91
91482,91470,Pecqueuse,91
91494,91220,Le Plessis-Pâté,91
91495,91410,Plessis-Saint-Benoist,91
91507,91720,Prunay-sur-Essonne,91
91508,91150,Puiselet-le-Marais,91
91511,91740,Pussay,91
91514,91480,Quincy-sous-Sénart,91
91519,91410,Richarville,91
91521,91130,Ris-Orangis,91
91526,91150,Roinvilliers,91
91533,91690,Saclas,91
91534,91400,Saclay,91
91544,91690,Saint-Cyr-la-Rivière,91
91546,91410,Saint-Cyr-sous-Dourdan,91
91547,91410,Saint-Escobille,91
91552,91180,Saint-Germain-lès-Arpajon,91
91553,91250,Saint-Germain-lès-Corbeil,91
91560,91940,Saint-Jean-de-Beauregard,91
91568,91530,Saint-Maurice-Montcouronne,91
91570,91240,Saint-Michel-sur-Orge,91
91573,91280,Saint-Pierre-du-Perray,91
91577,91250,Saintry-sur-Seine,91
91578,91910,Saint-Sulpice-de-Favières,91
91581,91650,Saint-Yon,91
91587,91160,Saulx-les-Chartreux,91
91589,91600,Savigny-sur-Orge,91
91599,91840,Soisy-sur-École,91
91600,91450,Soisy-sur-Seine,91
91602,91580,Souzy-la-Briche,91
91613,91740,Congerville-Thionville,91
91617,91250,Tigery,91
91619,91730,Torfou,91
91629,91720,Valpuiseaux,91
91630,91530,Le Val-Saint-Germain,91
91631,91480,Varennes-Jarcy,91
91634,91640,Vaugrigneuse,91
91635,91430,Vauhallan,91
91639,91820,Vayres-sur-Essonne,91
91645,91370,Verrières-le-Buisson,91
91648,91810,Vert-le-Grand,91
91649,91710,Vert-le-Petit,91
91654,91890,Videlles,91
91657,91270,Vigneux-sur-Seine,91
91659,91100,Villabé,91
91661,91140,Villebon-sur-Yvette,91
91662,91580,Villeconin,91
91665,91620,La Ville-du-Bois,91
91666,91140,Villejust,91
91667,91360,Villemoisson-sur-Orge,91
91671,91580,Villeneuve-sur-Auvers,91
91679,91190,Villiers-le-Bâcle,91
91685,91700,Villiers-sur-Orge,91
91687,91170,Viry-Châtillon,91
91689,91320,Wissous,91
91691,91330,Yerres,91
91692,91940,Les Ulis,91
92002,92160,Antony,92
92004,92600,Asnières-sur-Seine,92
92009,92270,Bois-Colombes,92
92012,92100,Boulogne-Billancourt,92
92014,92340,Bourg-la-Reine,92
92019,92290,Châtenay-Malabry,92
92022,92370,Chaville,92
92023,92140,Clamart,92
92024,92110,Clichy,92
92025,92700,Colombes,92
92026,92400,Courbevoie,92
92032,92260,Fontenay-aux-Roses,92
92033,92380,Garches,92
92035,92250,La Garenne-Colombes,92
92036,92230,Gennevilliers,92
92040,92130,Issy-les-Moulineaux,92
92044,92300,Levallois-Perret,92
92046,92240,Malakoff,92
92047,92430,Marnes-la-Coquette,92
92048,92190,Meudon,92
92049,92120,Montrouge,92
92050,92000,Nanterre,92
92051,92200,Neuilly-sur-Seine,92
92060,92350,Le Plessis-Robinson,92
92062,92800,Puteaux,92
92063,92500,Rueil-Malmaison,92
92064,92210,Saint-Cloud,92
92072,92310,Sèvres,92
92073,92150,Suresnes,92
92075,92170,Vanves,92
92076,92420,Vaucresson,92
92077,92410,Ville-d'Avray,92
92078,92390,Villeneuve-la-Garenne,92
93001,93300,Aubervilliers,93
93005,93600,Aulnay-sous-Bois,93
93006,93170,Bagnolet,93
93007,93150,Le Blanc-Mesnil,93
93008,93000,Bobigny,93
93010,93140,Bondy,93
93013,93350,Le Bourget,93
93014,93390,Clichy-sous-Bois,93
93015,93470,Coubron,93
93027,93120,La Courneuve,93
93029,93700,Drancy,93
93030,93440,Dugny,93
93031,93800,Épinay-sur-Seine,93
93032,93220,Gagny,93
93033,93460,Gournay-sur-Marne,93
93039,93450,L'Île-Saint-Denis,93
93045,93260,Les Lilas,93
93046,93190,Livry-Gargan,93
93047,93370,Montfermeil,93
93049,93360,Neuilly-Plaisance,93
93050,93330,Neuilly-sur-Marne,93
93051,93160,Noisy-le-Grand,93
93053,93130,Noisy-le-Sec,93
93055,93500,Pantin,93
93057,93320,Les Pavillons-sous-Bois,93
93059,93380,Pierrefitte-sur-Seine,93
93061,93310,Le Pré-Saint-Gervais,93
93062,93340,Le Raincy,93
93063,93230,Romainville,93
93064,93110,Rosny-sous-Bois,93
93071,93270,Sevran,93
93072,93240,Stains,93
93073,93290,Tremblay-en-France,93
93074,93410,Vaujours,93
93077,93250,Villemomble,93
93079,93430,Villetaneuse,93
94001,94480,Ablon-sur-Seine,94
94002,94140,Alfortville,94
94003,94110,Arcueil,94
94004,94470,Boissy-Saint-Léger,94
94011,94380,Bonneuil-sur-Marne,94
94015,94360,Bry-sur-Marne,94
94016,94230,Cachan,94
94017,94500,Champigny-sur-Marne,94
94018,94220,Charenton-le-Pont,94
94019,94430,Chennevières-sur-Marne,94
94021,94550,Chevilly-Larue,94
94022,94600,Choisy-le-Roi,94
94028,94000,Créteil,94
94033,94120,Fontenay-sous-Bois,94
94037,94250,Gentilly,94
94038,94240,L'Haÿ-les-Roses,94
94041,94200,Ivry-sur-Seine,94
94042,94340,Joinville-le-Pont,94
94043,94270,Le Kremlin-Bicêtre,94
94044,94450,Limeil-Brévannes,94
94046,94700,Maisons-Alfort,94
94047,94520,Mandres-les-Roses,94
94052,94130,Nogent-sur-Marne,94
94053,94880,Noiseau,94
94054,94310,Orly,94
94055,94490,Ormesson-sur-Marne,94
94058,94170,Le Perreux-sur-Marne,94
94059,94420,Le Plessis-Trévise,94
94060,94510,La Queue-en-Brie,94
94065,94150,Rungis,94
94067,94160,Saint-Mandé,94
94068,94100,Saint-Maur-des-Fossés,94
94070,94440,Santeny,94
94071,94370,Sucy-en-Brie,94
94073,94320,Thiais,94
94074,94460,Valenton,94
94075,94440,Villecresnes,94
94076,94800,Villejuif,94
94077,94290,Villeneuve-le-Roi,94
94078,94190,Villeneuve-Saint-Georges,94
94079,94350,Villiers-sur-Marne,94
94080,94300,Vincennes,94
94081,94400,Vitry-sur-Seine,94
95002,95450,Ableiges,95
95008,95510,Aincourt,95
95012,95510,Amenucourt,95
95018,95100,Argenteuil,95
95019,95400,Arnouville,95
95023,95810,Arronville,95
95024,95420,Arthies,95
95026,95270,Asnières-sur-Oise,95
95028,95570,Attainville,95
95039,95430,Auvers-sur-Oise,95
95040,95450,Avernes,95
95042,95560,Baillet-en-France,95
95046,95420,Banthelu,95
95051,95250,Beauchamp,95
95052,95260,Beaumont-sur-Oise,95
95054,95750,Le Bellay-en-Vexin,95
95056,95270,Belloy-en-France,95
95058,95340,Bernes-sur-Oise,95
95059,95810,Berville,95
95060,95550,Bessancourt,95
95061,95840,Béthemont-la-Forêt,95
95063,95870,Bezons,95
95078,95650,Boissy-l'Aillerie,95
95088,95500,Bonneuil-en-France,95
95091,95570,Bouffémont,95
95094,95720,Bouqueval,95
95101,95710,Bray-et-Lû,95
95102,95640,Bréançon,95
95110,95640,Brignancourt,95
95116,95820,Bruyères-sur-Oise,95
95119,95770,Buhy,95
95120,95430,Butry-sur-Oise,95
95127,95000,Cergy,95
95134,95660,Champagne-sur-Oise,95
95139,95420,La Chapelle-en-Vexin,95
95142,95750,Chars,95
95144,95190,Châtenay-en-France,95
95149,95270,Chaumontel,95
95151,95560,Chauvry,95
95154,95380,Chennevières-lès-Louvres,95
95157,95510,Chérence,95
95166,95420,Cléry-en-Vexin,95
95169,95450,Commeny,95
95170,95450,Condécourt,95
95176,95240,Cormeilles-en-Parisis,95
95177,95830,Cormeilles-en-Vexin,95
95181,95650,Courcelles-sur-Viosne,95
95183,95800,Courdimanche,95
95197,95170,Deuil-la-Barre,95
95199,95330,Domont,95
95203,95600,Eaubonne,95
95205,95440,Écouen,95
95210,95880,Enghien-les-Bains,95
95212,95380,Épiais-lès-Louvres,95
95213,95810,Épiais-Rhus,95
95214,95270,Épinay-Champlâtreux,95
95218,95610,Éragny,95
95219,95120,Ermont,95
95229,95460,Ézanville,95
95241,95190,Fontenay-en-Parisis,95
95250,95470,Fosses,95
95253,95450,Frémainville,95
95254,95830,Frémécourt,95
95256,95740,Frépillon,95
95257,95530,La Frette-sur-Seine,95
95258,95690,Frouville,95
95259,95450,Gadancourt,95
95268,95140,Garges-lès-Gonesse,95
95270,95420,Genainville,95
95271,95650,Génicourt,95
95277,95500,Gonesse,95
95282,95450,Gouzangrez,95
95287,95810,Grisy-les-Plâtres,95
95288,95410,Groslay,95
95295,95450,Guiry-en-Vexin,95
95298,95640,Haravilliers,95
95301,95780,Haute-Isle,95
95303,95640,Le Heaulme,95
95304,95690,Hédouville,95
95306,95220,Herblay,95
95308,95300,Hérouville-en-Vexin,95
95309,95420,Hodent,95
95313,95290,L'Isle-Adam,95
95316,95850,Jagny-sous-Bois,95
95323,95280,Jouy-le-Moutier,95
95328,95690,Labbeville,95
95341,95300,Livilliers,95
95348,95450,Longuesse,95
95351,95380,Louvres,95
95352,95270,Luzarches,95
95353,95560,Maffliers,95
95355,95420,Magny-en-Vexin,95
95365,95850,Mareil-en-France,95
95369,95580,Margency,95
95370,95640,Marines,95
95371,95670,Marly-la-Ville,95
95379,95420,Maudétour-en-Vexin,95
95387,95810,Menouville,95
95388,95180,Menucourt,95
95392,95630,Mériel,95
95394,95540,Méry-sur-Oise,95
95395,95720,Le Mesnil-Aubry,95
95409,95570,Moisselles,95
95422,95650,Montgeroult,95
95424,95370,Montigny-lès-Cormeilles,95
95426,95680,Montlignon,95
95427,95360,Montmagny,95
95428,95160,Montmorency,95
95429,95770,Montreuil-sur-Epte,95
95430,95560,Montsoult,95
95436,95260,Mours,95
95445,95590,Nerville-la-Forêt,95
95446,95690,Nesles-la-Vallée,95
95447,95640,Neuilly-en-Vexin,95
95450,95000,Neuville-sur-Oise,95
95456,95270,Noisy-sur-Oise,95
95459,95420,Nucourt,95
95462,95420,Omerville,95
95476,95520,Osny,95
95480,95620,Parmain,95
95483,95450,Le Perchay,95
95487,95340,Persan,95
95488,95220,Pierrelaye,95
95489,95350,Piscop,95
95491,95130,Le Plessis-Bouchard,95
95492,95720,Le Plessis-Gassot,95
95493,95270,Le Plessis-Luzarches,95
95500,95000,Pontoise,95
95509,95380,Puiseux-en-France,95
95510,95650,Puiseux-Pontoise,95
95523,95780,La Roche-Guyon,95
95527,95700,Roissy-en-France,95
95529,95340,Ronquerolles,95
95539,95350,Saint-Brice-sous-Forêt,95
95541,95770,Saint-Clair-sur-Epte,95
95543,95510,Saint-Cyr-en-Arthies,95
95563,95320,Saint-Leu-la-Forêt,95
95572,95310,Saint-Ouen-l'Aumône,95
95580,95470,Saint-Witz,95
95582,95110,Sannois,95
95585,95200,Sarcelles,95
95594,95270,Seugy,95
95598,95230,Soisy-sous-Montmorency,95
95604,95470,Survilliers,95
95607,95150,Taverny,95
95610,95450,Théméricourt,95
95612,95500,Le Thillay,95
95625,95450,Us,95
95627,95810,Vallangoujard,95
95628,95760,Valmondois,95
95633,95500,Vaudherland,95
95637,95490,Vauréal,95
95641,95470,Vémars,95
95651,95510,Vétheuil,95
95652,95270,Viarmes,95
95656,95510,Vienne-en-Arthies,95
95660,95570,Villaines-sous-Bois,95
95675,95380,Villeron,95
95676,95510,Villers-en-Arthies,95
95678,95840,Villiers-Adam,95
95680,95400,Villiers-le-Bel,95
95690,95420,Wy-dit-Joli-Village,95
97101,97139,Les Abymes,971
97102,97121,Anse-Bertrand,971
97103,97122,Baie-Mahault,971
97104,97123,Baillif,971
97105,97100,Basse-Terre,971
97106,97125,Bouillante,971
97107,97130,Capesterre-Belle-Eau,971
97108,97140,Capesterre-de-Marie-Galante,971
97109,97113,Gourbeyre,971
97110,97127,La Désirade,971
97111,97126,Deshaies,971
97112,97112,Grand-Bourg,971
97113,97190,Le Gosier,971
97114,97128,Goyave,971
97115,97129,Lamentin,971
97116,97111,Morne-à-l'Eau,971
97117,97160,Le Moule,971
97118,97170,Petit-Bourg,971
97119,97131,Petit-Canal,971
97120,97110,Pointe-à-Pitre,971
97121,97116,Pointe-Noire,971
97125,97118,Saint-François,971
97129,97115,Sainte-Rose,971
97130,97136,Terre-de-Bas,971
97131,97137,Terre-de-Haut,971
97132,97114,Trois-Rivières,971
97133,97141,Vieux-Fort,971
97134,97119,Vieux-Habitants,971
97201,97216,L'Ajoupa-Bouillon,972
97202,97217,Les Anses-d'Arlet,972
97203,97218,Basse-Pointe,972
97204,97221,Le Carbet,972
97205,97222,Case-Pilote,972
97206,97223,Le Diamant,972
97207,97224,Ducos,972
97208,97250,Fonds-Saint-Denis,972
97209,97200,Fort-de-France,972
97210,97240,Le François,972
97211,97218,Grand'Rivière,972
97212,97213,Gros-Morne,972
97213,97232,Le Lamentin,972
97214,97214,Le Lorrain,972
97215,97218,Macouba,972
97216,97225,Le Marigot,972
97217,97290,Le Marin,972
97218,97260,Le Morne-Rouge,972
97219,97250,Le Prêcheur,972
97220,97211,Rivière-Pilote,972
97221,97215,Rivière-Salée,972
97222,97231,Le Robert,972
97223,97270,Saint-Esprit,972
97229,97233,Schœlcher,972
97231,97229,Les Trois-Îlets,972
97232,97280,Le Vauclin,972
97233,97226,Le Morne-Vert,972
97301,97353,Régina,973
97302,97300,Cayenne,973
97303,97350,Iracoubo,973
97304,97310,Kourou,973
97305,97355,Macouria,973
97306,97318,Mana,973
97307,97351,Matoury,973
97309,97354,Remire-Montjoly,973
97310,97311,Roura,973
97311,97320,Saint-Laurent-du-Maroni,973
97312,97315,Sinnamary,973
97313,97356,Montsinéry-Tonnegrande,973
97314,97380,Ouanary,973
97352,97314,Saül,973
97353,97370,Maripasoula,973
97356,97330,Camopi,973
97357,97340,Grand-Santi,973
97358,97312,Saint-Élie,973
97360,97317,Apatou,973
97361,97319,Awala-Yalimapo,973
97362,97316,Papaichton,973
97401,97425,Les Avirons,974
97402,97412,Bras-Panon,974
97403,97414,Entre-Deux,974
97404,97427,L'Étang-Salé,974
97405,97429,Petite-Île,974
97406,97431,La Plaine-des-Palmistes,974
97408,97419,La Possession,974
97413,97416,Saint-Leu,974
97417,97442,Saint-Philippe,974
97421,97433,Salazie,974
97422,97418,Le Tampon,974
97423,97426,Les Trois-Bassins,974
97424,97413,Cilaos,974
97501,97500,Miquelon langlade,97
97502,97500,St pierre,97
97601,97630,Acoua,976
97602,97650,Bandraboua,976
97603,97660,Bandrele,976
97604,97620,Bouéni,976
97605,97670,Chiconi,976
97606,97620,Chirongui,976
97607,97660,Dembeni,976
97608,97615,Dzaoudzi,976
97609,97625,Kani-Kéli,976
97610,97600,Koungou,976
97611,97600,Mamoudzou,976
97612,97630,Mtsamboro,976
97613,97650,M'Tsangamouji,976
97614,97670,Ouangani,976
97615,97615,Pamandzi,976
97616,97640,Sada,976
97617,97680,Tsingoni,976
97701,97133,St barthelemy,97
97801,97150,St martin,97
98611,98610,Alo,98
98612,98620,Sigave,98
98613,98600,Uvea,98
98711,98760,Anaa,98
98713,98761,Arutua,98
98714,98730,Bora bora,98
98715,98704,Faaa,98
98716,98763,Fakarava,98
98717,98765,Fangatau,98
98718,98740,Fatu hiva,98
98719,98755,Gambier,98
98720,98767,Hao,98
98721,98768,Hikueru,98
98722,98705,Hitiaa o te ra,98
98723,98741,Hiva oa,98
98724,98731,Huahine,98
98725,98709,Mahina,98
98726,98769,Makemo,98
98727,98770,Manihi,98
98728,98732,Maupiti,98
98729,98728,Moorea maiao,98
98730,98772,Napuka,98
98731,98742,Nuku hiva,98
98732,98773,Nukutavake,98
98733,98711,Paea,98
98734,98712,Papara,98
98735,98714,Papeete,98
98736,98716,Pirae,98
98737,98774,Pukapuka,98
98738,98703,Punaauia,98
98739,98750,Raivavae,98
98740,98775,Rangiroa,98
98741,98751,Rapa,98
98742,98779,Reao,98
98743,98752,Rimatara,98
98744,98753,Rurutu,98
98745,98733,Tahaa,98
98746,98743,Tahuata,98
98747,98719,Taiarapu est,98
98748,98723,Taiarapu ouest,98
98749,98781,Takaroa,98
98750,98735,Taputapuatea,98
98751,98783,Tatakoto,98
98752,98726,Teva i uta,98
98753,98754,Tubuai,98
98754,98735,Tumaraa,98
98755,98784,Tureia,98
98756,98744,Ua huka,98
98757,98745,Ua pou,98
98758,98735,Uturoa,98
98801,98811,Belep,98
98802,98812,Bouloupari,98
98803,98870,Bourail,98
98804,98813,Canala,98
98805,98830,Dumbea,98
98806,98881,Farino,98
98807,98815,Hienghene,98
98808,98816,Houailou,98
98809,98832,L'Ile des pins,
98810,98817,Kaala gomen,98
98811,98859,Kone,98
98812,98850,Koumac,98
98813,98880,La Foa,
98814,98820,Lifou,98
98815,98828,Mare,98
98816,98819,Moindou,98
98817,98809,Le Mont dore,
98818,98800,Noumea,98
98819,98821,Ouegoa,98
98820,98814,Ouvea,98
98821,98840,Paita,98
98822,98822,Poindimie,98
98823,98823,Ponerihouen,98
98824,98824,Pouebo,98
98825,98825,Pouembout,98
98826,98826,Poum,98
98827,98827,Poya,98
98828,98882,Sarramea,98
98829,98829,Thio,98
98830,98831,Touho,98
98831,98833,Voh,98
98832,98834,Yate,98
98833,98818,Kouaoua,98
98901,98799,Ile de clipperton,98
99138,98000,Monaco,99


